Lote,Plaga,Larvas,E. Plagas,X,Y,Z
A41a,Opsiphanes cassina,0,EP1A41a,-90.43987599,16.20359497,129.589813
A41a,Opsiphanes cassina,0,EP2A41a,-90.44073204,16.203097,129.991302
A41a,Opsiphanes cassina,0,EP3A41a,-90.44073698,16.20212596,127.246544
A41a,Opsiphanes cassina,0,EP4A41a,-90.44166301,16.20359204,139.96904
A41a,Opsiphanes cassina,0,EP5A41a,-90.44339203,16.20357896,135.093811
A41a,Opsiphanes cassina,0,EP6A41a,-90.44251998,16.20309901,134.345078
A41a,Opsiphanes cassina,0,EP7A41a,-90.44164399,16.20262804,128.98114
A41a,Opsiphanes cassina,0,EP8A41a,-90.44428303,16.20304696,130.7276
A41a,Opsiphanes cassina,0,EP9A41a,-90.44340502,16.20256701,131.481781
A41a,Opsiphanes cassina,0,EP10A41a,-90.44251897,16.20211498,131.009689
A41a,Opsiphanes cassina,0,EP11A41a,-90.44163099,16.20164199,130.986053
A41a,Opsiphanes cassina,0,EP12A41a,-90.44513203,16.20258604,133.103989
A41a,Opsiphanes cassina,0,EP13A41a,-90.44425403,16.20211104,134.618225
A41a,Opsiphanes cassina,0,EP14A41a,-90.44336697,16.20164903,133.879333
A41a,Opsiphanes cassina,0,EP15A41a,-90.44598397,16.202076,129.249863
A41a,Opsiphanes cassina,0,EP16A41a,-90.44687698,16.20254799,126.297783
A41a,Opsiphanes cassina,0,EP17A41a,-90.446004,16.20304897,125.817375
A41a,Opsiphanes cassina,0,EP18A41a,-90.44687999,16.20352901,123.662933
A41a,Opsiphanes cassina,0,EP19A41a,-90.44513304,16.20353303,128.023315
A41a,Opsiphanes cassina,0,EP20A41a,-90.44602202,16.20403301,125.326263
A41a,Opsiphanes cassina,0,EP21A41a,-90.45053702,16.20240902,127.369743
A41a,Opsiphanes cassina,0,EP22A41a,-90.45051699,16.20340797,125.687683
A41a,Opsiphanes cassina,0,EP23A41a,-90.45049896,16.20436502,128.414963
A41a,Opsiphanes cassina,0,EP24A41a,-90.45139398,16.20386504,141.167175
A41a,Opsiphanes cassina,0,EP25A41a,-90.45228004,16.20436602,138.880692
A41a,Opsiphanes cassina,0,EP26A41a,-90.45140899,16.20286097,135.916061
A41a,Opsiphanes cassina,0,EP27A41a,-90.452245,16.20342599,136.142334
A41a,Opsiphanes cassina,0,EP28A41a,-90.45227501,16.20245101,133.081757
A41a,Opsiphanes cassina,0,EP29A41a,-90.45405599,16.20343203,134.434631
A41a,Opsiphanes cassina,0,EP30A41a,-90.45318704,16.20292601,136.127029
A41a,Opsiphanes cassina,0,EP31A41a,-90.453152,16.20395103,133.742996
A41a,Opsiphanes cassina,0,EP32A41a,-90.45402003,16.20439201,132.752258
A42a,Opsiphanes cassina,0,EP1A42a,-90.44047999,16.20001196,140.74028
A42a,Opsiphanes cassina,0,EP2A42a,-90.44046499,16.20093598,140.299408
A42a,Opsiphanes cassina,0,EP3A42a,-90.44126303,16.20054597,138.09346
A42a,Opsiphanes cassina,0,EP4A42a,-90.44208798,16.20092198,137.968231
A42a,Opsiphanes cassina,0,EP5A42a,-90.44293002,16.20045704,136.136414
A42a,Opsiphanes cassina,0,EP6A42a,-90.44372798,16.20093296,135.968216
A42a,Opsiphanes cassina,0,EP7A42a,-90.44457698,16.20045997,133.949173
A42a,Opsiphanes cassina,0,EP8A42a,-90.44540302,16.20091704,132.162888
A42a,Opsiphanes cassina,0,EP9A42a,-90.44624004,16.20045897,130.427719
A42a,Opsiphanes cassina,0,EP10A42a,-90.44623501,16.201385,131.083313
A42a,Opsiphanes cassina,0,EP11A42a,-90.44704202,16.20090798,131.342529
A42a,Opsiphanes cassina,0,EP12A42a,-90.44786504,16.20044103,130.818253
A42a,Opsiphanes cassina,0,EP13A42a,-90.44788599,16.20146002,130.506256
A42a,Opsiphanes cassina,0,EP14A42a,-90.44870599,16.20091402,129.918854
A42a,Opsiphanes cassina,0,EP15A42a,-90.44954896,16.20040901,127.304214
A42a,Opsiphanes cassina,0,EP16A42a,-90.44953899,16.20134703,128.722595
A42a,Opsiphanes cassina,0,EP17A42a,-90.45034901,16.20098602,129.107513
A42a,Opsiphanes cassina,0,EP18A42a,-90.45120698,16.20044002,126.811424
A42a,Opsiphanes cassina,0,EP19A42a,-90.45118502,16.20137603,126.293457
A42a,Opsiphanes cassina,0,EP20A42a,-90.452676,16.201285,137.715698
A42a,Opsiphanes cassina,0,EP21A42a,-90.45352299,16.20082299,134.853043
A42a,Opsiphanes cassina,0,EP22A42a,-90.45351704,16.20174902,136.451401
A42a,Opsiphanes cassina,0,EP23A42a,-90.45415297,16.201385,134.997772
A42a,Opsiphanes cassina,0,EP24A42a,-90.45412397,16.20047196,134.198563
A42a,Opsiphanes cassina,0,EP25A42a,-90.45352399,16.19996997,132.581909
A42a,Opsiphanes cassina,0,EP26A42a,-90.45115996,16.19959697,131.100067
A42a,Opsiphanes cassina,0,EP27A42a,-90.45036703,16.19997298,133.013367
A42a,Opsiphanes cassina,0,EP28A42a,-90.44952298,16.19953704,132.622147
A42a,Opsiphanes cassina,0,EP29A42a,-90.44868303,16.199991,130.012161
A42a,Opsiphanes cassina,0,EP30A42a,-90.44785196,16.19951097,126.40831
A42a,Opsiphanes cassina,0,EP31A42a,-90.44704998,16.199975,127.220963
A42a,Opsiphanes cassina,0,EP32A42a,-90.44621103,16.19959898,128.211884
A42a,Opsiphanes cassina,0,EP33A42a,-90.44538701,16.19999201,127.965294
A42a,Opsiphanes cassina,0,EP34A42a,-90.44537896,16.19904997,128.053024
A42a,Opsiphanes cassina,0,EP35A42a,-90.44455997,16.19953704,128.067734
A42a,Opsiphanes cassina,0,EP36A42a,-90.44375396,16.20008002,127.057625
A42a,Opsiphanes cassina,0,EP37A42a,-90.44374097,16.19907503,126.410286
A42a,Opsiphanes cassina,0,EP38A42a,-90.44292801,16.19953897,126.797775
A42a,Opsiphanes cassina,0,EP40A42a,-90.44209803,16.19907,125.304199
A42a,Opsiphanes cassina,0,EP41A42a,-90.44125398,16.19961801,128.15332
A42a,Opsiphanes cassina,0,EP42A42a,-90.44043398,16.199084,127.102646
A42a,Opsiphanes cassina,1,EP39A42a,-90.44208496,16.20005798,126.014267
B21a,Opsiphanes cassina,0,EP1B21a,-90.44127803,16.259241,135.287704
B21a,Opsiphanes cassina,0,EP2B21a,-90.440021,16.257414,143.901581
B21a,Opsiphanes cassina,0,EP3B21a,-90.43911399,16.256983,141.0914
B22a,Opsiphanes cassina,0,EP1B22a,-90.44248503,16.25452601,128.860352
B22a,Opsiphanes cassina,0,EP2B22a,-90.44167399,16.25406199,129.106445
B22a,Opsiphanes cassina,0,EP3B22a,-90.44167098,16.25501803,129.264435
B22a,Opsiphanes cassina,0,EP4B22a,-90.440841,16.25445401,129.897964
B22a,Opsiphanes cassina,0,EP5B22a,-90.44000398,16.25409996,128.890076
B22a,Opsiphanes cassina,0,EP6B22a,-90.44001899,16.25498903,128.625061
B22a,Opsiphanes cassina,0,EP7B22a,-90.43918096,16.25453699,128.625473
B22a,Opsiphanes cassina,0,EP8B22a,-90.43917904,16.25537996,129.297653
B22a,Opsiphanes cassina,0,EP9B22a,-90.43835888,16.2540785,0
B22a,Opsiphanes cassina,0,EP10B22a,-90.43836096,16.25508903,130.500381
B22a,Opsiphanes cassina,0,EP11B22a,-90.43755798,16.25452903,130.359344
B22a,Opsiphanes cassina,0,EP12B22a,-90.43671601,16.25409703,128.830719
B22a,Opsiphanes cassina,0,EP13B22a,-90.43670202,16.25503102,133.466843
B22a,Opsiphanes cassina,0,EP14B22a,-90.43590297,16.25456801,130.09494
B22a,Opsiphanes cassina,0,EP15B22a,-90.435174,16.25409502,129.72049
B22a,Opsiphanes cassina,0,EP16B22a,-90.44083203,16.25638504,129.843369
B22a,Opsiphanes cassina,0,EP17B22a,-90.43999099,16.255919,129.681854
B22a,Opsiphanes cassina,0,EP18B22a,-90.43832601,16.25583401,128.473663
B22a,Opsiphanes cassina,0,EP19B22a,-90.43752797,16.25545297,128.752594
B23a,Opsiphanes cassina,0,EP1B23a,-90.43302597,16.25146897,140.317398
B23a,Opsiphanes cassina,0,EP2B23a,-90.43223103,16.25190097,138.794846
B23a,Opsiphanes cassina,0,EP3B23a,-90.43137004,16.25145799,142.040146
B23a,Opsiphanes cassina,0,EP4B23a,-90.43139803,16.25238402,141.147034
B23a,Opsiphanes cassina,1,EP5B23a,-90.43056202,16.251949,147.559387
B24a,Opsiphanes cassina,0,EP1B24a,-90.43614998,16.24890896,107.788467
B24a,Opsiphanes cassina,0,EP2B24a,-90.43534297,16.248484,110.6101
B24a,Opsiphanes cassina,0,EP3B24a,-90.43534398,16.24931096,110.25473
B24a,Opsiphanes cassina,0,EP4B24a,-90.43535303,16.250324,112.369415
B24a,Opsiphanes cassina,0,EP5B24a,-90.43451903,16.24895297,116.891907
B24a,Opsiphanes cassina,0,EP6B24a,-90.43452004,16.24986098,114.844482
B24a,Opsiphanes cassina,0,EP7B24a,-90.43451602,16.25077402,113.34314
B24a,Opsiphanes cassina,0,EP8B24a,-90.43375704,16.24845601,118.933823
B24a,Opsiphanes cassina,0,EP9B24a,-90.43369601,16.24940299,119.897827
B24a,Opsiphanes cassina,0,EP10B24a,-90.43370599,16.25032299,118.519119
B24a,Opsiphanes cassina,0,EP11B24a,-90.43285598,16.24895196,122.19677
B24a,Opsiphanes cassina,2,EP12B24a,-90.43287903,16.24997296,120.865387
B24a,Opsiphanes cassina,0,EP13B24a,-90.43286503,16.25080403,121.56636
B24a,Opsiphanes cassina,0,EP14B24a,-90.43202098,16.24854201,124.334854
B24a,Opsiphanes cassina,0,EP15B24a,-90.43206297,16.24936804,123.590256
B24a,Opsiphanes cassina,0,EP16B24a,-90.43203003,16.25032299,124.299362
B24a,Opsiphanes cassina,0,EP17B24a,-90.43119301,16.248959,125.901459
B24a,Opsiphanes cassina,0,EP18B24a,-90.43118304,16.24989803,124.416946
B24a,Opsiphanes cassina,0,EP19B24a,-90.43122101,16.25077503,125.199791
B25a,Opsiphanes cassina,0,EP1B25a,-90.43626297,16.24602702,102.055717
B25a,Opsiphanes cassina,0,EP2B25a,-90.436225,16.246974,104.219955
B25a,Opsiphanes cassina,0,EP3B25a,-90.43620598,16.24789299,105.315895
B25a,Opsiphanes cassina,1,EP4B25a,-90.43540701,16.24650604,118.303764
B25a,Opsiphanes cassina,0,EP5B25a,-90.43539997,16.24752302,117.781509
B25a,Opsiphanes cassina,0,EP6B25a,-90.43459103,16.24606096,119.145866
B25a,Opsiphanes cassina,0,EP7B25a,-90.43458198,16.24698398,120.728378
B25a,Opsiphanes cassina,0,EP8B25a,-90.43455801,16.24797204,119.191406
B25a,Opsiphanes cassina,0,EP9B25a,-90.43374597,16.24651803,123.938919
B25a,Opsiphanes cassina,0,EP10B25a,-90.43375402,16.24744398,122.499657
B25a,Opsiphanes cassina,0,EP11B25a,-90.43291097,16.24598301,124.778351
B25a,Opsiphanes cassina,0,EP12B25a,-90.432932,16.24697099,124.48822
B25a,Opsiphanes cassina,1,EP13B25a,-90.432931,16.24791102,124.272423
B25a,Opsiphanes cassina,0,EP14B25a,-90.43208803,16.24742797,123.749352
B25a,Opsiphanes cassina,0,EP15B25a,-90.43122101,16.24704299,129.980194
B25a,Opsiphanes cassina,0,EP16B25a,-90.43125202,16.24789702,127.959389
B26a,Opsiphanes cassina,0,EP1B26a,-90.437735,16.24519503,126.903572
B26a,Opsiphanes cassina,0,EP2B26a,-90.43779401,16.24427796,126.311356
B26a,Opsiphanes cassina,0,EP3B26a,-90.43696404,16.24470997,125.533928
B26a,Opsiphanes cassina,0,EP4B26a,-90.43689899,16.24379198,127.191826
B26a,Opsiphanes cassina,0,EP5B26a,-90.43689203,16.24290702,127.612434
B26a,Opsiphanes cassina,0,EP6B26a,-90.43606399,16.24338797,126.407722
B26a,Opsiphanes cassina,0,EP7B26a,-90.43604798,16.242473,126.791367
B26a,Opsiphanes cassina,0,EP8B26a,-90.43532998,16.24195098,126.855598
B26a,Opsiphanes cassina,0,EP9B26a,-90.43277099,16.24154001,127.734642
B26a,Opsiphanes cassina,2,EP10B26a,-90.43356501,16.24197696,128.236694
B26a,Opsiphanes cassina,0,EP11B26a,-90.43118999,16.24159802,127.690575
B26a,Opsiphanes cassina,0,EP12B26a,-90.43193397,16.24198501,127.482735
B26a,Opsiphanes cassina,0,EP13B26a,-90.432686,16.24239396,126.924568
B26a,Opsiphanes cassina,0,EP14B26a,-90.433463,16.24284801,127.307518
B26a,Opsiphanes cassina,0,EP15B26a,-90.43117097,16.24250703,127.670525
B26a,Opsiphanes cassina,0,EP16B26a,-90.43194604,16.24292403,127.692276
B26a,Opsiphanes cassina,0,EP17B26a,-90.43283402,16.243421,127.383171
B26a,Opsiphanes cassina,0,EP18B26a,-90.43114004,16.243379,125.402191
B26a,Opsiphanes cassina,0,EP19B26a,-90.43196004,16.24382098,124.742439
B26a,Opsiphanes cassina,0,EP20B26a,-90.43278499,16.24431199,123.29464
B26a,Opsiphanes cassina,0,EP21B26a,-90.43110701,16.24419096,132.338623
B26a,Opsiphanes cassina,0,EP22B26a,-90.43183498,16.24467904,123.815903
B26a,Opsiphanes cassina,0,EP23B26a,-90.43112101,16.24521296,135.230179
B26a,Opsiphanes cassina,0,EP24B26a,-90.43200899,16.245708,136.422516
B26a,Opsiphanes cassina,0,EP25B26a,-90.43113098,16.24614897,136.120895
B26a,Opsiphanes cassina,0,EP26B26a,-90.42946198,16.24604101,136.848373
B26a,Opsiphanes cassina,0,EP27B26a,-90.43030797,16.24661199,135.221542
B26a,Opsiphanes cassina,0,EP28B26a,-90.43270804,16.24526401,139.358673
B26a,Opsiphanes cassina,0,EP29B26a,-90.43356098,16.24477199,138.504074
B26a,Opsiphanes cassina,0,EP30B26a,-90.43423397,16.24424703,140.809845
B26a,Opsiphanes cassina,0,EP31B26a,-90.43355998,16.24383599,141.68956
B26a,Opsiphanes cassina,0,EP32B26a,-90.43438903,16.24339099,142.110275
B26a,Opsiphanes cassina,0,EP33B26a,-90.43515799,16.24296402,141.648041
B26a,Opsiphanes cassina,0,EP34B26a,-90.43522898,16.24384697,141.966339
B26a,Opsiphanes cassina,0,EP35B26a,-90.43522303,16.24476101,142.674423
B38a,Opsiphanes cassina,0,EP1B38a,-90.43055004,16.21113701,98.09198
B38a,Opsiphanes cassina,0,EP2B38a,-90.43054501,16.21196598,108.017883
B38a,Opsiphanes cassina,0,EP3B38a,-90.43137196,16.21152702,119.893707
B38a,Opsiphanes cassina,0,EP4B38a,-90.43138202,16.212445,122.835693
B38a,Opsiphanes cassina,0,EP5B38a,-90.43224603,16.21214803,125.014999
B38a,Opsiphanes cassina,0,EP6B38a,-90.43299696,16.21150103,125.736183
B38a,Opsiphanes cassina,0,EP7B38a,-90.43305497,16.21242397,128.035278
B38a,Opsiphanes cassina,0,EP8B38a,-90.43386198,16.21196397,130.299026
B38a,Opsiphanes cassina,0,EP9B38a,-90.43389098,16.21289997,130.005768
B38a,Opsiphanes cassina,0,EP10B38a,-90.4347,16.21153004,131.386749
B38a,Opsiphanes cassina,0,EP11B38a,-90.43470997,16.212502,134.114395
B38a,Opsiphanes cassina,0,EP12B38a,-90.43551204,16.21198802,134.075882
B38a,Opsiphanes cassina,0,EP13B38a,-90.43552604,16.21290299,135.868042
B38a,Opsiphanes cassina,0,EP14B38a,-90.43638702,16.21152903,140.000427
B38a,Opsiphanes cassina,0,EP15B38a,-90.43635802,16.21242698,138.058167
B38a,Opsiphanes cassina,0,EP16B38a,-90.43719999,16.21299,139.933319
B38a,Opsiphanes cassina,0,EP17B38a,-90.43799099,16.21334698,140.056229
B38a,Opsiphanes cassina,0,EP18B38a,-90.43634201,16.21060199,134.18457
B38a,Opsiphanes cassina,0,EP19B38a,-90.43637001,16.20967797,133.936844
B38a,Opsiphanes cassina,0,EP20B38a,-90.43551204,16.21105202,130.313904
B38a,Opsiphanes cassina,0,EP21B38a,-90.43551799,16.21005901,129.899368
B38a,Opsiphanes cassina,0,EP22B38a,-90.43468902,16.21056402,125.637253
B38a,Opsiphanes cassina,0,EP23B38a,-90.43467703,16.20966297,125.969078
B38a,Opsiphanes cassina,0,EP24B38a,-90.43387497,16.21105604,127.682938
B38a,Opsiphanes cassina,0,EP25B38a,-90.43387698,16.21013302,128.947784
B38a,Opsiphanes cassina,0,EP26B38a,-90.43304298,16.21053996,126.68322
B38a,Opsiphanes cassina,0,EP27B38a,-90.433046,16.20960999,126.953125
B38a,Opsiphanes cassina,0,EP28B38a,-90.43220798,16.21107196,125.77282
B38a,Opsiphanes cassina,0,EP29B38a,-90.43221502,16.21014501,125.817337
B38a,Opsiphanes cassina,0,EP30B38a,-90.43222097,16.20921596,126.341454
B38a,Opsiphanes cassina,0,EP31B38a,-90.43138596,16.21062504,125.56218
B38a,Opsiphanes cassina,0,EP32B38a,-90.43136702,16.20967898,123.791641
B38a,Opsiphanes cassina,0,EP33B38a,-90.43053201,16.20923297,125.617668
B39b1,Opsiphanes cassina,0,EP1B39b1,-90.42983003,16.210791,124.596405
B39b1,Opsiphanes cassina,0,EP2B39b1,-90.42978401,16.21175702,123.644455
B39b1,Opsiphanes cassina,0,EP3B39b1,-90.42932804,16.21121102,123.309219
B39b10,Opsiphanes cassina,0,EP1B39b10,-90.42812498,16.20694203,122.594284
B39b10,Opsiphanes cassina,0,EP2B39b10,-90.42803303,16.20773898,125.120499
B39b10,Opsiphanes cassina,0,EP3B39b10,-90.42765501,16.20731402,126.454277
B39b11,Opsiphanes cassina,0,EP1B39b11,-90.427121,16.20684899,126.330338
B39b11,Opsiphanes cassina,0,EP2B39b11,-90.42705604,16.20752097,127.061256
B39b11,Opsiphanes cassina,0,EP3B39b11,-90.42667399,16.20716298,124.785751
B39b2,Opsiphanes cassina,0,EP1B39b2,-90.42881297,16.21061599,121.020287
B39b2,Opsiphanes cassina,0,EP2B39b2,-90.42870099,16.211611,123.961639
B39b2,Opsiphanes cassina,0,EP3B39b2,-90.42833797,16.21109501,125.203712
B39b3,Opsiphanes cassina,0,EP1B39b3,-90.42779901,16.210574,124.460503
B39b3,Opsiphanes cassina,0,EP2B39b3,-90.42771704,16.21154102,125.515991
B39b3,Opsiphanes cassina,0,EP3B39b3,-90.42732099,16.211021,125.966797
B39b4,Opsiphanes cassina,0,EP1B39b4,-90.43003203,16.208719,128.624893
B39b4,Opsiphanes cassina,0,EP2B39b4,-90.42995802,16.20965802,128.54129
B39b4,Opsiphanes cassina,0,EP3B39b4,-90.42960204,16.209137,126.681114
B39b5,Opsiphanes cassina,0,EP1B39b5,-90.42901003,16.20874196,136.447876
B39b5,Opsiphanes cassina,0,EP2B39b5,-90.42891003,16.20950799,135.562241
B39b5,Opsiphanes cassina,0,EP3B39b5,-90.42855003,16.20901303,138.201508
B39b6,Opsiphanes cassina,0,EP1B39b6,-90.42800998,16.20857399,137.554932
B39b6,Opsiphanes cassina,0,EP2B39b6,-90.42793396,16.20945401,134.657806
B39b6,Opsiphanes cassina,0,EP3B39b6,-90.42756499,16.20897397,129.382187
B39b7,Opsiphanes cassina,0,EP1B39b7,-90.427035,16.20845002,127.762611
B39b7,Opsiphanes cassina,0,EP2B39b7,-90.42692503,16.20932702,126.674805
B39b7,Opsiphanes cassina,0,EP3B39b7,-90.42659,16.20884104,123.728477
B39b8,Opsiphanes cassina,0,EP1B39b8,-90.43015902,16.207095,128.808868
B39b8,Opsiphanes cassina,0,EP2B39b8,-90.43008601,16.207741,129.295609
B39b8,Opsiphanes cassina,0,EP3B39b8,-90.429638,16.20737102,128.393707
B39b9,Opsiphanes cassina,0,EP1B39b9,-90.42911598,16.20699199,125.707626
B39b9,Opsiphanes cassina,0,EP2B39b9,-90.42802298,16.20774896,121.848412
B39b9,Opsiphanes cassina,0,EP3B39b9,-90.42862999,16.20740396,124.726471
B41a,Opsiphanes cassina,0,EP1B41a,-90.43889204,16.20228798,149.397354
B41a,Opsiphanes cassina,0,EP2B41a,-90.43800297,16.20288502,141.731171
B41a,Opsiphanes cassina,0,EP3B41a,-90.43802803,16.20376898,140.386612
B41a,Opsiphanes cassina,0,EP4B41a,-90.43716503,16.20231003,139.344406
B41a,Opsiphanes cassina,0,EP5B41a,-90.43718004,16.20327897,132.84079
B41a,Opsiphanes cassina,0,EP6B41a,-90.43715397,16.20407903,136.036392
B41a,Opsiphanes cassina,0,EP7B41a,-90.43628301,16.20281101,134.51973
B41a,Opsiphanes cassina,0,EP8B41a,-90.43628401,16.20376102,133.472458
B41a,Opsiphanes cassina,0,EP9B41a,-90.435391,16.202406,134.000488
B41a,Opsiphanes cassina,0,EP10B41a,-90.43541003,16.20328601,135.648636
B41a,Opsiphanes cassina,0,EP11B41a,-90.43542797,16.20428002,135.927872
B41a,Opsiphanes cassina,0,EP12B41a,-90.43450998,16.20281403,135.646973
B41a,Opsiphanes cassina,0,EP13B41a,-90.43455097,16.20380502,136.520828
B41a,Opsiphanes cassina,0,EP14B41a,-90.43365503,16.202335,133.856369
B41a,Opsiphanes cassina,0,EP15B41a,-90.43366198,16.20339599,137.780975
B41a,Opsiphanes cassina,0,EP16B41a,-90.43366802,16.20412898,137.883148
B41a,Opsiphanes cassina,0,EP17B41a,-90.43275003,16.20290698,132.808899
B41a,Opsiphanes cassina,0,EP18B41a,-90.43279999,16.20392597,139.094543
B41a,Opsiphanes cassina,0,EP19B41a,-90.43188301,16.20234598,132.577713
B41a,Opsiphanes cassina,0,EP20B41a,-90.43192098,16.20336497,142.149475
B42a,Opsiphanes cassina,0,EP1B42a,-90.43911802,16.19957501,133.403809
B42a,Opsiphanes cassina,0,EP2B42a,-90.43912799,16.20056902,132.766068
B42a,Opsiphanes cassina,0,EP3B42a,-90.43912699,16.20154602,130.378799
B42a,Opsiphanes cassina,0,EP4B42a,-90.43825904,16.20007097,130.716049
B42a,Opsiphanes cassina,0,EP5B42a,-90.43824797,16.20104997,132.032349
B42a,Opsiphanes cassina,0,EP6B42a,-90.437347,16.19958901,132.333282
B42a,Opsiphanes cassina,0,EP7B42a,-90.43735899,16.20055896,130.851257
B42a,Opsiphanes cassina,0,EP8B42a,-90.43735103,16.20146697,131.978088
B42a,Opsiphanes cassina,0,EP9B42a,-90.43647797,16.20008304,131.294617
B42a,Opsiphanes cassina,0,EP10B42a,-90.43648903,16.20106498,131.261307
B42a,Opsiphanes cassina,0,EP11B42a,-90.43561899,16.19968699,135.862854
B42a,Opsiphanes cassina,0,EP12B42a,-90.43559703,16.20059098,139.742218
B42a,Opsiphanes cassina,0,EP13B42a,-90.43562301,16.20155498,136.161591
B42a,Opsiphanes cassina,0,EP14B42a,-90.434701,16.20010098,137.692825
B42a,Opsiphanes cassina,0,EP15B42a,-90.43473898,16.20107998,137.115494
B42a,Opsiphanes cassina,0,EP16B42a,-90.43383599,16.19960804,137.351273
B42a,Opsiphanes cassina,0,EP17B42a,-90.43385603,16.20058796,137.904099
B42a,Opsiphanes cassina,0,EP18B42a,-90.43382602,16.20153403,135.596909
B42a,Opsiphanes cassina,0,EP19B42a,-90.43298397,16.20018002,135.039581
B42a,Opsiphanes cassina,0,EP20B42a,-90.43298699,16.20108199,134.106171
B42a,Opsiphanes cassina,0,EP21B42a,-90.43209599,16.19961801,134.959839
B42a,Opsiphanes cassina,0,EP22B42a,-90.43210404,16.20057397,133.103195
B42a,Opsiphanes cassina,0,EP23B42a,-90.43210899,16.20155197,133.244675
B43a,Opsiphanes cassina,0,EP1B43a,-90.43919203,16.19703898,138.805969
B43a,Opsiphanes cassina,0,EP2B43a,-90.43916001,16.19802,139.125122
B43a,Opsiphanes cassina,0,EP3B43a,-90.43917904,16.19892198,137.900528
B43a,Opsiphanes cassina,0,EP4B43a,-90.43828502,16.19745104,129.611465
B43a,Opsiphanes cassina,0,EP5B43a,-90.438295,16.198509,135.707016
B43a,Opsiphanes cassina,0,EP6B43a,-90.43743904,16.19697704,129.0056
B43a,Opsiphanes cassina,0,EP7B43a,-90.43741004,16.19794398,128.059189
B43a,Opsiphanes cassina,0,EP8B43a,-90.43743904,16.198954,127.590195
B43a,Opsiphanes cassina,0,EP9B43a,-90.43655802,16.19747501,130.690643
B43a,Opsiphanes cassina,0,EP10B43a,-90.43657503,16.19844203,130.133759
B43a,Opsiphanes cassina,0,EP11B43a,-90.43567096,16.19696598,134.099716
B43a,Opsiphanes cassina,0,EP12B43a,-90.43568596,16.19793501,137.436966
B43a,Opsiphanes cassina,0,EP13B43a,-90.43570197,16.19885299,135.46524
B43a,Opsiphanes cassina,0,EP14B43a,-90.43478499,16.19745397,142.533081
B43a,Opsiphanes cassina,0,EP15B43a,-90.43482003,16.19842996,146.048401
B43a,Opsiphanes cassina,0,EP16B43a,-90.43393699,16.197057,141.806976
B43a,Opsiphanes cassina,0,EP17B43a,-90.43390196,16.19792696,139.495178
B43a,Opsiphanes cassina,0,EP18B43a,-90.43395703,16.19892801,137.4086
B43a,Opsiphanes cassina,0,EP19B43a,-90.43305103,16.19745003,136.76001
B43a,Opsiphanes cassina,0,EP20B43a,-90.43305002,16.19842996,136.807816
B43a,Opsiphanes cassina,0,EP21B43a,-90.43217503,16.19696598,135.933151
B43a,Opsiphanes cassina,0,EP22B43a,-90.43217202,16.19794004,135.767593
B43a,Opsiphanes cassina,0,EP23B43a,-90.43218199,16.19885802,132.657181
C20c,Opsiphanes cassina,0,EP1C20c,-90.42339499,16.25751902,124.901527
C20c,Opsiphanes cassina,0,EP2C20c,-90.42256401,16.257342,124.560936
C20c,Opsiphanes cassina,0,EP3C20c,-90.42258203,16.25809897,123.962074
C20c,Opsiphanes cassina,0,EP4C20c,-90.42172297,16.25761298,123.605499
C20c,Opsiphanes cassina,0,EP5C20c,-90.42082803,16.25802202,122.427284
C20c,Opsiphanes cassina,0,EP6C20c,-90.41998498,16.25760301,119.143219
C20c,Opsiphanes cassina,0,EP7C20c,-90.419082,16.25810903,118.97673
C20c,Opsiphanes cassina,0,EP8C20c,-90.41813903,16.25760402,116.470184
C21b,Opsiphanes cassina,0,EP1C21b,-90.42490499,16.25487604,127.170456
C21b,Opsiphanes cassina,0,EP2C21b,-90.42492502,16.25577701,126.037529
C21b,Opsiphanes cassina,0,EP3C21b,-90.42408398,16.25525398,126.235146
C21b,Opsiphanes cassina,0,EP4C21b,-90.42408901,16.25623399,126.691887
C21b,Opsiphanes cassina,0,EP5C21b,-90.423253,16.25487101,126.626068
C21b,Opsiphanes cassina,1,EP6C21b,-90.42327798,16.255789,127.074738
C21b,Opsiphanes cassina,0,EP7C21b,-90.42327404,16.25672702,127.448532
C21c,Opsiphanes cassina,0,EP1C21c,-90.422491,16.25492902,147.82016
C21c,Opsiphanes cassina,0,EP2C21c,-90.42247399,16.25589101,148.321701
C21c,Opsiphanes cassina,0,EP3C21c,-90.42249201,16.256897,145.185791
C21c,Opsiphanes cassina,0,EP4C21c,-90.42159397,16.25542003,147.220886
C21c,Opsiphanes cassina,0,EP5C21c,-90.42160001,16.25641496,146.769608
C21c,Opsiphanes cassina,0,EP6C21c,-90.42073801,16.25492801,139.508408
C21c,Opsiphanes cassina,0,EP7C21c,-90.42073701,16.255976,138.99826
C21c,Opsiphanes cassina,0,EP8C21c,-90.42073902,16.25694897,139.655792
C21c,Opsiphanes cassina,0,EP9C21c,-90.41986001,16.25539103,141.429092
C21c,Opsiphanes cassina,0,EP10C21c,-90.41986001,16.25639602,141.28833
C21c,Opsiphanes cassina,0,EP11C21c,-90.418996,16.25493304,143.865234
C21c,Opsiphanes cassina,0,EP12C21c,-90.41897203,16.25589,142.826813
C21c,Opsiphanes cassina,0,EP13C21c,-90.41898301,16.25683397,144.65274
C21c,Opsiphanes cassina,0,EP14C21c,-90.41809998,16.255372,145.807236
C21c,Opsiphanes cassina,0,EP15C21c,-90.41814297,16.25632301,144.968628
C21d,Opsiphanes cassina,0,EP1C21d,-90.41742196,16.25737804,127.855515
C21d,Opsiphanes cassina,0,EP2C21d,-90.41744996,16.25647497,128.640976
C21d,Opsiphanes cassina,0,EP3C21d,-90.41665996,16.25690597,126.380516
C21d,Opsiphanes cassina,0,EP4C21d,-90.41743797,16.25556998,127.497498
C21d,Opsiphanes cassina,0,EP5C21d,-90.416652,16.25601397,126.329788
C21d,Opsiphanes cassina,0,EP6C21d,-90.41744401,16.25469399,125.982658
C21d,Opsiphanes cassina,0,EP7C21d,-90.41665602,16.25511602,126.069511
C21d,Opsiphanes cassina,0,EP8C21d,-90.41744501,16.253805,125.484505
C21d,Opsiphanes cassina,0,EP9C21d,-90.41664798,16.25424698,125.590233
C21d,Opsiphanes cassina,0,EP10C21d,-90.417443,16.25290898,122.445801
C21d,Opsiphanes cassina,0,EP11C21d,-90.41664496,16.253345,126.444511
C21d,Opsiphanes cassina,0,EP12C21d,-90.41743596,16.25201102,125.978188
C21d,Opsiphanes cassina,0,EP13C21d,-90.41664898,16.25247496,126.240753
C21d,Opsiphanes cassina,0,EP14C21d,-90.41663599,16.25156997,126.145363
C21d,Opsiphanes cassina,0,EP15C21d,-90.41585203,16.25202896,126.903313
C21d,Opsiphanes cassina,0,EP16C21d,-90.41582999,16.25294703,139.976395
C21d,Opsiphanes cassina,0,EP17C21d,-90.41585304,16.253833,141.123978
C21d,Opsiphanes cassina,0,EP18C21d,-90.41580099,16.25474,140.605286
C21d,Opsiphanes cassina,0,EP19C21d,-90.41586796,16.25565003,139.618546
C21d,Opsiphanes cassina,0,EP20C21d,-90.41583401,16.25653801,141.608353
C21d,Opsiphanes cassina,0,EP21C21d,-90.41501099,16.25610298,140.999344
C21d,Opsiphanes cassina,0,EP22C21d,-90.41501099,16.25517201,139.894791
C21d,Opsiphanes cassina,0,EP23C21d,-90.41503999,16.25428897,139.412537
C21d,Opsiphanes cassina,0,EP24C21d,-90.41503002,16.25340502,138.929001
C21d,Opsiphanes cassina,0,EP25C21d,-90.41424396,16.25292096,139.151688
C21d,Opsiphanes cassina,0,EP26C21d,-90.41504201,16.25244998,140.193481
C21d,Opsiphanes cassina,0,EP27C21d,-90.41426299,16.25199803,138.533356
C21d,Opsiphanes cassina,0,EP28C21d,-90.41504804,16.25156896,126.312492
C21d,Opsiphanes cassina,3,EP29C21d,-90.41504502,16.250669,126.589188
C21d,Opsiphanes cassina,0,EP30C21d,-90.414235,16.25112204,126.258957
C21d,Opsiphanes cassina,0,EP31C21d,-90.414236,16.25386996,140.85585
C21d,Opsiphanes cassina,0,EP32C21d,-90.41421102,16.25474101,140.190704
C22c,Opsiphanes cassina,0,EP1C22c,-90.422592,16.25219903,128.224197
C22c,Opsiphanes cassina,0,EP2C22c,-90.42258899,16.25314903,127.567314
C22c,Opsiphanes cassina,0,EP3C22c,-90.42258102,16.254063,127.250877
C22c,Opsiphanes cassina,0,EP4C22c,-90.42169497,16.25168396,131.338211
C22c,Opsiphanes cassina,1,EP5C22c,-90.42169699,16.25270102,129.71611
C22c,Opsiphanes cassina,0,EP6C22c,-90.42170403,16.25364499,129.343369
C22c,Opsiphanes cassina,0,EP7C22c,-90.42080699,16.25207297,130.856247
C22c,Opsiphanes cassina,0,EP8C22c,-90.42080197,16.25314903,130.161118
C22c,Opsiphanes cassina,0,EP9C22c,-90.42080197,16.25413097,130.864273
C22c,Opsiphanes cassina,0,EP10C22c,-90.41991902,16.25171497,131.369904
C22c,Opsiphanes cassina,0,EP11C22c,-90.41994198,16.25267101,131.722153
C22c,Opsiphanes cassina,0,EP12C22c,-90.41992698,16.25373702,130.381668
C22c,Opsiphanes cassina,0,EP13C22c,-90.41903397,16.25220498,132.931381
C22c,Opsiphanes cassina,0,EP14C22c,-90.41904302,16.25316203,130.963989
C22c,Opsiphanes cassina,0,EP15C22c,-90.41906901,16.25412997,130.53894
C22c,Opsiphanes cassina,0,EP16C22c,-90.41817902,16.25260698,132.252502
C22d,Opsiphanes cassina,0,EP1C22d,-90.417442,16.247764,137.026535
C22d,Opsiphanes cassina,0,EP2C22d,-90.41666701,16.24732001,134.492905
C22d,Opsiphanes cassina,0,EP3C22d,-90.41581901,16.247793,132.886215
C22d,Opsiphanes cassina,0,EP4C22d,-90.41504603,16.24734901,130.90979
C22d,Opsiphanes cassina,0,EP5C22d,-90.41422402,16.24780599,136.280838
C22d,Opsiphanes cassina,0,EP6C22d,-90.414235,16.24705296,136.460236
C22d,Opsiphanes cassina,1,EP7C22d,-90.41341701,16.24731598,137.295868
C22d,Opsiphanes cassina,0,EP8C22d,-90.41264604,16.24780599,135.303268
C22d,Opsiphanes cassina,0,EP9C22d,-90.41106798,16.24878298,129.3853
C22d,Opsiphanes cassina,0,EP10C22d,-90.411058,16.24959896,130.395416
C22d,Opsiphanes cassina,0,EP11C22d,-90.41108198,16.250497,127.716484
C22d,Opsiphanes cassina,0,EP12C22d,-90.410943,16.25144499,127.569077
C22d,Opsiphanes cassina,0,EP13C22d,-90.41106404,16.25229601,127.240173
C22d,Opsiphanes cassina,0,EP14C22d,-90.41176099,16.25460204,130.223221
C22d,Opsiphanes cassina,0,EP15C22d,-90.41255401,16.25593099,129.874283
C22d,Opsiphanes cassina,0,EP16C22d,-90.412538,16.25683196,130.091873
C22d,Opsiphanes cassina,0,EP17C22d,-90.413402,16.25725399,129.571655
C22d,Opsiphanes cassina,0,EP18C22d,-90.41347903,16.25810198,128.328781
C22d,Opsiphanes cassina,0,EP19C22d,-90.41415302,16.258637,130.115738
C22d,Opsiphanes cassina,0,EP20C22d,-90.41499599,16.25821497,130.3237
C22d,Opsiphanes cassina,0,EP21C22d,-90.41500596,16.25910597,129.705124
C22d,Opsiphanes cassina,0,EP22C22d,-90.41579202,16.25866801,129.369171
C22d,Opsiphanes cassina,0,EP23C22d,-90.41653901,16.25900103,131.579285
C22d,Opsiphanes cassina,0,EP24C22d,-90.41655703,16.25815404,134.57222
C22d,Opsiphanes cassina,0,EP25C22d,-90.41572496,16.257731,129.888916
C22d,Opsiphanes cassina,0,EP26C22d,-90.41496104,16.25727301,129.267059
C22d,Opsiphanes cassina,0,EP27C22d,-90.41425603,16.25676398,130.240326
C22d,Opsiphanes cassina,0,EP28C22d,-90.41347903,16.25630097,130.32431
C22d,Opsiphanes cassina,0,EP29C22d,-90.41347702,16.25540704,130.650986
C22d,Opsiphanes cassina,0,EP30C22d,-90.41268099,16.25495198,131.077148
C22d,Opsiphanes cassina,0,EP31C22d,-90.41331902,16.25460497,129.646744
C22d,Opsiphanes cassina,0,EP32C22d,-90.41268501,16.25408999,130.805344
C22d,Opsiphanes cassina,0,EP33C22d,-90.41176803,16.25274704,127.226654
C22d,Opsiphanes cassina,0,EP34C22d,-90.41185303,16.25192301,127.292511
C22d,Opsiphanes cassina,0,EP35C22d,-90.41187499,16.25102196,127.606689
C22d,Opsiphanes cassina,0,EP36C22d,-90.41254998,16.25140099,128.295227
C22d,Opsiphanes cassina,0,EP37C22d,-90.41186501,16.25012501,131.646561
C22d,Opsiphanes cassina,0,EP38C22d,-90.41267596,16.25055601,132.65593
C22d,Opsiphanes cassina,0,EP40C22d,-90.41268401,16.24968002,136.438202
C22d,Opsiphanes cassina,0,EP41C22d,-90.413488,16.25014002,133.685287
C22d,Opsiphanes cassina,0,EP42C22d,-90.41273003,16.24880796,133.821487
C22d,Opsiphanes cassina,0,EP43C22d,-90.41347702,16.24925396,134.445236
C22d,Opsiphanes cassina,0,EP44C22d,-90.41415101,16.249606,133.179611
C22d,Opsiphanes cassina,0,EP39C22d,-90.41187599,16.24925002,134.813126
C22d,Opsiphanes cassina,0,EP46C22d,-90.41502097,16.24916,131.707672
C22d,Opsiphanes cassina,0,EP45C22d,-90.41427498,16.24870202,132.274826
C22d,Opsiphanes cassina,0,EP47C22d,-90.41585698,16.24880796,129.494522
C22d,Opsiphanes cassina,0,EP48C22d,-90.41665703,16.24927299,134.65921
C22d,Opsiphanes cassina,0,EP49C22d,-90.41743202,16.24879397,131.449722
C22d,Opsiphanes cassina,0,EP50C22d,-90.41743403,16.25060898,132.740509
C22d,Opsiphanes cassina,0,EP51C22d,-90.41745298,16.24970097,132.442703
C22d,Opsiphanes cassina,0,EP52C22d,-90.41665502,16.25017698,135.007446
C22d,Opsiphanes cassina,0,EP53C22d,-90.41582303,16.25043699,130.090103
C22d,Opsiphanes cassina,0,EP54C22d,-90.41583904,16.24974003,130.027161
C22d,Opsiphanes cassina,0,EP55C22d,-90.41334702,16.25095599,130.924606
C22d,Opsiphanes cassina,0,EP56C22d,-90.41267596,16.252337,126.487701
C22d,Opsiphanes cassina,0,EP57C22d,-90.412683,16.25315398,127.784424
C23a,Opsiphanes cassina,0,EP1C23a,-90.42990404,16.25154197,116.39695
C23a,Opsiphanes cassina,0,EP2C23a,-90.42993799,16.25244504,119.229691
C23a,Opsiphanes cassina,0,EP3C23a,-90.42909896,16.25197599,119.507118
C23a,Opsiphanes cassina,0,EP4C23a,-90.428257,16.25152999,120.059464
C23a,Opsiphanes cassina,0,EP5C23a,-90.42825499,16.25247404,121.05645
C23a,Opsiphanes cassina,0,EP6C23a,-90.42743599,16.251992,121.905815
C23a,Opsiphanes cassina,0,EP7C23a,-90.42741998,16.25292297,121.494888
C23a,Opsiphanes cassina,0,EP8C23a,-90.42659998,16.25145698,121.68544
C23a,Opsiphanes cassina,1,EP9C23a,-90.42661398,16.252453,122.393387
C23a,Opsiphanes cassina,0,EP10C23a,-90.42660199,16.25339102,122.607468
C23a,Opsiphanes cassina,0,EP11C23a,-90.425798,16.25200901,123.335548
C23a,Opsiphanes cassina,2,EP12C23a,-90.42579599,16.25291602,124.398575
C23a,Opsiphanes cassina,0,EP13C23a,-90.42579297,16.25391296,124.007774
C23b,Opsiphanes cassina,0,EP1C23b,-90.42492896,16.25188404,130.460022
C23b,Opsiphanes cassina,0,EP2C23b,-90.42495796,16.25287897,129.613281
C23b,Opsiphanes cassina,0,EP3C23b,-90.42495302,16.25379704,128.896393
C23b,Opsiphanes cassina,0,EP4C23b,-90.42411298,16.25241796,128.485306
C23b,Opsiphanes cassina,0,EP5C23b,-90.42415104,16.25336797,127.877075
C23b,Opsiphanes cassina,0,EP6C23b,-90.42331302,16.25197498,127.961624
C23b,Opsiphanes cassina,0,EP7C23b,-90.42330497,16.25290101,127.572006
C23b,Opsiphanes cassina,0,EP8C23b,-90.42333297,16.25383099,126.743279
C23c,Opsiphanes cassina,0,EP1C23c,-90.42288504,16.24941004,156.376801
C23c,Opsiphanes cassina,0,EP2C23c,-90.42282896,16.25038904,149.872116
C23c,Opsiphanes cassina,0,EP3C23c,-90.42193696,16.24896797,155.757462
C23c,Opsiphanes cassina,0,EP4C23c,-90.42196202,16.24993701,154.515244
C23c,Opsiphanes cassina,0,EP5C23c,-90.42198298,16.25093001,152.537918
C23c,Opsiphanes cassina,0,EP6C23c,-90.42111503,16.24945102,147.818573
C23c,Opsiphanes cassina,0,EP7C23c,-90.42108997,16.25046096,148.969345
C23c,Opsiphanes cassina,0,EP8C23c,-90.42110698,16.25132304,150.302048
C23c,Opsiphanes cassina,0,EP9C23c,-90.42020702,16.24896403,146.339706
C23c,Opsiphanes cassina,0,EP10C23c,-90.42021196,16.250036,146.441269
C23c,Opsiphanes cassina,0,EP11C23c,-90.42022998,16.25091199,143.892395
C23c,Opsiphanes cassina,0,EP12C23c,-90.41934201,16.24945303,140.749023
C23c,Opsiphanes cassina,0,EP13C23c,-90.41934502,16.25043103,141.092224
C23c,Opsiphanes cassina,0,EP14C23c,-90.41934201,16.25141499,141.681946
C23c,Opsiphanes cassina,0,EP15C23c,-90.418479,16.24904701,139.611588
C23c,Opsiphanes cassina,0,EP16C23c,-90.41846903,16.24992703,138.138214
C23c,Opsiphanes cassina,0,EP17C23c,-90.41847297,16.25090503,138.16687
C24a,Opsiphanes cassina,0,EP1C24a,-90.42982399,16.24870302,157.867294
C24a,Opsiphanes cassina,0,EP2C24a,-90.42990404,16.24970298,145.938797
C24a,Opsiphanes cassina,1,EP3C24a,-90.42987999,16.25061401,146.209503
C24a,Opsiphanes cassina,0,EP4C24a,-90.42901598,16.24923502,146.808594
C24a,Opsiphanes cassina,0,EP5C24a,-90.42905001,16.25015703,145.76918
C24a,Opsiphanes cassina,0,EP6C24a,-90.428199,16.24876798,146.432281
C24a,Opsiphanes cassina,0,EP7C24a,-90.42820998,16.24970399,147.028748
C24a,Opsiphanes cassina,0,EP8C24a,-90.42820704,16.25070102,148.710266
C24a,Opsiphanes cassina,0,EP9C24a,-90.42741001,16.24924198,147.92659
C24a,Opsiphanes cassina,1,EP10C24a,-90.42738201,16.25016298,147.375916
C24a,Opsiphanes cassina,0,EP11C24a,-90.42655597,16.24869104,147.446259
C24a,Opsiphanes cassina,0,EP12C24a,-90.42656997,16.249692,145.857834
C24a,Opsiphanes cassina,0,EP13C24a,-90.426575,16.250612,144.835495
C24a,Opsiphanes cassina,0,EP14C24a,-90.42569901,16.25015703,143.98735
C24b,Opsiphanes cassina,0,EP1C24b,-90.425294,16.24934197,133.64502
C24b,Opsiphanes cassina,0,EP2C24b,-90.42447399,16.24890503,129.373886
C24b,Opsiphanes cassina,0,EP3C24b,-90.42446,16.24981396,130.583527
C24b,Opsiphanes cassina,0,EP4C24b,-90.42450903,16.25081501,130.514282
C24b,Opsiphanes cassina,0,EP5C24b,-90.42364997,16.24935698,136.598984
C24b,Opsiphanes cassina,0,EP6C24b,-90.42366598,16.25028603,137.797379
C24b,Opsiphanes cassina,0,EP7C24b,-90.42368601,16.25120401,138.76886
C24c,Opsiphanes cassina,0,EP1C24c,-90.42254297,16.24807203,145.494522
C24c,Opsiphanes cassina,1,EP2C24c,-90.42166899,16.24853698,145.616837
C24c,Opsiphanes cassina,0,EP3C24c,-90.42168198,16.24765,144.987228
C24c,Opsiphanes cassina,0,EP4C24c,-90.42081303,16.24798704,142.631577
C24c,Opsiphanes cassina,0,EP5C24c,-90.41990301,16.24854703,144.409744
C24c,Opsiphanes cassina,0,EP6C24c,-90.41992597,16.24758496,143.790588
C24c,Opsiphanes cassina,0,EP7C24c,-90.41904403,16.24807497,145.453445
C24c,Opsiphanes cassina,1,EP8C24c,-90.41817399,16.24864602,143.836426
C24c,Opsiphanes cassina,0,EP9C24c,-90.41815999,16.24761597,144.50322
C25a,Opsiphanes cassina,0,EP1C25a,-90.42631701,16.24600598,115.874748
C25a,Opsiphanes cassina,0,EP2C25a,-90.42792499,16.24605602,137.696198
C25a,Opsiphanes cassina,0,EP3C25a,-90.42962501,16.24778898,123.62001
C25a,Opsiphanes cassina,1,EP4C25a,-90.42878799,16.24741204,121.552559
C25a,Opsiphanes cassina,0,EP5C25a,-90.42879403,16.24655399,122.683929
C25a,Opsiphanes cassina,0,EP6C25a,-90.42797604,16.24785201,122.044319
C25a,Opsiphanes cassina,0,EP7C25a,-90.42797897,16.24692396,121.361893
C25a,Opsiphanes cassina,0,EP8C25a,-90.42713399,16.24741397,119.563705
C25a,Opsiphanes cassina,0,EP9C25a,-90.427135,16.24646698,119.90506
C25a,Opsiphanes cassina,1,EP10C25a,-90.42630603,16.24786902,118.463112
C25a,Opsiphanes cassina,0,EP11C25a,-90.42628901,16.24702597,116.349899
C25b,Opsiphanes cassina,0,EP1C25b,-90.42312501,16.24605803,145.429459
C25b,Opsiphanes cassina,0,EP2C25b,-90.423123,16.24696202,147.48465
C25b,Opsiphanes cassina,0,EP3C25b,-90.42228799,16.24651501,145.745819
C25b,Opsiphanes cassina,0,EP4C25b,-90.42145098,16.245995,144.340134
C25b,Opsiphanes cassina,0,EP5C25b,-90.421441,16.24700401,145.188095
C25b,Opsiphanes cassina,0,EP6C25b,-90.42062896,16.24652901,143.641449
C25b,Opsiphanes cassina,0,EP7C25b,-90.41981298,16.24599298,142.362549
C25b,Opsiphanes cassina,0,EP8C25b,-90.41980804,16.24695498,139.015747
C25b,Opsiphanes cassina,0,EP9C25b,-90.41899499,16.24649699,142.443558
C25b,Opsiphanes cassina,0,EP10C25b,-90.41812504,16.24600103,142.143707
C25b,Opsiphanes cassina,0,EP11C25b,-90.41815404,16.246916,141.478729
C25b,Opsiphanes cassina,0,EP12C25b,-90.41733798,16.24645298,132.970413
C25b,Opsiphanes cassina,0,EP13C25b,-90.41658302,16.24604101,133.867935
C25b,Opsiphanes cassina,0,EP14C25b,-90.41658796,16.24684702,133.673203
C25b,Opsiphanes cassina,0,EP15C25b,-90.41576402,16.24646899,134.235458
C25b,Opsiphanes cassina,0,EP16C25b,-90.41492399,16.24602802,138.646362
C25b,Opsiphanes cassina,0,EP17C25b,-90.41408697,16.24636598,138.674927
C25b,Opsiphanes cassina,0,EP18C25b,-90.41328399,16.24594898,141.806625
C25b,Opsiphanes cassina,0,EP19C25b,-90.41216701,16.24600103,141.316879
C25c,Opsiphanes cassina,0,EP1C25c,-90.42570798,16.24323802,132.046997
C25c,Opsiphanes cassina,0,EP2C25c,-90.425554,16.24703997,135.987732
C25c,Opsiphanes cassina,0,EP3C25c,-90.42470902,16.24660503,138.184921
C25c,Opsiphanes cassina,0,EP4C25c,-90.42472696,16.24747097,137.782852
C25c,Opsiphanes cassina,0,EP5C25c,-90.42474104,16.24837998,136.919144
C25c,Opsiphanes cassina,0,EP6C25c,-90.42386002,16.24607999,143.370438
C25c,Opsiphanes cassina,0,EP7C25c,-90.42390796,16.24709202,143.957108
C25c,Opsiphanes cassina,0,EP8C25c,-90.42395004,16.24795896,150.277176
C26a,Opsiphanes cassina,0,EP1C26a,-90.42834903,16.24516401,107.262032
C26a,Opsiphanes cassina,0,EP2C26a,-90.42833,16.244154,108.806969
C26a,Opsiphanes cassina,0,EP3C26a,-90.42835004,16.24323098,109.527145
C26a,Opsiphanes cassina,0,EP4C26a,-90.42754202,16.24464098,110.287254
C26a,Opsiphanes cassina,0,EP5C26a,-90.42751604,16.24372602,109.475533
C26a,Opsiphanes cassina,0,EP6C26a,-90.42669604,16.24510501,113.741196
C26a,Opsiphanes cassina,0,EP7C26a,-90.42670098,16.24408099,111.601814
C26b,Opsiphanes cassina,0,EP1C26b,-90.42333003,16.24322402,143.72905
C26b,Opsiphanes cassina,0,EP2C26b,-90.42339197,16.24417403,142.275909
C26b,Opsiphanes cassina,0,EP3C26b,-90.42255999,16.24372099,139.076569
C26b,Opsiphanes cassina,0,EP4C26b,-90.42173102,16.243263,137.51796
C26b,Opsiphanes cassina,0,EP5C26b,-90.42170897,16.24418803,137.44072
C26b,Opsiphanes cassina,0,EP6C26b,-90.42087598,16.24371797,133.347748
C26b,Opsiphanes cassina,0,EP7C26b,-90.420046,16.24321396,130.585953
C26b,Opsiphanes cassina,0,EP8C26b,-90.42005698,16.24421401,129.211258
C26b,Opsiphanes cassina,0,EP9C26b,-90.41922801,16.243738,128.352356
C26b,Opsiphanes cassina,0,EP10C26b,-90.41839602,16.24328798,129.119354
C26b,Opsiphanes cassina,1,EP11C26b,-90.41842704,16.24420404,128.214539
C26b,Opsiphanes cassina,0,EP12C26b,-90.41760997,16.24364496,125.924965
C26b,Opsiphanes cassina,0,EP13C26b,-90.416838,16.24331103,119.507347
C26b,Opsiphanes cassina,0,EP14C26b,-90.41684403,16.24423304,120.816605
C26b,Opsiphanes cassina,0,EP15C26b,-90.41598204,16.24374202,122.787346
C26b,Opsiphanes cassina,0,EP16C26b,-90.41516002,16.243306,123.134972
C26b,Opsiphanes cassina,0,EP17C26b,-90.41513697,16.24421401,123.917641
C26b,Opsiphanes cassina,0,EP18C26b,-90.41431597,16.243753,123.741653
C26b,Opsiphanes cassina,0,EP19C26b,-90.41346696,16.24328303,123.212135
C26b,Opsiphanes cassina,0,EP20C26b,-90.413473,16.24423102,122.525383
C26b,Opsiphanes cassina,0,EP21C26b,-90.412524,16.24383397,123.3992
C26b,Opsiphanes cassina,0,EP22C26b,-90.41253498,16.24478004,122.817001
C26b,Opsiphanes cassina,0,EP23C26b,-90.41348096,16.24512504,122.767281
C26b,Opsiphanes cassina,0,EP24C26b,-90.41430297,16.24468599,122.836655
C26b,Opsiphanes cassina,0,EP25C26b,-90.41513203,16.24514197,124.664864
C26b,Opsiphanes cassina,0,EP26C26b,-90.41595798,16.244672,122.651367
C26b,Opsiphanes cassina,0,EP27C26b,-90.41680003,16.24511699,121.656616
C26b,Opsiphanes cassina,0,EP28C26b,-90.41759497,16.24467401,126.093094
C26b,Opsiphanes cassina,0,EP29C26b,-90.418435,16.24513602,128.165924
C26b,Opsiphanes cassina,0,EP30C26b,-90.41924,16.24466102,129.905746
C26b,Opsiphanes cassina,0,EP31C26b,-90.42005296,16.24512403,129.74118
C26b,Opsiphanes cassina,0,EP32C26b,-90.42089199,16.24465004,134.519882
C26b,Opsiphanes cassina,0,EP33C26b,-90.421728,16.24519302,134.887177
C26b,Opsiphanes cassina,0,EP34C26b,-90.42255001,16.24462497,140.539078
C26b,Opsiphanes cassina,0,EP35C26b,-90.42339801,16.24510903,142.252396
C26c,Opsiphanes cassina,0,EP1C26c,-90.42571288,16.24321934,0
C26c,Opsiphanes cassina,1,EP2C26c,-90.42571301,16.24415098,131.474411
C26c,Opsiphanes cassina,0,EP3C26c,-90.42569297,16.24505698,130.990738
C26c,Opsiphanes cassina,0,EP4C26c,-90.42493097,16.24372803,132.227448
C26c,Opsiphanes cassina,1,EP5C26c,-90.42491304,16.24465498,130.398102
C26c,Opsiphanes cassina,0,EP6C26c,-90.42404501,16.24326803,130.218445
C26c,Opsiphanes cassina,0,EP7C26c,-90.42407401,16.24418803,127.394501
C26c,Opsiphanes cassina,0,EP8C26c,-90.42413503,16.24508598,128.423859
C27a,Opsiphanes cassina,0,EP1C27a,-90.43000496,16.24522202,148.400223
C27a,Opsiphanes cassina,1,EP2C27a,-90.42996003,16.24425399,148.087936
C27a,Opsiphanes cassina,0,EP3C27a,-90.42999901,16.24316996,148.299942
C27a,Opsiphanes cassina,0,EP4C27a,-90.42999197,16.24213798,146.047653
C27a,Opsiphanes cassina,0,EP5C27a,-90.42906702,16.24470703,157.190292
C27a,Opsiphanes cassina,0,EP6C27a,-90.42906904,16.24369098,139.962082
C27a,Opsiphanes cassina,0,EP7C27a,-90.42906501,16.24266403,141.214355
C27a,Opsiphanes cassina,0,EP8C27a,-90.42906803,16.24164102,143.851868
C27a,Opsiphanes cassina,0,EP9C27a,-90.42815499,16.24214997,138.352036
C27a,Opsiphanes cassina,0,EP10C27a,-90.42815298,16.24118202,137.475159
C27a,Opsiphanes cassina,1,EP11C27a,-90.42722502,16.24266302,133.502426
C27a,Opsiphanes cassina,0,EP12C27a,-90.427208,16.24161503,135.646408
C27a,Opsiphanes cassina,0,EP13C27a,-90.426331,16.24222498,132.57962
C27b,Opsiphanes cassina,0,EP1C27b,-90.42357101,16.24230604,148.290146
C27b,Opsiphanes cassina,0,EP2C27b,-90.42358702,16.24132301,146.92543
C27b,Opsiphanes cassina,0,EP3C27b,-90.42275101,16.24175803,145.034317
C27b,Opsiphanes cassina,0,EP4C27b,-90.42275403,16.24084096,145.817291
C27b,Opsiphanes cassina,0,EP5C27b,-90.42196001,16.24223496,145.726456
C27b,Opsiphanes cassina,0,EP6C27b,-90.421944,16.24131303,143.304337
C27b,Opsiphanes cassina,3,EP7C27b,-90.42115602,16.24180597,141.601364
C27b,Opsiphanes cassina,0,EP8C27b,-90.42111302,16.240861,142.005493
C27b,Opsiphanes cassina,0,EP9C27b,-90.42029704,16.24215701,133.403336
C27b,Opsiphanes cassina,0,EP10C27b,-90.42029897,16.24132301,134.41185
C27b,Opsiphanes cassina,0,EP11C27b,-90.41947503,16.24185903,132.184509
C27b,Opsiphanes cassina,3,EP12C27b,-90.41943496,16.24079201,133.666672
C27b,Opsiphanes cassina,0,EP13C27b,-90.418607,16.24223202,131.929413
C27b,Opsiphanes cassina,0,EP14C27b,-90.41862602,16.24131597,129.743073
C27b,Opsiphanes cassina,0,EP15C27b,-90.41861697,16.24039798,130.969162
C27b,Opsiphanes cassina,0,EP16C27b,-90.41782203,16.24178099,129.522034
C27b,Opsiphanes cassina,0,EP17C27b,-90.41779798,16.24086603,129.505661
C27b,Opsiphanes cassina,0,EP18C27b,-90.41690698,16.24227402,127.834412
C27b,Opsiphanes cassina,0,EP19C27b,-90.41690899,16.24136198,128.03334
C27b,Opsiphanes cassina,0,EP20C27b,-90.41692098,16.24044701,126.859718
C27b,Opsiphanes cassina,0,EP21C27b,-90.41613802,16.241782,126.994858
C27b,Opsiphanes cassina,0,EP22C27b,-90.41615596,16.240789,128.785583
C27b,Opsiphanes cassina,0,EP23C27b,-90.41534099,16.24223596,127.757675
C27b,Opsiphanes cassina,0,EP24C27b,-90.41532297,16.24134103,127.646988
C27b,Opsiphanes cassina,0,EP25C27b,-90.41533202,16.24034601,127.728378
C27b,Opsiphanes cassina,0,EP26C27b,-90.41449299,16.24187001,126.916611
C27b,Opsiphanes cassina,0,EP27C27b,-90.41448302,16.24078598,127.888046
C27b,Opsiphanes cassina,0,EP28C27b,-90.41366301,16.24227997,127.383484
C27b,Opsiphanes cassina,0,EP29C27b,-90.41369302,16.24137003,126.823975
C27b,Opsiphanes cassina,0,EP30C27b,-90.41366503,16.24052304,128.35701
C27c,Opsiphanes cassina,0,EP1C27c,-90.42584703,16.24237997,147.485458
C27c,Opsiphanes cassina,0,EP2C27c,-90.42587897,16.24136902,145.592957
C27c,Opsiphanes cassina,0,EP3C27c,-90.42508503,16.24175803,142.427582
C27c,Opsiphanes cassina,0,EP4C27c,-90.42425296,16.24229698,133.550415
C27c,Opsiphanes cassina,0,EP5C27c,-90.42425103,16.241379,136.379211
C28a,Opsiphanes cassina,0,EP1C28a,-90.42014399,16.23781401,128.759705
C28a,Opsiphanes cassina,0,EP2C28a,-90.420176,16.23861599,130.785416
C28a,Opsiphanes cassina,0,EP3C28a,-90.41932801,16.23825599,133.471085
C28a,Opsiphanes cassina,0,EP4C28a,-90.41848999,16.23783496,136.390778
C28a,Opsiphanes cassina,0,EP5C28a,-90.41851102,16.23856201,134.651581
C28a,Opsiphanes cassina,0,EP6C28a,-90.41767401,16.23824199,132.161255
C28a,Opsiphanes cassina,0,EP7C28a,-90.41681503,16.23781401,134.290649
C28a,Opsiphanes cassina,0,EP8C28a,-90.41681897,16.23863099,134.111893
C28a,Opsiphanes cassina,0,EP9C28a,-90.41599603,16.23825297,135.975388
C28a,Opsiphanes cassina,0,EP10C28a,-90.41514602,16.23780697,133.457443
C28a,Opsiphanes cassina,0,EP11C28a,-90.415185,16.23863501,135.331757
C28a,Opsiphanes cassina,0,EP12C28a,-90.41435402,16.23816798,133.258255
C28a,Opsiphanes cassina,0,EP13C28a,-90.41353997,16.23777797,152.955322
C28a,Opsiphanes cassina,0,EP14C28a,-90.41350996,16.23860501,152.575638
C28a,Opsiphanes cassina,0,EP15C28a,-90.41351901,16.23973296,151.520325
C28a,Opsiphanes cassina,0,EP16C28a,-90.41437799,16.23917297,133.4216
C28a,Opsiphanes cassina,0,EP17C28a,-90.41519699,16.23961704,134.584595
C28a,Opsiphanes cassina,0,EP18C28a,-90.41600198,16.23918403,134.406693
C28a,Opsiphanes cassina,0,EP19C28a,-90.416839,16.23963598,133.92218
C28a,Opsiphanes cassina,0,EP20C28a,-90.41767602,16.23916601,133.939575
C28a,Opsiphanes cassina,0,EP21C28a,-90.41849501,16.23962098,135.267303
C28a,Opsiphanes cassina,0,EP22C28a,-90.41933103,16.23914698,132.789886
C28a,Opsiphanes cassina,0,EP23C28a,-90.420146,16.239653,131.515717
C29a,Opsiphanes cassina,0,EP1C29a,-90.42033803,16.23512099,152.142151
C29a,Opsiphanes cassina,0,EP2C29a,-90.41955197,16.23478403,152.557983
C29a,Opsiphanes cassina,0,EP3C29a,-90.41955398,16.23572004,151.583313
C29a,Opsiphanes cassina,0,EP4C29a,-90.41871102,16.23509903,151.76738
C29a,Opsiphanes cassina,0,EP5C29a,-90.41790602,16.23569699,146.253098
C29a,Opsiphanes cassina,0,EP6C29a,-90.41711301,16.23524998,142.017166
C29a,Opsiphanes cassina,0,EP7C29a,-90.41626199,16.23477297,158.298416
C29a,Opsiphanes cassina,0,EP8C29a,-90.41631497,16.23563102,152.469727
C29a,Opsiphanes cassina,0,EP9C29a,-90.41548599,16.23515904,142.092926
C29a,Opsiphanes cassina,0,EP10C29a,-90.41466599,16.23562398,137.07869
C29a,Opsiphanes cassina,0,EP11C29a,-90.41383199,16.23518502,136.501205
C29a,Opsiphanes cassina,0,EP12C29a,-90.41257798,16.23678597,131.6315
C29a,Opsiphanes cassina,0,EP13C29a,-90.41382303,16.23701002,136.536819
C29a,Opsiphanes cassina,0,EP14C29a,-90.41383602,16.23610997,136.399017
C29a,Opsiphanes cassina,0,EP15C29a,-90.41464202,16.23664297,134.181458
C29a,Opsiphanes cassina,0,EP16C29a,-90.41548298,16.23695201,146.293533
C29a,Opsiphanes cassina,0,EP17C29a,-90.41546202,16.23631096,145.209183
C29a,Opsiphanes cassina,0,EP18C29a,-90.41631798,16.23646997,149.04364
C29a,Opsiphanes cassina,0,EP19C29a,-90.41713304,16.23701002,142.294174
C29a,Opsiphanes cassina,0,EP20C29a,-90.41709096,16.23616403,141.900986
C29a,Opsiphanes cassina,0,EP21C29a,-90.417932,16.23652303,148.230957
C29a,Opsiphanes cassina,0,EP22C29a,-90.41874404,16.237021,149.177246
C29a,Opsiphanes cassina,0,EP23C29a,-90.41874798,16.23624299,149.848465
C29a,Opsiphanes cassina,0,EP24C29a,-90.41958399,16.23655898,150.064407
C30a,Opsiphanes cassina,0,EP1C30a,-90.42060499,16.23219201,131.516388
C30a,Opsiphanes cassina,0,EP2C30a,-90.42060499,16.23311503,132.971588
C30a,Opsiphanes cassina,0,EP3C30a,-90.41974601,16.23267003,135.921539
C30a,Opsiphanes cassina,0,EP4C30a,-90.418938,16.23220702,129.612915
C30a,Opsiphanes cassina,0,EP5C30a,-90.41894102,16.23312098,128.909668
C30a,Opsiphanes cassina,0,EP6C30a,-90.418148,16.232664,128.990219
C30a,Opsiphanes cassina,0,EP7C30a,-90.41727897,16.232132,128.627304
C30a,Opsiphanes cassina,0,EP8C30a,-90.41729397,16.23304898,128.495148
C30a,Opsiphanes cassina,0,EP9C30a,-90.41645997,16.23265796,128.709106
C30a,Opsiphanes cassina,0,EP10C30a,-90.415631,16.23212404,128.518723
C30a,Opsiphanes cassina,0,EP11C30a,-90.41564399,16.23314302,128.011597
C30a,Opsiphanes cassina,0,EP12C30a,-90.41481301,16.23267196,127.65387
C30a,Opsiphanes cassina,0,EP13C30a,-90.41399896,16.23222797,128.305099
C30a,Opsiphanes cassina,0,EP14C30a,-90.41398999,16.23308402,129.282562
C30a,Opsiphanes cassina,0,EP15C30a,-90.41316303,16.23277296,129.746674
C30a,Opsiphanes cassina,0,EP16C30a,-90.41396703,16.23415204,148.223999
C30a,Opsiphanes cassina,0,EP17C30a,-90.414739,16.23370897,126.860641
C30a,Opsiphanes cassina,0,EP18C30a,-90.41566897,16.23406,127.542625
C30a,Opsiphanes cassina,0,EP19C30a,-90.416465,16.23367704,128.182358
C30a,Opsiphanes cassina,0,EP20C30a,-90.41730604,16.23406101,127.936775
C30a,Opsiphanes cassina,0,EP21C30a,-90.41812303,16.23358198,129.124313
C30a,Opsiphanes cassina,0,EP22C30a,-90.41894102,16.23405204,129.359192
C30a,Opsiphanes cassina,0,EP23C30a,-90.41977703,16.23358098,132.06102
C31a,Opsiphanes cassina,0,EP1C31a,-90.41901503,16.23156102,131.009491
C31a,Opsiphanes cassina,0,EP2C31a,-90.41736103,16.23156203,130.1987
C31a,Opsiphanes cassina,0,EP3C31a,-90.41569202,16.23154904,127.339905
C31a,Opsiphanes cassina,0,EP4C31a,-90.414035,16.23134804,128.037476
C36a,Opsiphanes cassina,0,EP1C36a,-90.41671202,16.217809,150.328079
C36a,Opsiphanes cassina,0,EP2C36a,-90.41755297,16.217837,148.780533
C36a,Opsiphanes cassina,0,EP3C36a,-90.41838898,16.21794596,147.272491
C36a,Opsiphanes cassina,0,EP4C36a,-90.41927302,16.21802299,145.522064
C36a,Opsiphanes cassina,0,EP5C36a,-90.420118,16.21804898,143.469986
C36a,Opsiphanes cassina,0,EP6C36a,-90.42099198,16.21816004,139.748932
C36d1,Opsiphanes cassina,0,EP1C36d1,-90.41578699,16.21761404,145.462692
C36d1,Opsiphanes cassina,0,EP2C36d1,-90.41494,16.21765603,147.042404
C36d1,Opsiphanes cassina,0,EP3C36d1,-90.41413601,16.217507,142.770691
C36d2,Opsiphanes cassina,0,EP1C36d2,-90.41587399,16.21648097,143.624313
C36d2,Opsiphanes cassina,0,EP2C36d2,-90.41503999,16.21657996,144.189362
C36d2,Opsiphanes cassina,0,EP3C36d2,-90.41420097,16.21653403,140.972565
C36d3,Opsiphanes cassina,0,EP1C36d3,-90.415919,16.21570799,144.048492
C36d3,Opsiphanes cassina,0,EP2C36d3,-90.41503304,16.21558604,143.574142
C36d3,Opsiphanes cassina,0,EP3C36d3,-90.41428001,16.215593,138.509216
C37a,Opsiphanes cassina,0,EP1C37a,-90.42951596,16.21272999,118.775078
C37a,Opsiphanes cassina,0,EP2C37a,-90.42952401,16.21370397,119.409454
C37a,Opsiphanes cassina,0,EP3C37a,-90.42864198,16.21321203,122.258873
C37a,Opsiphanes cassina,0,EP4C37a,-90.42776196,16.21274902,121.650734
C37b,Opsiphanes cassina,0,EP1C37b,-90.42511697,16.21315403,142.492081
C37b,Opsiphanes cassina,0,EP2C37b,-90.42424701,16.21374797,143.689636
C37b,Opsiphanes cassina,0,EP3C37b,-90.42346196,16.21406598,137.116089
C37b,Opsiphanes cassina,0,EP4C37b,-90.42346397,16.21313701,140.999329
C37b,Opsiphanes cassina,0,EP5C37b,-90.422606,16.21361998,136.06575
C37b,Opsiphanes cassina,0,EP6C37b,-90.4218,16.21311204,94.000305
C37b,Opsiphanes cassina,0,EP7C37b,-90.42097698,16.21356902,107.896141
C37b,Opsiphanes cassina,0,EP8C37b,-90.42096499,16.21273502,102.119026
C37b,Opsiphanes cassina,0,EP9C37b,-90.42014197,16.21315503,121.872917
C37b,Opsiphanes cassina,0,EP10C37b,-90.41929498,16.21364596,125.646561
C37b,Opsiphanes cassina,0,EP11C37b,-90.41930898,16.21268397,125.450989
C37b,Opsiphanes cassina,0,EP12C37b,-90.41848898,16.21323299,126.73333
C37b,Opsiphanes cassina,0,EP13C37b,-90.41763101,16.21359701,128.252197
C37b,Opsiphanes cassina,0,EP14C37b,-90.41763403,16.21261599,129.105652
C37b,Opsiphanes cassina,0,EP15C37b,-90.41680204,16.21315503,127.327026
C37b,Opsiphanes cassina,0,EP16C37b,-90.41683297,16.21223202,151.639999
C37b,Opsiphanes cassina,0,EP17C37b,-90.41597701,16.21271096,126.242081
C37b,Opsiphanes cassina,0,EP18C37b,-90.41516799,16.21224199,129.457596
C37b,Opsiphanes cassina,0,EP19C37b,-90.41603803,16.213681,125.61747
C37b,Opsiphanes cassina,0,EP20C37b,-90.41601297,16.21454903,128.759888
C37b,Opsiphanes cassina,0,EP21C37b,-90.41681897,16.214083,128.846527
C37b,Opsiphanes cassina,0,EP22C37b,-90.41684101,16.21491004,128.341827
C37b,Opsiphanes cassina,0,EP23C37b,-90.41766998,16.21453,129.7164
C37b,Opsiphanes cassina,0,EP24C37b,-90.41851999,16.21406296,130.099152
C37b,Opsiphanes cassina,0,EP25C37b,-90.41853198,16.21500702,127.815414
C37b,Opsiphanes cassina,0,EP26C37b,-90.41928702,16.21445096,129.442383
C37b,Opsiphanes cassina,0,EP27C37b,-90.41933597,16.21538303,129.606033
C37b,Opsiphanes cassina,3,EP28C37b,-90.42010903,16.214069,134.327194
C37b,Opsiphanes cassina,0,EP29C37b,-90.42013602,16.21498598,131.528595
C37b,Opsiphanes cassina,0,EP30C37b,-90.42097103,16.21456001,133.969147
C37b,Opsiphanes cassina,0,EP31C37b,-90.42096198,16.21544899,137.270782
C37b,Opsiphanes cassina,0,EP32C37b,-90.42180997,16.21407797,135.424362
C37b,Opsiphanes cassina,0,EP33C37b,-90.42180302,16.21499201,135.714035
C37b,Opsiphanes cassina,0,EP34C37b,-90.422634,16.21464098,136.068298
C37b,Opsiphanes cassina,0,EP35C37b,-90.42427098,16.21453302,136.569305
C37c,Opsiphanes cassina,0,EP1C37c,-90.41395303,16.21390798,132.257843
C37c,Opsiphanes cassina,0,EP2C37c,-90.41395202,16.21486897,130.601257
C37c,Opsiphanes cassina,0,EP3C37c,-90.41304401,16.21244199,130.863297
C37c,Opsiphanes cassina,0,EP4C37c,-90.41306002,16.21342099,130.641647
C37c,Opsiphanes cassina,0,EP5C37c,-90.41306798,16.21447996,132.15921
C37c,Opsiphanes cassina,0,EP6C37c,-90.41218403,16.21203798,131.584976
C37c,Opsiphanes cassina,0,EP7C37c,-90.41218797,16.21292202,131.486801
C37c,Opsiphanes cassina,0,EP8C37c,-90.41219903,16.21390597,130.38858
C37c,Opsiphanes cassina,0,EP9C37c,-90.41133301,16.21246101,130.919144
C37d,Opsiphanes cassina,0,EP1C37d,-90.414955,16.21493904,139.797791
C37d,Opsiphanes cassina,0,EP2C37d,-90.41443096,16.21276704,134.550812
C37d,Opsiphanes cassina,0,EP3C37d,-90.41390701,16.21256202,134.816208
C38a,Opsiphanes cassina,0,EP1C38a,-90.42610997,16.21197696,135.690109
C38a,Opsiphanes cassina,0,EP2C38a,-90.42607997,16.21289796,137.975174
C38a,Opsiphanes cassina,0,EP3C38a,-90.42612196,16.21386196,135.622009
C38a,Opsiphanes cassina,0,EP4C38a,-90.42519802,16.21045698,139.516006
C38a,Opsiphanes cassina,0,EP5C38a,-90.42521202,16.21140799,138.4496
C38a,Opsiphanes cassina,0,EP7C38a,-90.424346,16.21091296,121.668495
C38b,Opsiphanes cassina,0,EP1C38b,-90.42478999,16.21254098,123.54248
C38b,Opsiphanes cassina,0,EP2C38b,-90.42390201,16.21214803,124.669121
C38b,Opsiphanes cassina,0,EP3C38b,-90.42302401,16.21156096,130.084015
C38b,Opsiphanes cassina,0,EP4C38b,-90.42213603,16.21109401,130.481186
C38b,Opsiphanes cassina,0,EP5C38b,-90.42216,16.21212699,132.578873
C38b,Opsiphanes cassina,0,EP6C38b,-90.42127898,16.21181804,134.5634
C38b,Opsiphanes cassina,0,EP7C38b,-90.42041799,16.21117003,136.536789
C38b,Opsiphanes cassina,0,EP8C38b,-90.42043702,16.21210897,136.268982
C38b,Opsiphanes cassina,0,EP9C38b,-90.41953898,16.21168803,135.959061
C38b,Opsiphanes cassina,0,EP10C38b,-90.41863097,16.21121303,136.018829
C38b,Opsiphanes cassina,0,EP11C38b,-90.41781298,16.21165702,136.273529
C38b,Opsiphanes cassina,0,EP12C38b,-90.41692601,16.21120297,135.999969
C38b,Opsiphanes cassina,0,EP13C38b,-90.41598598,16.21074004,135.428848
C38b,Opsiphanes cassina,0,EP14C38b,-90.41602797,16.211696,133.461914
C38b,Opsiphanes cassina,0,EP15C38b,-90.41514401,16.21122804,136.932739
C38b,Opsiphanes cassina,0,EP16C38b,-90.41338901,16.21097197,131.990494
C39a,Opsiphanes cassina,0,EP1C39a,-90.42672797,16.21042999,103.891037
C39a,Opsiphanes cassina,0,EP2C39a,-90.425999,16.20884397,108.625519
C39a,Opsiphanes cassina,0,EP3C39a,-90.42597603,16.20791802,113.432678
C39b,Opsiphanes cassina,0,EP1C39b,-90.424906,16.207784,135.055771
C39b,Opsiphanes cassina,0,EP2C39b,-90.42493097,16.20972801,133.451538
C39b,Opsiphanes cassina,0,EP3C39b,-90.42400997,16.208259,136.106842
C39b,Opsiphanes cassina,0,EP4C39b,-90.424043,16.20923197,138.292145
C39b,Opsiphanes cassina,0,EP5C39b,-90.42317203,16.20776899,141.350754
C39b,Opsiphanes cassina,0,EP6C39b,-90.42316097,16.20883601,142.665833
C39b,Opsiphanes cassina,0,EP7C39b,-90.42317396,16.20972902,143.511108
C39b,Opsiphanes cassina,0,EP8C39b,-90.42226897,16.208273,139.014404
C39b,Opsiphanes cassina,0,EP9C39b,-90.42226897,16.209237,137.867188
C39b,Opsiphanes cassina,0,EP10C39b,-90.42230702,16.21029102,143.415344
C39b,Opsiphanes cassina,0,EP11C39b,-90.42138602,16.20777201,135.714752
C39b,Opsiphanes cassina,0,EP12C39b,-90.42141804,16.20876099,137.155975
C39b,Opsiphanes cassina,0,EP13C39b,-90.42141301,16.20973103,135.294449
C39b,Opsiphanes cassina,0,EP14C39b,-90.42052997,16.20827199,137.874039
C39b,Opsiphanes cassina,0,EP15C39b,-90.42052,16.20933004,139.398865
C39b,Opsiphanes cassina,0,EP16C39b,-90.42052897,16.21022497,137.094376
C39b,Opsiphanes cassina,0,EP17C39b,-90.41966203,16.20780302,139.090073
C39b,Opsiphanes cassina,0,EP18C39b,-90.41965197,16.20875001,138.461655
C39b,Opsiphanes cassina,0,EP19C39b,-90.41969799,16.20974997,137.38681
C39b,Opsiphanes cassina,0,EP20C39b,-90.41878796,16.208345,135.845551
C39b,Opsiphanes cassina,0,EP21C39b,-90.41877799,16.20922702,125.468758
C39b,Opsiphanes cassina,0,EP22C39b,-90.41877204,16.21022598,127.493073
C39b,Opsiphanes cassina,0,EP23C39b,-90.41789998,16.20781199,134.442017
C39b,Opsiphanes cassina,0,EP24C39b,-90.417918,16.20872998,131.70401
C39b,Opsiphanes cassina,0,EP25C39b,-90.41793804,16.20980898,136.669006
C39b,Opsiphanes cassina,0,EP26C39b,-90.41703497,16.20826897,134.526443
C39b,Opsiphanes cassina,0,EP27C39b,-90.41701502,16.20923096,135.550537
C39b,Opsiphanes cassina,0,EP28C39b,-90.41701402,16.21022698,135.596069
C39b,Opsiphanes cassina,0,EP29C39b,-90.41612604,16.20788299,137.579239
C39b,Opsiphanes cassina,0,EP30C39b,-90.41610902,16.20875102,136.07756
C39b,Opsiphanes cassina,0,EP31C39b,-90.416162,16.20977,136.272919
C39b,Opsiphanes cassina,0,EP32C39b,-90.41527804,16.20826696,135.020889
C39b,Opsiphanes cassina,0,EP33C39b,-90.41524904,16.20921898,136.078949
C39b,Opsiphanes cassina,0,EP34C39b,-90.41439501,16.20777201,133.989838
C39b,Opsiphanes cassina,0,EP35C39b,-90.41438503,16.20876401,133.106567
C39b,Opsiphanes cassina,0,EP36C39b,-90.41437598,16.20974201,133.695679
C39b,Opsiphanes cassina,0,EP37C39b,-90.41319304,16.20826503,134.979126
C39b,Opsiphanes cassina,0,EP38C39b,-90.41318801,16.20926097,131.789658
C40a,Opsiphanes cassina,0,EP1C40a,-90.43008802,16.20510698,125.043755
C40a,Opsiphanes cassina,0,EP2C40a,-90.43006397,16.20608197,126.922806
C40a,Opsiphanes cassina,0,EP3C40a,-90.429206,16.20558701,127.396294
C40a,Opsiphanes cassina,0,EP4C40a,-90.42830402,16.20510397,129.077591
C40a,Opsiphanes cassina,0,EP5C40a,-90.42830704,16.20610401,129.202713
C40a,Opsiphanes cassina,0,EP6C40a,-90.42745703,16.20561602,128.040985
C40a,Opsiphanes cassina,0,EP7C40a,-90.42654298,16.20513498,127.015106
C40b,Opsiphanes cassina,0,EP1C40b,-90.42543196,16.20509399,127.462547
C40b,Opsiphanes cassina,0,EP2C40b,-90.42540899,16.206333,126.212807
C40b,Opsiphanes cassina,0,EP3C40b,-90.42454096,16.20553102,131.424789
C40b,Opsiphanes cassina,0,EP4C40b,-90.42452403,16.20653199,125.579353
C40b,Opsiphanes cassina,0,EP5C40b,-90.42364502,16.20503699,138.319138
C40b,Opsiphanes cassina,0,EP6C40b,-90.42364997,16.20610904,134.141022
C40b,Opsiphanes cassina,0,EP7C40b,-90.42366103,16.20692804,128.948502
C40b,Opsiphanes cassina,0,EP8C40b,-90.42277096,16.20562096,137.317398
C40b,Opsiphanes cassina,0,EP9C40b,-90.42278403,16.20651598,134.587036
C40b,Opsiphanes cassina,0,EP10C40b,-90.42189002,16.20502199,125.100319
C40b,Opsiphanes cassina,0,EP11C40b,-90.42189999,16.20602204,134.981171
C40b,Opsiphanes cassina,0,EP12C40b,-90.42190804,16.20693399,131.681763
C40b,Opsiphanes cassina,0,EP13C40b,-90.42100799,16.20551602,123.383362
C40b,Opsiphanes cassina,0,EP14C40b,-90.42104898,16.20650701,126.709366
C40b,Opsiphanes cassina,0,EP15C40b,-90.420146,16.20503096,132.173553
C40b,Opsiphanes cassina,0,EP16C40b,-90.42015002,16.20608599,130.79837
C40b,Opsiphanes cassina,0,EP17C40b,-90.42016402,16.20692301,129.694656
C40b,Opsiphanes cassina,0,EP18C40b,-90.41926699,16.20552398,134.252747
C40b,Opsiphanes cassina,0,EP19C40b,-90.41927696,16.20652696,135.024109
C40b,Opsiphanes cassina,0,EP20C40b,-90.41837004,16.205038,136.591034
C40b,Opsiphanes cassina,0,EP21C40b,-90.41839804,16.20603796,137.655624
C40b,Opsiphanes cassina,0,EP22C40b,-90.41840298,16.20698998,134.038361
C40b,Opsiphanes cassina,0,EP23C40b,-90.41750603,16.20552801,137.996429
C40b,Opsiphanes cassina,0,EP24C40b,-90.41749598,16.20657197,138.455811
C40b,Opsiphanes cassina,0,EP25C40b,-90.41660598,16.20503398,137.46463
C40b,Opsiphanes cassina,0,EP26C40b,-90.41660003,16.206016,137.597458
C40b,Opsiphanes cassina,0,EP27C40b,-90.41660498,16.20705896,137.91217
C40b,Opsiphanes cassina,0,EP28C40b,-90.41575002,16.20554402,136.814636
C40b,Opsiphanes cassina,0,EP29C40b,-90.415746,16.20653601,137.467133
C40b,Opsiphanes cassina,0,EP30C40b,-90.414883,16.20503398,134.936325
C40b,Opsiphanes cassina,0,EP31C40b,-90.41487001,16.20601701,136.048965
C40b,Opsiphanes cassina,0,EP32C40b,-90.41488199,16.20708997,136.539886
C40b,Opsiphanes cassina,0,EP33C40b,-90.41328298,16.20503096,133.906708
C40b,Opsiphanes cassina,0,EP34C40b,-90.41327401,16.206016,134.45816
C40b,Opsiphanes cassina,0,EP35C40b,-90.41331097,16.20699903,130.986877
C41a,Opsiphanes cassina,0,EP1C41a,-90.43102596,16.20237398,134.614731
C41a,Opsiphanes cassina,0,EP2C41a,-90.43100299,16.20335097,136.555664
C41a,Opsiphanes cassina,0,EP3C41a,-90.43015701,16.202866,134.460861
C41a,Opsiphanes cassina,0,EP4C41a,-90.43013597,16.20381902,137.391129
C41a,Opsiphanes cassina,0,EP5C41a,-90.42922201,16.20237599,132.313339
C41a,Opsiphanes cassina,0,EP6C41a,-90.42927104,16.20336296,129.3806
C41a,Opsiphanes cassina,0,EP7C41a,-90.42928101,16.20424096,127.468285
C41a,Opsiphanes cassina,0,EP8C41a,-90.42839798,16.20284898,123.161911
C41a,Opsiphanes cassina,0,EP9C41a,-90.42839798,16.20382296,124.994011
C41a,Opsiphanes cassina,0,EP10C41a,-90.42750497,16.20244003,88.475914
C41a,Opsiphanes cassina,0,EP11C41a,-90.42751403,16.20333103,94.411453
C41a,Opsiphanes cassina,0,EP12C41a,-90.42749902,16.20431003,99.792809
C41a,Opsiphanes cassina,0,EP13C41a,-90.42662797,16.20285996,107.278938
C41a,Opsiphanes cassina,0,EP14C41a,-90.42662999,16.20380301,103.93325
C41b,Opsiphanes cassina,0,EP1C41b,-90.42544202,16.20230097,122.24305
C41b,Opsiphanes cassina,0,EP2C41b,-90.42542601,16.20327001,126.375732
C41b,Opsiphanes cassina,0,EP3C41b,-90.42540899,16.20421699,129.238678
C41b,Opsiphanes cassina,0,EP4C41b,-90.42456804,16.20273398,128.152985
C41b,Opsiphanes cassina,0,EP5C41b,-90.42456603,16.20378298,135.863892
C41b,Opsiphanes cassina,0,EP6C41b,-90.42365399,16.20231103,130.864075
C41b,Opsiphanes cassina,0,EP7C41b,-90.42367101,16.20327998,136.56308
C41b,Opsiphanes cassina,0,EP8C41b,-90.42364896,16.20423803,134.587234
C41b,Opsiphanes cassina,0,EP9C41b,-90.42282703,16.20290003,131.078415
C41b,Opsiphanes cassina,0,EP10C41b,-90.42279803,16.20380301,137.49617
C41b,Opsiphanes cassina,0,EP11C41b,-90.42191902,16.20241698,139.712921
C41b,Opsiphanes cassina,0,EP12C41b,-90.42190896,16.20330596,137.597809
C41b,Opsiphanes cassina,0,EP13C41b,-90.42192497,16.20428497,142.296799
C41b,Opsiphanes cassina,0,EP14C41b,-90.42101302,16.20282501,141.088562
C41b,Opsiphanes cassina,0,EP15C41b,-90.421023,16.20381701,141.87265
C41b,Opsiphanes cassina,0,EP16C41b,-90.42012496,16.20232897,141.020935
C41b,Opsiphanes cassina,0,EP17C41b,-90.42015103,16.20331502,142.666428
C41b,Opsiphanes cassina,0,EP18C41b,-90.42016603,16.20428698,143.377045
C41b,Opsiphanes cassina,0,EP19C41b,-90.41928803,16.20281998,143.532669
C41b,Opsiphanes cassina,0,EP20C41b,-90.41926799,16.20380502,143.530228
C41b,Opsiphanes cassina,0,EP21C41b,-90.41838999,16.20235797,142.835403
C41b,Opsiphanes cassina,0,EP22C41b,-90.41839401,16.20331602,141.984665
C41b,Opsiphanes cassina,0,EP23C41b,-90.418406,16.20430903,143.243942
C41b,Opsiphanes cassina,0,EP24C41b,-90.41751701,16.20285301,141.994965
C41b,Opsiphanes cassina,0,EP25C41b,-90.41752598,16.20380603,143.781357
C41b,Opsiphanes cassina,0,EP26C41b,-90.41665502,16.20235504,143.886154
C41b,Opsiphanes cassina,0,EP27C41b,-90.41663499,16.20327302,143.116455
C41b,Opsiphanes cassina,0,EP28C41b,-90.41664303,16.20432302,143.843323
C41b,Opsiphanes cassina,0,EP29C41b,-90.41576201,16.20285904,141.497772
C41b,Opsiphanes cassina,0,EP30C41b,-90.41578003,16.20383201,142.518219
C41b,Opsiphanes cassina,0,EP31C41b,-90.41492399,16.20235302,141.435196
C41b,Opsiphanes cassina,0,EP32C41b,-90.41491603,16.203356,141.550964
C41b,Opsiphanes cassina,0,EP33C41b,-90.41489197,16.20432101,141.794708
C41b,Opsiphanes cassina,0,EP34C41b,-90.41329002,16.20232402,142.55275
C41b,Opsiphanes cassina,0,EP35C41b,-90.41329497,16.20336598,143.368011
C41b,Opsiphanes cassina,0,EP36C41b,-90.41335104,16.20432604,142.886871
C42a,Opsiphanes cassina,0,EP1C42a,-90.43100802,16.19955598,115.315628
C42a,Opsiphanes cassina,0,EP2C42a,-90.43102101,16.20054698,115.383636
C42a,Opsiphanes cassina,0,EP3C42a,-90.43098397,16.20150997,121.370773
C42a,Opsiphanes cassina,0,EP4C42a,-90.43013597,16.20014003,129.187408
C42a,Opsiphanes cassina,0,EP5C42a,-90.43011703,16.20103204,125.776672
C42a,Opsiphanes cassina,0,EP6C42a,-90.42925403,16.19958599,132.49765
C42a,Opsiphanes cassina,0,EP7C42a,-90.42924698,16.20054304,136.882904
C42a,Opsiphanes cassina,0,EP8C42a,-90.42925101,16.201457,139.074905
C42a,Opsiphanes cassina,0,EP9C42a,-90.42835901,16.20008899,138.927094
C42a,Opsiphanes cassina,0,EP10C42a,-90.42838398,16.201026,139.888123
C42a,Opsiphanes cassina,0,EP11C42a,-90.427496,16.19968699,138.347168
C42a,Opsiphanes cassina,0,EP12C42a,-90.42750103,16.20055997,137.238464
C42a,Opsiphanes cassina,0,EP13C42a,-90.42751302,16.20151098,135.724609
C42a,Opsiphanes cassina,0,EP14C42a,-90.42662001,16.20008103,135.27359
C42a,Opsiphanes cassina,0,EP15C42a,-90.42661197,16.20107898,134.793243
C42b,Opsiphanes cassina,0,EP1C42b,-90.42535703,16.19978104,133.062759
C42b,Opsiphanes cassina,0,EP2C42b,-90.42540598,16.20127302,129.737289
C42b,Opsiphanes cassina,0,EP3C42b,-90.42358099,16.20156001,131.154984
C42b,Opsiphanes cassina,0,EP4C42b,-90.422706,16.20149304,132.201645
C42b,Opsiphanes cassina,0,EP5C42b,-90.42182598,16.20149103,133.290405
C42b,Opsiphanes cassina,0,EP6C42b,-90.42091898,16.20142004,126.213524
C42b,Opsiphanes cassina,0,EP7C42b,-90.42005799,16.20141601,131.164612
C42b,Opsiphanes cassina,0,EP8C42b,-90.41919197,16.20134602,133.40892
C42b,Opsiphanes cassina,0,EP9C42b,-90.41831296,16.20133404,135.595245
C42b,Opsiphanes cassina,0,EP10C42b,-90.41744602,16.20133898,139.435547
C42b,Opsiphanes cassina,0,EP11C42b,-90.41655804,16.20133203,141.329086
C42b,Opsiphanes cassina,0,EP12C42b,-90.41566302,16.20125801,140.095337
C42b,Opsiphanes cassina,0,EP13C42b,-90.41480103,16.20117797,141.75383
C42b,Opsiphanes cassina,0,EP14C42b,-90.41318701,16.20104101,141.453735
C43a,Opsiphanes cassina,0,EP1C43a,-90.43096703,16.19691501,137.949966
C43a,Opsiphanes cassina,0,EP2C43a,-90.43096301,16.197891,135.328156
C43a,Opsiphanes cassina,0,EP3C43a,-90.43099998,16.19886498,135.204361
C43a,Opsiphanes cassina,0,EP4C43a,-90.43007797,16.19740401,135.190887
C43a,Opsiphanes cassina,0,EP5C43a,-90.43012097,16.198365,134.139481
C43a,Opsiphanes cassina,0,EP6C43a,-90.42920801,16.19692298,133.793961
C43a,Opsiphanes cassina,1,EP7C43a,-90.429206,16.19788597,133.536774
C43a,Opsiphanes cassina,0,EP8C43a,-90.42919502,16.19879298,132.091888
C43a,Opsiphanes cassina,0,EP9C43a,-90.428372,16.19742698,136.797119
C43a,Opsiphanes cassina,0,EP10C43a,-90.42839597,16.19836198,133.938751
C43a,Opsiphanes cassina,0,EP11C43a,-90.42749701,16.19697897,136.693069
C43a,Opsiphanes cassina,0,EP12C43a,-90.42750296,16.19789301,136.802399
C43a,Opsiphanes cassina,0,EP13C43a,-90.42748997,16.19888099,137.892532
C43a,Opsiphanes cassina,0,EP14C43a,-90.42662303,16.19759596,139.840668
C43a,Opsiphanes cassina,0,EP15C43a,-90.42661901,16.19838503,139.355759
C43a,Opsiphanes cassina,0,EP16C43a,-90.42566498,16.196984,141.194626
C43a,Opsiphanes cassina,0,EP17C43a,-90.425668,16.197933,142.570389
C43a,Opsiphanes cassina,0,EP18C43a,-90.42567998,16.19885501,142.459473
C43b,Opsiphanes cassina,0,EP1C43b,-90.42591602,16.19330199,154.534317
C43b,Opsiphanes cassina,0,EP2C43b,-90.42418499,16.19331096,157.415344
C43b,Opsiphanes cassina,0,EP3C43b,-90.42505302,16.19379502,150.207474
C43b,Opsiphanes cassina,0,EP4C43b,-90.42412003,16.19425401,153.398102
C43b,Opsiphanes cassina,0,EP5C43b,-90.42499602,16.19473496,143.114136
C43b,Opsiphanes cassina,0,EP6C43b,-90.424115,16.19521701,146.858551
C43b,Opsiphanes cassina,0,EP7C43b,-90.425008,16.19571799,137.170166
C43b,Opsiphanes cassina,0,EP8C43b,-90.424102,16.19618101,138.957291
C43b,Opsiphanes cassina,0,EP9C43b,-90.42413,16.19716102,134.301239
C43b,Opsiphanes cassina,0,EP10C43b,-90.42415104,16.19815101,133.928268
C43b,Opsiphanes cassina,0,EP11C43b,-90.42405599,16.19915499,134.715637
C43b,Opsiphanes cassina,0,EP12C43b,-90.42414702,16.20009896,130.949615
C43c,Opsiphanes cassina,0,EP1C43c,-90.42006402,16.20067304,140.524963
C43c,Opsiphanes cassina,0,EP2C43c,-90.42004902,16.19971197,142.595901
C43c,Opsiphanes cassina,0,EP3C43c,-90.42092099,16.20021396,138.927124
C43c,Opsiphanes cassina,1,EP4C43c,-90.42003603,16.19874001,149.422012
C43c,Opsiphanes cassina,0,EP5C43c,-90.420937,16.19920797,140.973495
C43c,Opsiphanes cassina,0,EP6C43c,-90.42013401,16.19779897,151.50296
C43c,Opsiphanes cassina,0,EP7C43c,-90.42092401,16.19825,142.425461
C43c,Opsiphanes cassina,0,EP8C43c,-90.42004097,16.19677998,149.674561
C43c,Opsiphanes cassina,0,EP9C43c,-90.42092099,16.19726798,142.581238
C43c,Opsiphanes cassina,0,EP10C43c,-90.420046,16.19582503,159.486862
C43c,Opsiphanes cassina,0,EP11C43c,-90.42087204,16.19625603,147.363068
C43c,Opsiphanes cassina,0,EP12C43c,-90.41822897,16.19388998,179.304871
C43c,Opsiphanes cassina,0,EP13C43c,-90.41912399,16.19440304,173.362045
C43c,Opsiphanes cassina,0,EP14C43c,-90.42002496,16.19490202,173.631714
C43c,Opsiphanes cassina,0,EP15C43c,-90.41835797,16.19299999,180.094299
C43c,Opsiphanes cassina,0,EP16C43c,-90.41921301,16.19345203,177.686111
C43c,Opsiphanes cassina,0,EP17C43c,-90.42001298,16.19390097,167.5728
C43c,Opsiphanes cassina,0,EP18C43c,-90.42088998,16.19439902,161.765945
C43c,Opsiphanes cassina,0,EP19C43c,-90.420002,16.19293696,170.978027
C43c,Opsiphanes cassina,0,EP20C43c,-90.42088897,16.19340702,161.529434
C43c,Opsiphanes cassina,0,EP21C43c,-90.41739003,16.19340501,182.157181
C43c,Opsiphanes cassina,0,EP22C43c,-90.41653298,16.19387398,172.142334
C43c,Opsiphanes cassina,0,EP23C43c,-90.41647799,16.19290302,176.663101
C43c,Opsiphanes cassina,0,EP24C43c,-90.41564198,16.193375,168.256973
C43c,Opsiphanes cassina,0,EP25C43c,-90.41477596,16.194841,149.6474
C43c,Opsiphanes cassina,0,EP26C43c,-90.41566302,16.19434998,160.635223
C43c,Opsiphanes cassina,0,EP27C43c,-90.41566101,16.195317,152.089325
C43c,Opsiphanes cassina,0,EP28C43c,-90.41828304,16.19483697,161.469727
C43c,Opsiphanes cassina,0,EP29C43c,-90.41917403,16.19534098,161.177536
C43c,Opsiphanes cassina,0,EP30C43c,-90.41820902,16.19587298,156.662201
C43c,Opsiphanes cassina,0,EP31C43c,-90.41918702,16.19631596,164.389435
C43c,Opsiphanes cassina,0,EP32C43c,-90.41743001,16.19632401,154.278992
C43c,Opsiphanes cassina,0,EP33C43c,-90.41743303,16.19534902,160.635361
C43c,Opsiphanes cassina,0,EP34C43c,-90.41653398,16.19582998,158.179672
C43c,Opsiphanes cassina,0,EP35C43c,-90.41653097,16.19485097,160.733475
C43c,Opsiphanes cassina,0,EP36C43c,-90.41482802,16.19778103,153.96608
C43c,Opsiphanes cassina,0,EP37C43c,-90.41483698,16.19679297,155.881424
C43c,Opsiphanes cassina,0,EP38C43c,-90.414711,16.19580701,159.438141
C43c,Opsiphanes cassina,0,EP40C43c,-90.41917697,16.19827799,168.049622
C43c,Opsiphanes cassina,0,EP41C43c,-90.41921502,16.19730804,169.571518
C43c,Opsiphanes cassina,0,EP42C43c,-90.41829703,16.19877303,165.574799
C43c,Opsiphanes cassina,0,EP43C43c,-90.41828798,16.19780299,163.456131
C43c,Opsiphanes cassina,0,EP44C43c,-90.418277,16.19682298,167.549438
C43c,Opsiphanes cassina,0,EP39C43c,-90.41560401,16.19631504,157.535126
C43c,Opsiphanes cassina,0,EP46C43c,-90.41742397,16.19727703,164.099487
C43c,Opsiphanes cassina,0,EP45C43c,-90.41744099,16.19819099,161.016113
C43c,Opsiphanes cassina,0,EP47C43c,-90.416537,16.19874696,155.457382
C43c,Opsiphanes cassina,0,EP48C43c,-90.416565,16.19776703,156.299438
C43c,Opsiphanes cassina,0,EP49C43c,-90.41652904,16.19678199,157.432983
C43c,Opsiphanes cassina,0,EP50C43c,-90.41564198,16.19825603,155.8983
C43c,Opsiphanes cassina,0,EP51C43c,-90.41481603,16.19968104,152.743805
C43c,Opsiphanes cassina,0,EP52C43c,-90.415673,16.19922096,155.138138
C43c,Opsiphanes cassina,0,EP53C43c,-90.41568699,16.20020198,151.284744
C43c,Opsiphanes cassina,0,EP54C43c,-90.416566,16.19969797,149.5923
C43c,Opsiphanes cassina,0,EP55C43c,-90.417443,16.19921702,152.610046
C43c,Opsiphanes cassina,0,EP56C43c,-90.41746102,16.20019703,150.701599
C43c,Opsiphanes cassina,0,EP57C43c,-90.41831698,16.19970501,150.785812
C43c,Opsiphanes cassina,0,EP58C43c,-90.41917998,16.19929103,151.091614
C43c,Opsiphanes cassina,0,EP59C43c,-90.41919901,16.20028202,150.299835
C43c,Opsiphanes cassina,0,EP60C43c,-90.421772,16.19385101,150.138794
C43c,Opsiphanes cassina,0,EP61C43c,-90.42263702,16.19432903,158.733841
C43c,Opsiphanes cassina,0,EP62C43c,-90.42267197,16.19532304,166.979172
C43c,Opsiphanes cassina,0,EP63C43c,-90.42179698,16.19487704,155.554962
C43c,Opsiphanes cassina,0,EP64C43c,-90.42180302,16.195805,160.801102
C43c,Opsiphanes cassina,0,EP65C43c,-90.42093599,16.19535003,152.150635
C43c,Opsiphanes cassina,0,EP66C43c,-90.42269602,16.19631596,161.776245
C43c,Opsiphanes cassina,0,EP67C43c,-90.42179899,16.19682097,163.933701
C43c,Opsiphanes cassina,1,EP68C43c,-90.42261003,16.19733201,156.076569
C43c,Opsiphanes cassina,0,EP69C43c,-90.42183001,16.19777801,150.749481
C43c,Opsiphanes cassina,0,EP70C43c,-90.42265596,16.198294,148.830795
C43c,Opsiphanes cassina,0,EP71C43c,-90.422591,16.19929497,147.423325
C43c,Opsiphanes cassina,0,EP72C43c,-90.42163203,16.19975103,149.585083
C43c,Opsiphanes cassina,0,EP73C43c,-90.42268001,16.20023701,148.2173
C43c,Opsiphanes cassina,0,EP74C43c,-90.421843,16.20069198,147.809662
C43c,Opsiphanes cassina,0,EP75C43c,-90.42358601,16.20078502,147.822342
C44a,Opsiphanes cassina,0,EP1C44a,-90.43248299,16.19621202,168.370911
C44a,Opsiphanes cassina,0,EP2C44a,-90.43164404,16.19618604,163.316895
C44a,Opsiphanes cassina,0,EP3C44a,-90.43054903,16.19617699,160.976196
C44a,Opsiphanes cassina,0,EP4C44a,-90.42968301,16.19609401,156.140228
C44a,Opsiphanes cassina,0,EP5C44a,-90.42882001,16.19601999,146.529083
C44a,Opsiphanes cassina,0,EP6C44a,-90.42792801,16.19594799,141.881409
C44a,Opsiphanes cassina,0,EP7C44a,-90.42792398,16.19493303,117.185616
C44a,Opsiphanes cassina,0,EP8C44a,-90.42790898,16.19397196,128.708954
C44a,Opsiphanes cassina,0,EP9C44a,-90.42702503,16.19542496,125.252296
C44a,Opsiphanes cassina,0,EP10C44a,-90.42701002,16.194411,128.66272
C44a,Opsiphanes cassina,0,EP11C44a,-90.42705897,16.193446,138.138504
C44a,Opsiphanes cassina,0,EP12C44a,-90.42617703,16.19593098,127.088387
C44a,Opsiphanes cassina,0,EP13C44a,-90.42618298,16.19494602,131.338577
C44a,Opsiphanes cassina,0,EP14C44a,-90.42617996,16.19396098,140.520508
C44c,Opsiphanes cassina,0,EP1C44c,-90.41252903,16.18721799,170.51384
C44c,Opsiphanes cassina,0,EP2C44c,-90.413388,16.18674902,174.954803
C44c,Opsiphanes cassina,0,EP3C44c,-90.41411798,16.18725596,175.055267
C44c,Opsiphanes cassina,0,EP4C44c,-90.414164,16.18813698,173.982208
C44c,Opsiphanes cassina,0,EP5C44c,-90.41413701,16.18905103,175.469757
C44c,Opsiphanes cassina,0,EP6C44c,-90.41412796,16.18992501,169.559372
C44c,Opsiphanes cassina,0,EP7C44c,-90.41416098,16.192627,160.630798
C44c,Opsiphanes cassina,0,EP8C44c,-90.41409099,16.19178101,164.197021
C44c,Opsiphanes cassina,0,EP9C44c,-90.41421496,16.19081701,164.622467
C44c,Opsiphanes cassina,0,EP10C44c,-90.41333998,16.19039297,162.731506
C44c,Opsiphanes cassina,0,EP11C44c,-90.41335297,16.189506,166.072235
C44c,Opsiphanes cassina,0,EP12C44c,-90.413272,16.18863998,168.686584
C44c,Opsiphanes cassina,0,EP13C44c,-90.41261796,16.18813497,175.646255
D26a,Opsiphanes cassina,0,EP1D26a,-90.41120301,16.24335897,143.060745
D26a,Opsiphanes cassina,0,EP2D26a,-90.41123603,16.24443697,144.112671
D26a,Opsiphanes cassina,0,EP3D26a,-90.41035401,16.24496201,137.42865
D26a,Opsiphanes cassina,0,EP4D26a,-90.410339,16.24391,139.853668
D26a,Opsiphanes cassina,0,EP5D26a,-90.41030598,16.24288003,142.465118
D26a,Opsiphanes cassina,0,EP6D26a,-90.40939503,16.242372,141.390167
D26a,Opsiphanes cassina,0,EP7D26a,-90.40844796,16.24184696,143.180527
D26a,Opsiphanes cassina,0,EP8D26a,-90.409446,16.24442498,133.083832
D26a,Opsiphanes cassina,0,EP9D26a,-90.40852902,16.243924,135.446915
D26a,Opsiphanes cassina,0,EP10D26a,-90.40933896,16.24343198,134.06514
D26a,Opsiphanes cassina,0,EP11D26a,-90.40850001,16.24289998,128.345581
D26a,Opsiphanes cassina,0,EP12D26a,-90.407563,16.24239799,131.917938
D26a,Opsiphanes cassina,0,EP13D26a,-90.40662196,16.24185903,160.123535
D26a,Opsiphanes cassina,0,EP14D26a,-90.40572099,16.24133902,129.131897
D26a,Opsiphanes cassina,0,EP15D26a,-90.40649196,16.24090299,128.305176
D26a,Opsiphanes cassina,0,EP16D26a,-90.40478599,16.24081196,128.725128
D26a,Opsiphanes cassina,0,EP17D26a,-90.40394898,16.24027996,131.801468
D26a,Opsiphanes cassina,0,EP18D26a,-90.40755697,16.24342896,135.371643
D26a,Opsiphanes cassina,0,EP19D26a,-90.406657,16.24288799,134.064453
D26a,Opsiphanes cassina,0,EP20D26a,-90.405722,16.24237301,132.519318
D26a,Opsiphanes cassina,0,EP21D26a,-90.40479697,16.24187403,130.640976
D27a,Opsiphanes cassina,0,EP1D27a,-90.41248502,16.24053402,126.355995
D27a,Opsiphanes cassina,0,EP2D27a,-90.41250497,16.241466,125.525169
D27a,Opsiphanes cassina,0,EP3D27a,-90.41253297,16.24236798,125.461082
D27a,Opsiphanes cassina,0,EP4D27a,-90.41170299,16.240904,124.86425
D27a,Opsiphanes cassina,0,EP5D27a,-90.41169897,16.241882,124.690948
D27a,Opsiphanes cassina,0,EP6D27a,-90.41082499,16.24052304,121.928497
D27a,Opsiphanes cassina,0,EP7D27a,-90.41085399,16.241466,121.461624
D27a,Opsiphanes cassina,0,EP8D27a,-90.41084703,16.24229799,122.140671
D27a,Opsiphanes cassina,0,EP9D27a,-90.410007,16.240991,121.200905
D27a,Opsiphanes cassina,0,EP10D27a,-90.41001596,16.24191896,122.085121
D27a,Opsiphanes cassina,0,EP11D27a,-90.40918498,16.24057199,122.505585
D27a,Opsiphanes cassina,0,EP12D27a,-90.40919504,16.24144597,121.586685
D27a,Opsiphanes cassina,0,EP13D27a,-90.40835601,16.24098698,119.813202
D27a,Opsiphanes cassina,0,EP14D27a,-90.40753601,16.240546,123.516273
D27b,Opsiphanes cassina,0,EP1D27b,-90.40366299,16.24098798,132.991531
D27b,Opsiphanes cassina,0,EP2D27b,-90.40289101,16.24148101,135.237534
D27b,Opsiphanes cassina,0,EP3D27b,-90.403637,16.24189298,134.777054
D27b,Opsiphanes cassina,0,EP4D27b,-90.40284902,16.24238499,134.562225
D27b,Opsiphanes cassina,0,EP5D27b,-90.40355503,16.24275799,132.780182
D27b,Opsiphanes cassina,0,EP6D27b,-90.40274701,16.24325898,134.61795
D27b,Opsiphanes cassina,0,EP7D27b,-90.40363197,16.243752,132.116608
D27b,Opsiphanes cassina,0,EP8D27b,-90.402746,16.24414201,135.141953
D27b,Opsiphanes cassina,0,EP9D27b,-90.401983,16.24371101,139.769958
D27b,Opsiphanes cassina,0,EP10D27b,-90.40198099,16.24467904,136.117188
D27b,Opsiphanes cassina,1,EP11D27b,-90.40118898,16.24418098,135.083862
D27b,Opsiphanes cassina,1,EP12D27b,-90.40119602,16.24510098,132.944672
D27b,Opsiphanes cassina,0,EP13D27b,-90.40033897,16.24463696,135.73291
D27b,Opsiphanes cassina,1,EP14D27b,-90.40032296,16.24374596,134.326157
D27b,Opsiphanes cassina,0,EP15D27b,-90.40122502,16.24329703,135.535355
D27b,Opsiphanes cassina,0,EP16D27b,-90.401983,16.24280602,135.628265
D27b,Opsiphanes cassina,0,EP17D27b,-90.40117096,16.24236102,133.581955
D27b,Opsiphanes cassina,0,EP18D27b,-90.40197504,16.24185199,133.994095
D27b,Opsiphanes cassina,1,EP19D27b,-90.402012,16.24098497,137.103333
D27b,Opsiphanes cassina,0,EP20D27b,-90.40281499,16.24047702,137.45752
D27b,Opsiphanes cassina,0,EP21D27b,-90.40279797,16.23955602,134.78981
D27b,Opsiphanes cassina,0,EP22D27b,-90.40283703,16.23872202,136.321198
D27b,Opsiphanes cassina,0,EP23D27b,-90.40274399,16.23769901,149.564316
D27b,Opsiphanes cassina,0,EP24D27b,-90.40276201,16.23681103,150.331879
D27b,Opsiphanes cassina,0,EP25D27b,-90.40195199,16.23726298,149.812805
D27b,Opsiphanes cassina,0,EP26D27b,-90.40194201,16.23635204,149.040283
D27b,Opsiphanes cassina,0,EP27D27b,-90.40194,16.235512,148.738358
D27b,Opsiphanes cassina,0,EP28D27b,-90.40275296,16.23589204,150.402832
D27b,Opsiphanes cassina,0,EP29D27b,-90.401925,16.23465101,150.206238
D27c,Opsiphanes cassina,0,EP1D27c,-90.39941403,16.23807301,160.713562
D27c,Opsiphanes cassina,0,EP2D27c,-90.39949601,16.23898798,141.777313
D27c,Opsiphanes cassina,0,EP3D27c,-90.39864801,16.23947396,147.418808
D27c,Opsiphanes cassina,0,EP4D27c,-90.39957102,16.23992499,142.445618
D27c,Opsiphanes cassina,0,EP5D27c,-90.39783597,16.24085203,147.756256
D27c,Opsiphanes cassina,0,EP6D27c,-90.39865999,16.24039496,143.945236
D27c,Opsiphanes cassina,0,EP7D27c,-90.39866896,16.24130096,145.067123
D27c,Opsiphanes cassina,0,EP8D27c,-90.39951,16.24084499,142.984482
D27c,Opsiphanes cassina,1,EP9D27c,-90.39866603,16.242127,144.405899
D27c,Opsiphanes cassina,2,EP10D27c,-90.39868497,16.24311397,139.184402
D27c,Opsiphanes cassina,0,EP11D27c,-90.39784402,16.24177898,148.049011
D27c,Opsiphanes cassina,0,EP12D27c,-90.39788199,16.24266101,145.153702
D28a,Opsiphanes cassina,0,EP1D28a,-90.41249198,16.23958896,126.545944
D28a,Opsiphanes cassina,0,EP2D28a,-90.41244403,16.238748,126.093208
D28a,Opsiphanes cassina,0,EP3D28a,-90.41247002,16.23774502,124.762955
D28a,Opsiphanes cassina,0,EP4D28a,-90.41166703,16.23915796,123.960884
D28a,Opsiphanes cassina,0,EP5D28a,-90.41163803,16.23817996,124.669617
D28a,Opsiphanes cassina,0,EP6D28a,-90.41082901,16.23963397,122.158798
D28a,Opsiphanes cassina,0,EP7D28a,-90.41083303,16.23872898,123.101349
D28a,Opsiphanes cassina,0,EP8D28a,-90.41081099,16.23780403,123.820137
D28a,Opsiphanes cassina,0,EP9D28a,-90.41001001,16.23918101,122.103073
D28a,Opsiphanes cassina,0,EP10D28a,-90.41001404,16.238416,122.957901
D28a,Opsiphanes cassina,0,EP11D28a,-90.40917601,16.23965601,120.934883
D28a,Opsiphanes cassina,0,EP12D28a,-90.40835903,16.239208,122.600098
D28a,Opsiphanes cassina,0,EP13D28a,-90.40751103,16.23976498,123.144539
D28a,Opsiphanes cassina,0,EP14D28a,-90.40667804,16.23938,122.623291
D28a,Opsiphanes cassina,0,EP15D28a,-90.40589701,16.239855,125.642654
D28a,Opsiphanes cassina,0,EP16D28a,-90.40506603,16.23937497,129.563126
D28a,Opsiphanes cassina,0,EP17D28a,-90.40922002,16.237798,127.246811
D28a,Opsiphanes cassina,0,EP18D28a,-90.40919202,16.23867097,127.311745
D28a,Opsiphanes cassina,0,EP19D28a,-90.40838401,16.23832304,126.742538
D28a,Opsiphanes cassina,0,EP20D28a,-90.40753299,16.23780102,127.013985
D28a,Opsiphanes cassina,0,EP21D28a,-90.40752503,16.23880198,126.852196
D28a,Opsiphanes cassina,0,EP22D28a,-90.40670503,16.23827401,126.23719
D28a,Opsiphanes cassina,0,EP23D28a,-90.40587497,16.237841,130.651733
D28a,Opsiphanes cassina,0,EP24D28a,-90.40507802,16.238331,133.013489
D28a,Opsiphanes cassina,0,EP25D28a,-90.40420496,16.23786396,130.753296
D28a,Opsiphanes cassina,0,EP26D28a,-90.40420798,16.23881397,131.141785
D28b,Opsiphanes cassina,0,EP1D28b,-90.39904296,16.23768501,136.181152
D28b,Opsiphanes cassina,0,EP2D28b,-90.39824802,16.23914103,142.382065
D28b,Opsiphanes cassina,1,EP3D28b,-90.39826998,16.23819597,142.172867
D28b,Opsiphanes cassina,0,EP4D28b,-90.39742601,16.23958502,141.180069
D28b,Opsiphanes cassina,1,EP5D28b,-90.39742299,16.23867399,144.172836
D28b,Opsiphanes cassina,0,EP6D28b,-90.39738896,16.23773798,143.777359
D28b,Opsiphanes cassina,0,EP7D28b,-90.396605,16.24003798,143.348877
D28b,Opsiphanes cassina,0,EP8D28b,-90.39661498,16.23920297,143.39151
D28b,Opsiphanes cassina,0,EP9D28b,-90.396604,16.23821299,141.898056
D28b,Opsiphanes cassina,0,EP10D28b,-90.39575298,16.237756,143.656189
D28c,Opsiphanes cassina,0,EP1D28c,-90.390434,16.23954101,149.89357
D28c,Opsiphanes cassina,0,EP2D28c,-90.38957804,16.23932501,152.264877
D28c,Opsiphanes cassina,0,EP3D28c,-90.38959497,16.24018801,151.419434
D28c,Opsiphanes cassina,0,EP4D28c,-90.38874102,16.24065698,153.888184
D28c,Opsiphanes cassina,0,EP5D28c,-90.387904,16.24109804,155.313354
D28c,Opsiphanes cassina,0,EP6D28c,-90.38711803,16.241523,156.139709
D28c,Opsiphanes cassina,0,EP7D28c,-90.39128602,16.24112503,151.330093
D28c,Opsiphanes cassina,0,EP8D28c,-90.39044397,16.24065899,150.817963
D28c,Opsiphanes cassina,0,EP9D28c,-90.38959002,16.241134,147.189636
D28c,Opsiphanes cassina,0,EP10D28c,-90.38789604,16.242055,149.380875
D28c,Opsiphanes cassina,0,EP11D28c,-90.38703497,16.24252598,151.456024
D28c,Opsiphanes cassina,0,EP12D28c,-90.38534501,16.24251198,153.875656
D28c,Opsiphanes cassina,0,EP13D28c,-90.384495,16.24296896,153.422745
D28c,Opsiphanes cassina,0,EP14D28c,-90.38363904,16.243435,153.336304
D28c,Opsiphanes cassina,0,EP15D28c,-90.38362697,16.24437997,153.663254
D28c,Opsiphanes cassina,0,EP16D28c,-90.38278501,16.24391,154.638153
D28c,Opsiphanes cassina,0,EP17D28c,-90.38278299,16.24483704,153.659225
D28c,Opsiphanes cassina,0,EP18D28c,-90.38448804,16.24391997,152.920532
D28c,Opsiphanes cassina,0,EP19D28c,-90.38534199,16.243451,152.910873
D28c,Opsiphanes cassina,0,EP20D28c,-90.38616601,16.24391897,151.930145
D28c,Opsiphanes cassina,0,EP21D28c,-90.38618999,16.24298698,152.913528
D28c,Opsiphanes cassina,0,EP22D28c,-90.38702801,16.243464,149.530396
D28c,Opsiphanes cassina,0,EP23D28c,-90.38779596,16.24295304,148.522827
D28c,Opsiphanes cassina,0,EP24D28c,-90.38958097,16.24207503,146.974487
D28c,Opsiphanes cassina,0,EP25D28c,-90.390421,16.24160799,151.170242
D28c,Opsiphanes cassina,0,EP26D28c,-90.39127897,16.24207302,153.161301
D28c,Opsiphanes cassina,0,EP27D28c,-90.39057297,16.24246697,148.215714
D28d,Opsiphanes cassina,0,EP1D28d,-90.38256397,16.24503099,152.49556
D28d,Opsiphanes cassina,0,EP2D28d,-90.38224999,16.24451802,153.268616
D28d,Opsiphanes cassina,0,EP3D28d,-90.38224203,16.24503996,152.468246
D29a,Opsiphanes cassina,0,EP1D29a,-90.40889204,16.23691102,127.613777
D29a,Opsiphanes cassina,0,EP2D29a,-90.40808897,16.23643996,127.309975
D29a,Opsiphanes cassina,0,EP3D29a,-90.407246,16.236965,126.799225
D29a,Opsiphanes cassina,0,EP4D29a,-90.40724499,16.23600704,126.598885
D29a,Opsiphanes cassina,0,EP5D29a,-90.40643203,16.23652403,128.110474
D29a,Opsiphanes cassina,0,EP6D29a,-90.40643203,16.23553203,129.548264
D29a,Opsiphanes cassina,0,EP7D29a,-90.40560398,16.23691698,132.899551
D29a,Opsiphanes cassina,0,EP8D29a,-90.40559602,16.23607803,133.005997
D29a,Opsiphanes cassina,0,EP9D29a,-90.40473897,16.23645103,133.3564
D29a,Opsiphanes cassina,0,EP10D29a,-90.40476504,16.23554201,134.09523
D29a,Opsiphanes cassina,0,EP11D29a,-90.403896,16.23693399,132.371902
D29a,Opsiphanes cassina,0,EP12D29a,-90.40390799,16.23602296,132.732635
D29a,Opsiphanes cassina,0,EP13D29a,-90.40318698,16.23548702,136.320084
D29a,Opsiphanes cassina,0,EP14D29a,-90.40393003,16.235081,133.596619
D29a,Opsiphanes cassina,0,EP15D29a,-90.40310198,16.23461296,136.91124
D29b,Opsiphanes cassina,0,EP1D29b,-90.400329,16.23602296,139.448395
D29b,Opsiphanes cassina,0,EP2D29b,-90.39948503,16.23553002,145.379929
D29b,Opsiphanes cassina,0,EP3D29b,-90.39949902,16.23640903,143.450577
D29b,Opsiphanes cassina,0,EP4D29b,-90.39865999,16.23505401,145.159836
D29b,Opsiphanes cassina,0,EP5D29b,-90.39865899,16.23595398,142.201813
D29b,Opsiphanes cassina,0,EP6D29b,-90.39778098,16.23552298,141.855759
D29b,Opsiphanes cassina,0,EP7D29b,-90.39783798,16.23634701,141.875061
D29b,Opsiphanes cassina,0,EP8D29b,-90.39701999,16.23509701,139.277084
D29b,Opsiphanes cassina,0,EP9D29b,-90.39702401,16.23597602,137.984467
D29b,Opsiphanes cassina,0,EP10D29b,-90.39701002,16.23690499,137.711182
D29b,Opsiphanes cassina,0,EP11D29b,-90.39619597,16.23550898,137.708527
D29b,Opsiphanes cassina,0,EP12D29b,-90.39620996,16.23641004,138.276184
D29b,Opsiphanes cassina,0,EP13D29b,-90.39535903,16.23504597,137.897827
D29b,Opsiphanes cassina,0,EP14D29b,-90.39534001,16.23598499,137.243546
D29b,Opsiphanes cassina,0,EP15D29b,-90.39533196,16.23697104,136.837112
D29b,Opsiphanes cassina,0,EP16D29b,-90.39449997,16.23550597,138.158447
D29b,Opsiphanes cassina,0,EP17D29b,-90.39448396,16.23366203,137.502777
D29b,Opsiphanes cassina,0,EP18D29b,-90.395353,16.234145,138.220718
D29b,Opsiphanes cassina,0,EP19D29b,-90.39537001,16.23321704,138.445221
D29b,Opsiphanes cassina,0,EP20D29b,-90.39616898,16.23443903,139.048401
D29b,Opsiphanes cassina,0,EP21D29b,-90.39617803,16.23358802,139.401794
D29b,Opsiphanes cassina,0,EP22D29b,-90.39616504,16.23273902,138.294037
D29b,Opsiphanes cassina,0,EP23D29b,-90.39700901,16.234117,139.942505
D29b,Opsiphanes cassina,0,EP24D29b,-90.397007,16.23319801,139.945541
D29b,Opsiphanes cassina,0,EP25D29b,-90.39701203,16.23227499,140.343002
D29b,Opsiphanes cassina,0,EP26D29b,-90.39780102,16.23435002,141.749435
D29b,Opsiphanes cassina,0,EP27D29b,-90.39784402,16.23365499,142.071838
D29b,Opsiphanes cassina,0,EP28D29b,-90.39780999,16.23273801,141.226685
D29b,Opsiphanes cassina,0,EP29D29b,-90.39780999,16.23180402,140.837952
D29b,Opsiphanes cassina,0,EP30D29b,-90.39863703,16.23312299,136.590897
D29b,Opsiphanes cassina,0,EP31D29b,-90.39863996,16.23228204,135.447723
D31a,Opsiphanes cassina,0,EP1D31a,-90.40091196,16.23072501,130.348953
D31a,Opsiphanes cassina,0,EP2D31a,-90.39999004,16.22942699,149.824799
D31a,Opsiphanes cassina,0,EP3D31a,-90.39999297,16.23032997,151.892303
D31a,Opsiphanes cassina,0,EP4D31a,-90.39986397,16.23115098,148.024643
D31a,Opsiphanes cassina,0,EP5D31a,-90.40080601,16.23176596,148.531296
D31a,Opsiphanes cassina,0,EP6D31a,-90.40078397,16.23266802,147.337677
D32a,Opsiphanes cassina,0,EP1D32a,-90.39819396,16.22681201,145.773987
D32a,Opsiphanes cassina,0,EP2D32a,-90.39827703,16.22779101,147.326584
D32a,Opsiphanes cassina,0,EP3D32a,-90.39823503,16.22883498,145.4953
D32a,Opsiphanes cassina,0,EP4D32a,-90.39736801,16.22729396,148.666153
D32a,Opsiphanes cassina,0,EP5D32a,-90.39646301,16.22688803,148.450958
D32a,Opsiphanes cassina,0,EP6D32a,-90.395597,16.22730603,143.241074
D32a,Opsiphanes cassina,0,EP7D32a,-90.39471203,16.22680002,144.588608
D32a,Opsiphanes cassina,0,EP8D32a,-90.39387703,16.22636802,144.794708
D32a,Opsiphanes cassina,0,EP9D32a,-90.39383596,16.22440296,145.236099
D32a,Opsiphanes cassina,0,EP10D32a,-90.39471203,16.22498802,146.604477
D32a,Opsiphanes cassina,0,EP11D32a,-90.39470701,16.22389602,146.804855
D32a,Opsiphanes cassina,1,EP12D32a,-90.39558803,16.22617196,142.637024
D32a,Opsiphanes cassina,0,EP13D32a,-90.39563002,16.22533704,144.749115
D32a,Opsiphanes cassina,0,EP14D32a,-90.39563597,16.22435502,143.836441
D32a,Opsiphanes cassina,0,EP15D32a,-90.39559197,16.22340099,145.972595
D32a,Opsiphanes cassina,0,EP16D32a,-90.39647701,16.22584398,149.314667
D32a,Opsiphanes cassina,0,EP17D32a,-90.39648003,16.22486397,147.514633
D32a,Opsiphanes cassina,0,EP18D32a,-90.396489,16.22412602,152.286118
D32a,Opsiphanes cassina,1,EP19D32a,-90.397352,16.22615503,148.937042
D32a,Opsiphanes cassina,0,EP20D32a,-90.39735401,16.22532598,149.029938
D32b,Opsiphanes cassina,0,EP1D32b,-90.39314504,16.22688501,114.936012
D32b,Opsiphanes cassina,0,EP2D32b,-90.39315803,16.22787701,120.356369
D32b,Opsiphanes cassina,0,EP3D32b,-90.39222697,16.22644303,126.100983
D32b,Opsiphanes cassina,0,EP4D32b,-90.39221599,16.22740402,124.411148
D32b,Opsiphanes cassina,0,EP5D32b,-90.39221901,16.22843298,123.201012
D32b,Opsiphanes cassina,0,EP6D32b,-90.39129498,16.22690999,127.139969
D32b,Opsiphanes cassina,0,EP7D32b,-90.39128099,16.22800098,131.484161
D32b,Opsiphanes cassina,0,EP8D32b,-90.39217098,16.225358,131.668961
D32b,Opsiphanes cassina,0,EP9D32b,-90.39310598,16.22585798,133.547119
D32b,Opsiphanes cassina,0,EP10D32b,-90.39311604,16.22483002,132.43866
D32c,Opsiphanes cassina,1,EP1D32c,-90.39650098,16.22892299,142.480835
D32c,Opsiphanes cassina,0,EP2D32c,-90.39645597,16.22810801,141.574844
D32c,Opsiphanes cassina,0,EP3D32c,-90.39560999,16.228623,144.116333
D32c,Opsiphanes cassina,0,EP4D32c,-90.39466501,16.22894302,146.054794
D32c,Opsiphanes cassina,0,EP5D32c,-90.39468002,16.22807499,145.302521
D32c,Opsiphanes cassina,0,EP6D32c,-90.39374703,16.22861403,147.154694
D32c,Opsiphanes cassina,0,EP7D32c,-90.39374099,16.22758297,145.403214
D35a,Opsiphanes cassina,0,EP1D35a,-90.40937802,16.21819901,136.237106
D35a,Opsiphanes cassina,0,EP2D35a,-90.40936201,16.21923803,137.317947
D35a,Opsiphanes cassina,0,EP3D35a,-90.40934499,16.22027303,136.057449
D35a,Opsiphanes cassina,0,EP4D35a,-90.408426,16.21884299,152.800598
D35a,Opsiphanes cassina,0,EP5D35a,-90.408411,16.21982904,153.40036
D35a,Opsiphanes cassina,0,EP6D35a,-90.407519,16.21830303,127.721031
D35a,Opsiphanes cassina,0,EP7D35a,-90.40749402,16.21935002,130.827515
D35a,Opsiphanes cassina,0,EP8D35a,-90.40750097,16.22036196,126.887566
D35a,Opsiphanes cassina,0,EP9D35a,-90.40658902,16.21879497,156.020279
D35a,Opsiphanes cassina,0,EP10D35a,-90.40656899,16.21980197,156.02916
D35a,Opsiphanes cassina,0,EP11D35a,-90.40656497,16.22087703,149.929199
D35a,Opsiphanes cassina,0,EP12D35a,-90.40562804,16.21922001,155.925095
D35a,Opsiphanes cassina,0,EP13D35a,-90.40564598,16.220268,153.993103
D35a,Opsiphanes cassina,0,EP14D35a,-90.40473302,16.21871299,153.308563
D35a,Opsiphanes cassina,0,EP15D35a,-90.40472698,16.21974698,153.28157
D35a,Opsiphanes cassina,0,EP16D35a,-90.40474199,16.22078299,150.245499
D35a,Opsiphanes cassina,0,EP17D35a,-90.40378402,16.21922798,146.983597
D35a,Opsiphanes cassina,0,EP18D35a,-90.40381202,16.22024797,147.10434
D35a,Opsiphanes cassina,0,EP19D35a,-90.40287701,16.22079799,159.182343
D35a,Opsiphanes cassina,0,EP20D35a,-90.40289998,16.21980096,156.227478
D35a,Opsiphanes cassina,0,EP21D35a,-90.401968,16.22030002,152.837723
D35a,Opsiphanes cassina,0,EP22D35a,-90.40197303,16.21929101,155.633926
D35a,Opsiphanes cassina,0,EP23D35a,-90.40101497,16.21966098,145.957291
D35a,Opsiphanes cassina,0,EP24D35a,-90.40104699,16.22075801,142.295959
D35a,Opsiphanes cassina,0,EP25D35a,-90.40010403,16.21922596,144.160477
D35a,Opsiphanes cassina,0,EP26D35a,-90.40009498,16.22024302,142.107605
D35a,Opsiphanes cassina,0,EP27D35a,-90.39918898,16.21973198,140.8992
D35b,Opsiphanes cassina,0,EP1D35b,-90.39789936,16.22114505,0
D35b,Opsiphanes cassina,0,EP2D35b,-90.39880705,16.22063933,0
D35b,Opsiphanes cassina,0,EP3D35b,-90.39606102,16.22014596,142.851837
D35b,Opsiphanes cassina,0,EP4D35b,-90.39788118,16.22011466,0
D35b,Opsiphanes cassina,0,EP5D35b,-90.39603771,16.22114414,0
D35b,Opsiphanes cassina,1,EP6D35b,-90.39607996,16.22012903,142.649261
D35b,Opsiphanes cassina,0,EP7D35b,-90.39604809,16.21920089,0
D35b,Opsiphanes cassina,0,EP8D35b,-90.39511133,16.22159561,0
D35b,Opsiphanes cassina,0,EP9D35b,-90.39511696,16.22062298,144.633942
D36a,Opsiphanes cassina,0,EP1D36a,-90.41335699,16.21620596,137.295471
D36a,Opsiphanes cassina,0,EP2D36a,-90.41333897,16.21737298,136.397598
D36a,Opsiphanes cassina,0,EP3D36a,-90.41245602,16.21696603,134.859634
D36a,Opsiphanes cassina,0,EP4D36a,-90.41158598,16.21639296,135.235855
D36a,Opsiphanes cassina,0,EP5D36a,-90.41157902,16.21712697,136.551682
D36a,Opsiphanes cassina,0,EP6D36a,-90.41069599,16.21588603,140.244583
D36a,Opsiphanes cassina,1,EP7D36a,-90.41070404,16.216859,133.805496
D36a,Opsiphanes cassina,0,EP8D36a,-90.40986802,16.21636203,146.387405
D36a,Opsiphanes cassina,0,EP9D36a,-90.40981203,16.21739703,138.510605
D36a,Opsiphanes cassina,0,EP10D36a,-90.40894601,16.21592601,145.675476
D36a,Opsiphanes cassina,0,EP11D36a,-90.40896596,16.21689596,143.326477
D36a,Opsiphanes cassina,0,EP12D36a,-90.40811503,16.21642498,143.229797
D36a,Opsiphanes cassina,0,EP13D36a,-90.40804303,16.21739502,139.492584
D36a,Opsiphanes cassina,0,EP14D36a,-90.40719696,16.21591503,143.693741
D36a,Opsiphanes cassina,0,EP15D36a,-90.40719897,16.21690803,135.842102
D36a,Opsiphanes cassina,0,EP16D36a,-90.406312,16.2164,148.922501
D36a,Opsiphanes cassina,0,EP17D36a,-90.406326,16.21739703,145.540314
D36a,Opsiphanes cassina,0,EP18D36a,-90.40542997,16.215939,150.89183
D36a,Opsiphanes cassina,0,EP19D36a,-90.40543299,16.21688599,148.981369
D36a,Opsiphanes cassina,0,EP20D36a,-90.40546199,16.21787497,148.050858
D36a,Opsiphanes cassina,0,EP21D36a,-90.404586,16.21640797,147.502319
D36a,Opsiphanes cassina,0,EP22D36a,-90.40457703,16.21748001,145.528015
D36a,Opsiphanes cassina,0,EP23D36a,-90.40367003,16.21593397,144.320526
D36a,Opsiphanes cassina,0,EP24D36a,-90.40366902,16.21689797,144.320511
D36a,Opsiphanes cassina,0,EP25D36a,-90.40369802,16.21787698,142.903381
D36a,Opsiphanes cassina,0,EP26D36a,-90.40282203,16.216413,157.545898
D36a,Opsiphanes cassina,0,EP27D36a,-90.40281298,16.21740298,156.202423
D36a,Opsiphanes cassina,0,EP28D36a,-90.40280703,16.21837604,154.470673
D36a,Opsiphanes cassina,0,EP29D36a,-90.40193204,16.215953,148.533478
D36a,Opsiphanes cassina,0,EP30D36a,-90.40195802,16.216932,146.247711
D36a,Opsiphanes cassina,0,EP31D36a,-90.40194,16.21796097,144.834686
D36a,Opsiphanes cassina,0,EP32D36a,-90.40108002,16.21643102,153.924667
D36a,Opsiphanes cassina,0,EP33D36a,-90.40105202,16.217392,151.807907
D36a,Opsiphanes cassina,0,EP34D36a,-90.40105596,16.21837302,151.654037
D36a,Opsiphanes cassina,0,EP35D36a,-90.400171,16.21586398,150.471619
D36a,Opsiphanes cassina,0,EP36D36a,-90.40017402,16.21691801,149.069885
D36a,Opsiphanes cassina,0,EP37D36a,-90.400186,16.21790598,148.551605
D36a,Opsiphanes cassina,0,EP38D36a,-90.40017402,16.21887803,146.593094
D36a,Opsiphanes cassina,0,EP40D36a,-90.39931999,16.21741396,149.762787
D36a,Opsiphanes cassina,0,EP41D36a,-90.39929903,16.21848701,147.598129
D36a,Opsiphanes cassina,0,EP42D36a,-90.39841399,16.215953,149.450241
D36a,Opsiphanes cassina,0,EP43D36a,-90.39843502,16.21692899,149.883331
D36a,Opsiphanes cassina,0,EP44D36a,-90.39843,16.21790196,147.827866
D36a,Opsiphanes cassina,0,EP39D36a,-90.39931102,16.21643999,150.079819
D36a,Opsiphanes cassina,0,EP46D36a,-90.39754998,16.216342,149.370987
D36a,Opsiphanes cassina,0,EP45D36a,-90.39843796,16.218873,145.208038
D36a,Opsiphanes cassina,0,EP47D36a,-90.39754503,16.21739703,146.506226
D36a,Opsiphanes cassina,0,EP48D36a,-90.39669503,16.21594302,147.433716
D36a,Opsiphanes cassina,0,EP49D36a,-90.39668103,16.21692597,144.490768
D36a,Opsiphanes cassina,0,EP50D36a,-90.39580897,16.216443,139.947723
D36a,Opsiphanes cassina,0,EP51D36a,-90.39581199,16.21741799,136.807617
D36a,Opsiphanes cassina,0,EP52D36a,-90.39491203,16.21595199,140.012741
D36a,Opsiphanes cassina,0,EP53D36a,-90.39494103,16.21703401,136.885895
D37a,Opsiphanes cassina,0,EP1D37a,-90.41292801,16.21550197,129.715805
D37a,Opsiphanes cassina,0,EP2D37a,-90.41117501,16.21462103,138.830719
D37a,Opsiphanes cassina,0,EP3D37a,-90.410296,16.21520299,138.968353
D37a,Opsiphanes cassina,0,EP4D37a,-90.41030204,16.21413899,135.505981
D37a,Opsiphanes cassina,0,EP5D37a,-90.40941498,16.21464701,140.81926
D37a,Opsiphanes cassina,0,EP6D37a,-90.40942102,16.21366499,138.208084
D37a,Opsiphanes cassina,0,EP7D37a,-90.40857604,16.21513501,140.461777
D37a,Opsiphanes cassina,0,EP8D37a,-90.408569,16.21416698,139.329788
D37a,Opsiphanes cassina,0,EP9D37a,-90.40770298,16.21468197,144.604233
D37a,Opsiphanes cassina,0,EP10D37a,-90.40772201,16.21366097,145.054611
D37a,Opsiphanes cassina,0,EP11D37a,-90.40680896,16.215176,149.205002
D37a,Opsiphanes cassina,0,EP12D37a,-90.40679899,16.214184,148.930008
D37a,Opsiphanes cassina,0,EP13D37a,-90.40680796,16.21321396,147.457733
D37a,Opsiphanes cassina,0,EP14D37a,-90.40593901,16.21467702,148.729324
D37a,Opsiphanes cassina,0,EP15D37a,-90.40591604,16.21362702,149.169235
D37a,Opsiphanes cassina,0,EP16D37a,-90.40509503,16.21522796,149.0439
D37a,Opsiphanes cassina,0,EP17D37a,-90.40505597,16.21419104,149.142319
D37a,Opsiphanes cassina,0,EP18D37a,-90.40505899,16.21320097,147.474548
D37a,Opsiphanes cassina,0,EP19D37a,-90.40418803,16.21467903,149.069687
D37a,Opsiphanes cassina,0,EP20D37a,-90.40419297,16.213696,147.221344
D37a,Opsiphanes cassina,0,EP21D37a,-90.40331304,16.21517097,149.279755
D37a,Opsiphanes cassina,0,EP22D37a,-90.40332704,16.21408802,148.223526
D37a,Opsiphanes cassina,0,EP23D37a,-90.40331002,16.21320298,147.569656
D37a,Opsiphanes cassina,0,EP24D37a,-90.40243797,16.21469898,149.194977
D37a,Opsiphanes cassina,0,EP25D37a,-90.40242498,16.21371503,147.274811
D37a,Opsiphanes cassina,0,EP26D37a,-90.401566,16.21516602,146.596802
D37a,Opsiphanes cassina,0,EP27D37a,-90.40157002,16.21417796,148.099991
D37a,Opsiphanes cassina,0,EP28D37a,-90.40155401,16.21318697,147.344604
D37a,Opsiphanes cassina,0,EP29D37a,-90.40068498,16.21476696,146.830948
D37a,Opsiphanes cassina,0,EP30D37a,-90.400646,16.21368402,145.576645
D37a,Opsiphanes cassina,0,EP31D37a,-90.39980404,16.21515596,144.837006
D37a,Opsiphanes cassina,0,EP32D37a,-90.39980496,16.21419699,144.889633
D37a,Opsiphanes cassina,0,EP33D37a,-90.39979901,16.21321203,144.269623
D37a,Opsiphanes cassina,0,EP34D37a,-90.39891497,16.21469999,144.109406
D37a,Opsiphanes cassina,0,EP35D37a,-90.3987444,16.24289839,0
D37a,Opsiphanes cassina,0,EP36D37a,-90.398042,16.21526199,143.68573
D37a,Opsiphanes cassina,0,EP37D37a,-90.39804996,16.21418802,142.636124
D37a,Opsiphanes cassina,0,EP38D37a,-90.39805499,16.21321999,142.586182
D37a,Opsiphanes cassina,0,EP40D37a,-90.39717296,16.21370899,144.248245
D37a,Opsiphanes cassina,0,EP41D37a,-90.39630401,16.21517801,143.702042
D37a,Opsiphanes cassina,0,EP42D37a,-90.39629504,16.214199,143.607635
D37a,Opsiphanes cassina,0,EP43D37a,-90.39629504,16.213121,143.978745
D37a,Opsiphanes cassina,0,EP44D37a,-90.39541704,16.214702,142.600174
D37a,Opsiphanes cassina,0,EP39D37a,-90.39718302,16.21470602,143.606918
D37a,Opsiphanes cassina,0,EP46D37a,-90.39455504,16.21516904,140.986771
D37a,Opsiphanes cassina,0,EP45D37a,-90.39543204,16.21370497,143.990479
D37a,Opsiphanes cassina,0,EP47D37a,-90.39453099,16.21420898,142.839386
D37a,Opsiphanes cassina,0,EP48D37a,-90.39452403,16.21322201,145.004761
D38a,Opsiphanes cassina,0,EP1D38a,-90.41234597,16.21034903,148.550903
D38a,Opsiphanes cassina,0,EP2D38a,-90.41146302,16.20990998,149.250916
D38a,Opsiphanes cassina,0,EP3D38a,-90.41149797,16.21090399,145.853226
D38a,Opsiphanes cassina,0,EP4D38a,-90.41058803,16.21009002,147.476212
D38a,Opsiphanes cassina,0,EP5D38a,-90.40947399,16.21105604,151.716934
D38a,Opsiphanes cassina,0,EP6D38a,-90.40862499,16.21163196,148.549271
D38a,Opsiphanes cassina,0,EP7D38a,-90.40766803,16.21115796,153.666824
D38a,Opsiphanes cassina,0,EP8D38a,-90.40776903,16.21210403,145.187378
D38a,Opsiphanes cassina,0,EP9D38a,-90.40688901,16.21062898,149.907761
D38a,Opsiphanes cassina,0,EP10D38a,-90.40687904,16.21163196,145.004776
D38a,Opsiphanes cassina,0,EP11D38a,-90.40610497,16.21018801,145.908447
D38a,Opsiphanes cassina,0,EP12D38a,-90.40519704,16.212315,166.773697
D38a,Opsiphanes cassina,0,EP13D38a,-90.40446002,16.21181301,161.433136
D38a,Opsiphanes cassina,0,EP14D38a,-90.40356902,16.21230997,160.019165
D38a,Opsiphanes cassina,0,EP15D38a,-90.40355603,16.21131102,156.974258
D38a,Opsiphanes cassina,0,EP16D38a,-90.40270301,16.21181896,152.957581
D38a,Opsiphanes cassina,0,EP17D38a,-90.40183296,16.21231399,152.986053
D38a,Opsiphanes cassina,0,EP18D38a,-90.40181402,16.21143096,148.081787
D38a,Opsiphanes cassina,0,EP19D38a,-90.40096602,16.21184,150.124222
D38a,Opsiphanes cassina,0,EP20D38a,-90.40009296,16.21229799,147.704941
D38a,Opsiphanes cassina,0,EP21D38a,-90.39920197,16.21192801,148.003387
D38a,Opsiphanes cassina,0,EP22D38a,-90.39835003,16.21232799,148.993866
D38a,Opsiphanes cassina,0,EP23D38a,-90.39656804,16.21233604,145.932556
D38a,Opsiphanes cassina,0,EP24D38a,-90.403623,16.21032002,137.510544
D38a,Opsiphanes cassina,0,EP25D38a,-90.40271801,16.21076401,139.189682
D38a,Opsiphanes cassina,0,EP26D38a,-90.40182902,16.21039102,140.788803
D38a,Opsiphanes cassina,0,EP27D38a,-90.40096804,16.21085697,142.604965
D38a,Opsiphanes cassina,0,EP28D38a,-90.40007704,16.21034701,144.183777
D38a,Opsiphanes cassina,0,EP29D38a,-90.40008198,16.21124698,143.18576
D38a,Opsiphanes cassina,0,EP30D38a,-90.39919401,16.21079201,145.669266
D38a,Opsiphanes cassina,0,EP31D38a,-90.39833796,16.21027904,147.013657
D38a,Opsiphanes cassina,0,EP32D38a,-90.39833302,16.21124899,146.666626
D38a,Opsiphanes cassina,0,EP33D38a,-90.39745702,16.21080902,144.977524
D38a,Opsiphanes cassina,0,EP34D38a,-90.397453,16.21175802,144.101074
D38a,Opsiphanes cassina,0,EP35D38a,-90.39656502,16.210374,141.365738
D38a,Opsiphanes cassina,0,EP36D38a,-90.39657298,16.211265,143.282547
D38a,Opsiphanes cassina,0,EP37D38a,-90.395684,16.21080198,142.145065
D38a,Opsiphanes cassina,0,EP38D38a,-90.39568199,16.21178803,142.757462
D38a,Opsiphanes cassina,0,EP40D38a,-90.39481102,16.21128302,142.104431
D38a,Opsiphanes cassina,0,EP41D38a,-90.39481496,16.21219497,142.039795
D38a,Opsiphanes cassina,0,EP39D38a,-90.394806,16.21031399,141.802017
D39a,Opsiphanes cassina,0,EP1D39a,-90.41231303,16.20789698,152.057388
D39a,Opsiphanes cassina,0,EP2D39a,-90.41232702,16.20889703,152.141037
D39a,Opsiphanes cassina,0,EP3D39a,-90.41146302,16.20838297,153.574585
D39a,Opsiphanes cassina,0,EP4D39a,-90.411475,16.20936499,152.402939
D39a,Opsiphanes cassina,0,EP5D39a,-90.41054998,16.20790704,148.852554
D39a,Opsiphanes cassina,0,EP6D39a,-90.41056599,16.20888596,146.277328
D39a,Opsiphanes cassina,0,EP7D39a,-90.40969703,16.20840099,143.90831
D39a,Opsiphanes cassina,0,EP8D39a,-90.40967599,16.20935502,141.810608
D39a,Opsiphanes cassina,0,EP9D39a,-90.40889304,16.20797401,141.587799
D39a,Opsiphanes cassina,0,EP10D39a,-90.40781898,16.20856804,149.662949
D39a,Opsiphanes cassina,0,EP11D39a,-90.407836,16.20956196,148.866211
D39a,Opsiphanes cassina,0,EP12D39a,-90.40694903,16.20810896,147.050278
D39a,Opsiphanes cassina,0,EP13D39a,-90.40693603,16.20906802,147.429214
D39a,Opsiphanes cassina,0,EP14D39a,-90.40605401,16.20760999,145.107773
D39a,Opsiphanes cassina,0,EP15D39a,-90.40606004,16.20857399,145.083405
D39a,Opsiphanes cassina,0,EP16D39a,-90.40608703,16.20948502,144.001755
D39a,Opsiphanes cassina,0,EP17D39a,-90.40519201,16.20810402,143.874756
D39a,Opsiphanes cassina,0,EP18D39a,-90.40520802,16.20912996,143.144943
D39a,Opsiphanes cassina,0,EP19D39a,-90.40428199,16.20765802,161.475067
D39a,Opsiphanes cassina,0,EP20D39a,-90.40433899,16.20856301,161.181381
D39a,Opsiphanes cassina,0,EP21D39a,-90.40344698,16.20811198,156.794418
D39a,Opsiphanes cassina,0,EP22D39a,-90.402559,16.20753497,155.193436
D39a,Opsiphanes cassina,0,EP23D39a,-90.40300098,16.20963204,150.257812
D39a,Opsiphanes cassina,0,EP24D39a,-90.40210596,16.20915603,152.332092
D39a,Opsiphanes cassina,0,EP25D39a,-90.40122,16.20770403,153.49234
D39a,Opsiphanes cassina,0,EP26D39a,-90.40123701,16.20865001,154.613846
D39a,Opsiphanes cassina,0,EP27D39a,-90.40123802,16.20963296,154.56604
D39a,Opsiphanes cassina,0,EP28D39a,-90.40025499,16.20822899,133.485916
D39a,Opsiphanes cassina,0,EP29D39a,-90.40038901,16.20915201,135.151596
D39a,Opsiphanes cassina,0,EP30D39a,-90.39949399,16.207655,137.171799
D39a,Opsiphanes cassina,0,EP31D39a,-90.399509,16.20858799,137.013901
D39a,Opsiphanes cassina,0,EP32D39a,-90.39948796,16.20964402,135.879395
D39a,Opsiphanes cassina,0,EP33D39a,-90.39862697,16.20812397,139.23053
D39a,Opsiphanes cassina,0,EP34D39a,-90.39859001,16.20918101,139.643951
D39a,Opsiphanes cassina,0,EP35D39a,-90.39773103,16.207698,139.115753
D39a,Opsiphanes cassina,0,EP36D39a,-90.39771804,16.20866904,140.168503
D39a,Opsiphanes cassina,0,EP37D39a,-90.39773698,16.20955501,139.424347
D39a,Opsiphanes cassina,0,EP38D39a,-90.39681598,16.20809597,141.482529
D39a,Opsiphanes cassina,0,EP40D39a,-90.39597502,16.20760102,140.175552
D39a,Opsiphanes cassina,0,EP41D39a,-90.39598298,16.20858598,141.512802
D39a,Opsiphanes cassina,0,EP42D39a,-90.39596898,16.20956398,141.532547
D39a,Opsiphanes cassina,0,EP43D39a,-90.39511202,16.20809404,142.162262
D39a,Opsiphanes cassina,0,EP44D39a,-90.395095,16.209065,141.684174
D39a,Opsiphanes cassina,0,EP39D39a,-90.396864,16.20901496,139.151505
D39a,Opsiphanes cassina,0,EP46D39a,-90.39420501,16.20858296,142.875259
D39a,Opsiphanes cassina,0,EP45D39a,-90.39422404,16.20760596,143.025955
D39a,Opsiphanes cassina,0,EP47D39a,-90.39422999,16.209481,142.568375
D40a,Opsiphanes cassina,0,EP1D40a,-90.41192704,16.20688797,166.141006
D40a,Opsiphanes cassina,0,EP2D40a,-90.41200298,16.20586202,165.437332
D40a,Opsiphanes cassina,0,EP3D40a,-90.41199904,16.204908,165.457718
D40a,Opsiphanes cassina,0,EP4D40a,-90.41109597,16.20635899,161.914658
D40a,Opsiphanes cassina,0,EP5D40a,-90.41111198,16.20530203,164.304413
D40a,Opsiphanes cassina,0,EP6D40a,-90.41023004,16.20682804,150.071945
D40a,Opsiphanes cassina,0,EP7D40a,-90.41018704,16.20582498,152.193619
D40a,Opsiphanes cassina,0,EP8D40a,-90.41017899,16.20490699,153.136932
D40a,Opsiphanes cassina,0,EP9D40a,-90.40932898,16.20638497,150.674728
D40a,Opsiphanes cassina,0,EP10D40a,-90.40934198,16.20540102,152.624695
D40a,Opsiphanes cassina,0,EP11D40a,-90.40843799,16.204908,149.673813
D40a,Opsiphanes cassina,0,EP12D40a,-90.40715204,16.20697204,149.57756
D40a,Opsiphanes cassina,0,EP13D40a,-90.40714198,16.20590704,150.579224
D40a,Opsiphanes cassina,0,EP14D40a,-90.40717903,16.20490699,151.107391
D40a,Opsiphanes cassina,0,EP15D40a,-90.40628199,16.20640702,150.710587
D40a,Opsiphanes cassina,0,EP16D40a,-90.406283,16.20544402,149.802094
D40a,Opsiphanes cassina,0,EP17D40a,-90.40541204,16.20689602,150.374939
D40a,Opsiphanes cassina,0,EP18D40a,-90.40539301,16.20591902,150.137497
D40a,Opsiphanes cassina,0,EP19D40a,-90.40538999,16.20485703,151.060287
D40a,Opsiphanes cassina,0,EP20D40a,-90.40453596,16.20640702,151.447906
D40a,Opsiphanes cassina,0,EP21D40a,-90.40451601,16.20543899,152.965164
D40a,Opsiphanes cassina,0,EP22D40a,-90.403666,16.20689803,152.083267
D40a,Opsiphanes cassina,0,EP23D40a,-90.40365703,16.205929,152.488113
D40a,Opsiphanes cassina,0,EP24D40a,-90.40364396,16.20496298,153.077835
D40a,Opsiphanes cassina,0,EP25D40a,-90.40278599,16.20643199,152.866058
D40a,Opsiphanes cassina,0,EP26D40a,-90.401896,16.20690901,151.180054
D40a,Opsiphanes cassina,0,EP27D40a,-90.40103098,16.20642101,150.658173
D40a,Opsiphanes cassina,0,EP28D40a,-90.400143,16.20585197,150.884109
D40a,Opsiphanes cassina,0,EP29D40a,-90.40020403,16.20710196,148.935699
D40a,Opsiphanes cassina,0,EP30D40a,-90.39934698,16.20657398,150.825912
D40a,Opsiphanes cassina,0,EP31D40a,-90.39845003,16.20712903,151.801102
D40a,Opsiphanes cassina,0,EP32D40a,-90.39848196,16.20615497,150.891159
D40a,Opsiphanes cassina,0,EP33D40a,-90.39758602,16.20664104,151.891525
D40a,Opsiphanes cassina,0,EP34D40a,-90.39660098,16.20688202,165.181458
D40a,Opsiphanes cassina,0,EP35D40a,-90.39583697,16.20663299,146.293564
D40a,Opsiphanes cassina,0,EP36D40a,-90.39495201,16.20714303,150.922455
D40a,Opsiphanes cassina,0,EP37D40a,-90.39494203,16.20615497,150.082855
D40a,Opsiphanes cassina,0,EP38D40a,-90.39494002,16.20524101,150.806259
D40a,Opsiphanes cassina,0,EP39D40a,-90.39414198,16.20655102,152.975159
D41a,Opsiphanes cassina,0,EP1D41a,-90.41235502,16.20241203,133.142654
D41a,Opsiphanes cassina,0,EP2D41a,-90.41234404,16.20341501,133.471054
D41a,Opsiphanes cassina,0,EP3D41a,-90.41142999,16.20292802,137.688995
D41a,Opsiphanes cassina,0,EP4D41a,-90.41143703,16.20390996,137.343002
D41a,Opsiphanes cassina,0,EP5D41a,-90.410583,16.20244003,139.268723
D41a,Opsiphanes cassina,0,EP6D41a,-90.41057998,16.20342096,139.531052
D41a,Opsiphanes cassina,0,EP7D41a,-90.41059398,16.20432897,138.182983
D41a,Opsiphanes cassina,0,EP8D41a,-90.40969997,16.202939,141.033264
D41a,Opsiphanes cassina,0,EP9D41a,-90.409706,16.203917,142.211273
D41a,Opsiphanes cassina,0,EP10D41a,-90.40883202,16.20252896,141.866913
D41a,Opsiphanes cassina,0,EP11D41a,-90.40883202,16.20342499,140.860321
D41a,Opsiphanes cassina,0,EP12D41a,-90.408814,16.20438698,140.107819
D41a,Opsiphanes cassina,0,EP13D41a,-90.40791898,16.20294403,140.822586
D41a,Opsiphanes cassina,0,EP14D41a,-90.40704299,16.20247398,142.070251
D41a,Opsiphanes cassina,0,EP15D41a,-90.40688398,16.20437801,165.749512
D41a,Opsiphanes cassina,0,EP16D41a,-90.40692497,16.20340202,163.090027
D41a,Opsiphanes cassina,0,EP17D41a,-90.406082,16.20389404,163.051819
D41b,Opsiphanes cassina,0,EP1D41b,-90.39982701,16.202449,151.45105
D41b,Opsiphanes cassina,0,EP2D41b,-90.39983296,16.20342004,150.682495
D41b,Opsiphanes cassina,0,EP3D41b,-90.39981997,16.20442,148.763855
D41b,Opsiphanes cassina,0,EP4D41b,-90.39895101,16.20295401,153.751846
D41b,Opsiphanes cassina,0,EP5D41b,-90.39895898,16.20391097,153.054703
D41b,Opsiphanes cassina,0,EP6D41b,-90.398157,16.20246098,151.723755
D41b,Opsiphanes cassina,0,EP7D41b,-90.39809799,16.20343898,151.863556
D41b,Opsiphanes cassina,0,EP8D41b,-90.39810402,16.20442403,151.695648
D41b,Opsiphanes cassina,0,EP9D41b,-90.39718503,16.20296499,153.357025
D41b,Opsiphanes cassina,0,EP10D41b,-90.39723197,16.20388599,152.539825
D41b,Opsiphanes cassina,0,EP11D41b,-90.39631499,16.20248797,156.691132
D41b,Opsiphanes cassina,0,EP12D41b,-90.39632597,16.20346396,155.970963
D41b,Opsiphanes cassina,0,EP13D41b,-90.39632002,16.20445202,155.588287
D41b,Opsiphanes cassina,0,EP14D41b,-90.39552298,16.20299499,154.906769
D41b,Opsiphanes cassina,0,EP15D41b,-90.39553799,16.20396403,154.939346
D41b,Opsiphanes cassina,0,EP16D41b,-90.39975299,16.20551401,154.695389
D41b,Opsiphanes cassina,0,EP17D41b,-90.39887499,16.20502702,155.091583
D41b,Opsiphanes cassina,0,EP18D41b,-90.39799699,16.20543396,154.906082
D41b,Opsiphanes cassina,0,EP19D41b,-90.39712099,16.20507698,155.661407
D41b,Opsiphanes cassina,0,EP20D41b,-90.39710901,16.20593101,155.246002
D41b,Opsiphanes cassina,0,EP21D41b,-90.39622497,16.20550596,156.671173
D41c,Opsiphanes cassina,0,EP1D41c,-90.40128797,16.20260197,129.131516
D41c,Opsiphanes cassina,0,EP2D41c,-90.40044199,16.20308502,125.883492
D41c,Opsiphanes cassina,0,EP3D41c,-90.40130298,16.20363504,130.672073
D41c,Opsiphanes cassina,0,EP4D41c,-90.40130197,16.20450499,130.770691
D41c,Opsiphanes cassina,0,EP5D41c,-90.40131999,16.20544201,131.212479
D41c,Opsiphanes cassina,0,EP6D41c,-90.402155,16.204952,133.087326
D41c,Opsiphanes cassina,0,EP7D41c,-90.40301699,16.20541099,133.714005
D41c,Opsiphanes cassina,0,EP8D41c,-90.40214502,16.20392002,135.380737
D41c,Opsiphanes cassina,0,EP9D41c,-90.40299897,16.20437801,134.889038
D41c,Opsiphanes cassina,0,EP10D41c,-90.40211703,16.20289399,135.526352
D41c,Opsiphanes cassina,0,EP11D41c,-90.40306301,16.203384,135.357605
D41c,Opsiphanes cassina,0,EP12D41c,-90.40383096,16.203988,132.960144
D41c,Opsiphanes cassina,0,EP13D41c,-90.40381503,16.20303498,133.520767
D41c,Opsiphanes cassina,0,EP14D41c,-90.40472204,16.20250499,133.315033
D41c,Opsiphanes cassina,0,EP15D41c,-90.40296804,16.20258101,135.045364
D41c,Opsiphanes cassina,0,EP16D41c,-90.40380397,16.20209897,134.073593
D41c,Opsiphanes cassina,0,EP17D41c,-90.40203497,16.20215597,136.508469
D41c,Opsiphanes cassina,0,EP18D41c,-90.40295396,16.20163503,135.556396
D41c,Opsiphanes cassina,0,EP19D41c,-90.40385099,16.20015102,138.98764
D41c,Opsiphanes cassina,0,EP20D41c,-90.40293803,16.20069098,137.50708
D41c,Opsiphanes cassina,0,EP21D41c,-90.40463101,16.20066701,139.700104
D41c,Opsiphanes cassina,0,EP22D41c,-90.40379399,16.20115299,139.034958
D41c,Opsiphanes cassina,0,EP23D41c,-90.40465901,16.20161902,139.91275
D41c,Opsiphanes cassina,0,EP24D41c,-90.40548001,16.20114402,142.431793
D41c,Opsiphanes cassina,0,EP25D41c,-90.40461299,16.19974198,143.077591
D41c,Opsiphanes cassina,0,EP26D41c,-90.40547499,16.20018899,142.424469
D42a,Opsiphanes cassina,0,EP1D42a,-90.41229601,16.20145298,136.704132
D42a,Opsiphanes cassina,0,EP2D42a,-90.41231202,16.200479,137.722092
D42a,Opsiphanes cassina,0,EP3D42a,-90.41142798,16.20104302,139.348404
D42a,Opsiphanes cassina,0,EP4D42a,-90.41056196,16.20145499,140.490799
D42a,Opsiphanes cassina,0,EP5D42a,-90.41057403,16.20049601,140.936829
D42a,Opsiphanes cassina,0,EP6D42a,-90.409692,16.20098904,141.842514
D42a,Opsiphanes cassina,0,EP7D42a,-90.40881501,16.20138701,143.339493
D42a,Opsiphanes cassina,0,EP8D42a,-90.40880796,16.20048101,144.350098
D42a,Opsiphanes cassina,0,EP9D42a,-90.40791898,16.20098803,141.921219
D42a,Opsiphanes cassina,0,EP10D42a,-90.40792996,16.20000701,144.733139
D42a,Opsiphanes cassina,0,EP11D42a,-90.40706503,16.20145398,142.799377
D42a,Opsiphanes cassina,0,EP12D42a,-90.40705397,16.20049702,145.936432
D42a,Opsiphanes cassina,0,EP13D42a,-90.40594303,16.20111301,142.937912
D42b,Opsiphanes cassina,0,EP1D42b,-90.401724,16.20098501,147.042038
D42b,Opsiphanes cassina,0,EP2D42b,-90.40085304,16.201457,148.054321
D42b,Opsiphanes cassina,0,EP3D42b,-90.40085002,16.20041496,148.08139
D42b,Opsiphanes cassina,0,EP4D42b,-90.40085404,16.19951399,147.822968
D42b,Opsiphanes cassina,0,EP5D42b,-90.39997403,16.20098501,148.988007
D42b,Opsiphanes cassina,0,EP6D42b,-90.39997,16.19999997,150.060669
D42b,Opsiphanes cassina,0,EP7D42b,-90.39995198,16.19904201,150.480484
D42b,Opsiphanes cassina,0,EP8D42b,-90.39909602,16.19951399,149.821808
D42c,Opsiphanes cassina,0,EP1D42c,-90.39917598,16.20151198,150.650101
D42c,Opsiphanes cassina,0,EP2D42c,-90.39828801,16.20102198,151.537613
D42c,Opsiphanes cassina,0,EP3D42c,-90.39831298,16.20009402,152.053024
D42c,Opsiphanes cassina,0,EP4D42c,-90.39747303,16.20143596,152.624207
D42c,Opsiphanes cassina,0,EP5D42c,-90.397482,16.200652,152.563416
D42c,Opsiphanes cassina,0,EP6D42c,-90.39752902,16.19970904,152.980042
D42c,Opsiphanes cassina,3,EP7D42c,-90.39664599,16.20100597,152.636292
D42c,Opsiphanes cassina,0,EP8D42c,-90.39661196,16.200106,154.318756
D42c,Opsiphanes cassina,0,EP9D42c,-90.39582398,16.20144501,156.403122
D42c,Opsiphanes cassina,0,EP10D42c,-90.395814,16.20053801,156.030685
D42c,Opsiphanes cassina,0,EP11D42c,-90.39580998,16.19962798,155.381958
D43a,Opsiphanes cassina,0,EP1D43a,-90.41348297,16.19989696,149.659988
D43a,Opsiphanes cassina,0,EP2D43a,-90.41345003,16.19906103,151.475739
D43a,Opsiphanes cassina,0,EP3D43a,-90.41355296,16.19814003,151.756104
D43a,Opsiphanes cassina,0,EP4D43a,-90.41346302,16.19726001,152.065216
D43a,Opsiphanes cassina,0,EP5D43a,-90.413473,16.19638402,154.694504
D43a,Opsiphanes cassina,0,EP6D43a,-90.41347601,16.19547903,155.996353
D43a,Opsiphanes cassina,0,EP7D43a,-90.41274796,16.19411797,156.923279
D43a,Opsiphanes cassina,0,EP8D43a,-90.412711,16.19319999,169.428497
D43a,Opsiphanes cassina,0,EP9D43a,-90.412596,16.19240203,165.286774
D43a,Opsiphanes cassina,0,EP10D43a,-90.41115498,16.19237504,161.819977
D43a,Opsiphanes cassina,0,EP11D43a,-90.41182696,16.19458803,152.180252
D43a,Opsiphanes cassina,0,EP12D43a,-90.41108399,16.19414798,153.626801
D43a,Opsiphanes cassina,0,EP13D43a,-90.41043498,16.19377901,152.249405
D43a,Opsiphanes cassina,0,EP14D43a,-90.41094904,16.19500402,150.729965
D43a,Opsiphanes cassina,0,EP15D43a,-90.41023197,16.194568,151.091507
D43a,Opsiphanes cassina,0,EP16D43a,-90.41018201,16.19541097,149.596466
D43a,Opsiphanes cassina,0,EP17D43a,-90.40950299,16.19506496,150.548981
D43a,Opsiphanes cassina,0,EP18D43a,-90.409475,16.19596702,149.252823
D43a,Opsiphanes cassina,0,EP19D43a,-90.408685,16.19551197,149.49472
D43a,Opsiphanes cassina,0,EP20D43a,-90.409547,16.19688299,148.689758
D43a,Opsiphanes cassina,0,EP21D43a,-90.40863002,16.19637497,148.33992
D43a,Opsiphanes cassina,0,EP22D43a,-90.409432,16.19770803,146.445404
D43a,Opsiphanes cassina,0,EP23D43a,-90.409505,16.19861101,147.093323
D43a,Opsiphanes cassina,0,EP24D43a,-90.40950702,16.19950301,147.586685
D43a,Opsiphanes cassina,0,EP25D43a,-90.41029802,16.199069,147.911713
D43a,Opsiphanes cassina,0,EP26D43a,-90.41117703,16.19955104,147.812256
D43a,Opsiphanes cassina,0,EP27D43a,-90.41029198,16.19813802,155.040314
D43a,Opsiphanes cassina,0,EP28D43a,-90.41100201,16.19853096,154.447861
D43a,Opsiphanes cassina,0,EP29D43a,-90.41186401,16.19903698,154.626404
D43a,Opsiphanes cassina,0,EP30D43a,-90.41261997,16.19946999,153.870773
D43a,Opsiphanes cassina,0,EP31D43a,-90.41031503,16.19725498,162.551468
D43a,Opsiphanes cassina,0,EP32D43a,-90.41106798,16.19768699,161.731522
D43a,Opsiphanes cassina,0,EP33D43a,-90.41185202,16.19815,163.755936
D43a,Opsiphanes cassina,0,EP34D43a,-90.41263003,16.19854798,160.996109
D43a,Opsiphanes cassina,0,EP35D43a,-90.41025401,16.19635996,163.281815
D43a,Opsiphanes cassina,0,EP36D43a,-90.41107502,16.19678501,162.277557
D43a,Opsiphanes cassina,0,EP37D43a,-90.411819,16.19722799,162.164886
D43a,Opsiphanes cassina,0,EP38D43a,-90.41261896,16.19764701,161.661148
D43a,Opsiphanes cassina,0,EP40D43a,-90.41181497,16.19631898,161.26384
D43a,Opsiphanes cassina,0,EP41D43a,-90.41257102,16.19671301,163.243713
D43a,Opsiphanes cassina,0,EP42D43a,-90.41188999,16.19545396,176.280273
D43a,Opsiphanes cassina,0,EP43D43a,-90.41255803,16.19584003,175.131485
D43a,Opsiphanes cassina,0,EP39D43a,-90.41109698,16.19589301,176.650528
D43b,Opsiphanes cassina,0,EP1D43b,-90.40174596,16.19758699,153.294067
D43b,Opsiphanes cassina,0,EP2D43b,-90.40172903,16.19860598,149.014359
D43b,Opsiphanes cassina,0,EP3D43b,-90.40173297,16.19956596,144.906311
D43b,Opsiphanes cassina,0,EP4D43b,-90.402616,16.19998598,143.20401
D43b,Opsiphanes cassina,0,EP5D43b,-90.40261097,16.199084,144.258957
D43b,Opsiphanes cassina,0,EP6D43b,-90.4034189,16.22885669,0
D43b,Opsiphanes cassina,0,EP7D43b,-90.40260502,16.19810097,144.257828
D43b,Opsiphanes cassina,0,EP8D43b,-90.40334003,16.19849098,142.312958
D43b,Opsiphanes cassina,0,EP9D43b,-90.40259999,16.19713797,145.045135
D43b,Opsiphanes cassina,0,EP10D43b,-90.40347003,16.19663204,145.216797
D43b,Opsiphanes cassina,0,EP11D43b,-90.40348998,16.19752597,144.338837
D43b,Opsiphanes cassina,0,EP12D43b,-90.40435701,16.19809804,143.206985
D43b,Opsiphanes cassina,0,EP13D43b,-90.40431996,16.19713797,143.422318
D43b,Opsiphanes cassina,0,EP14D43b,-90.40522101,16.19760602,142.733047
D43b,Opsiphanes cassina,0,EP15D43b,-90.40432298,16.19616198,144.301407
D43b,Opsiphanes cassina,0,EP16D43b,-90.405204,16.19662701,142.579651
D43b,Opsiphanes cassina,0,EP17D43b,-90.40520601,16.19565697,142.956833
D43c,Opsiphanes cassina,0,EP1D43c,-90.40031198,16.19742899,146.207748
D43c,Opsiphanes cassina,0,EP2D43c,-90.39955904,16.19703001,147.972794
D43c,Opsiphanes cassina,0,EP3D43c,-90.39956499,16.19789503,147.052246
D43c,Opsiphanes cassina,0,EP4D43c,-90.39876603,16.19658502,145.242615
D43c,Opsiphanes cassina,1,EP5D43c,-90.39878497,16.19746503,144.861862
D43c,Opsiphanes cassina,0,EP6D43c,-90.39877701,16.198279,143.61908
D43c,Opsiphanes cassina,0,EP7D43c,-90.39799397,16.1971,144.417389
D43c,Opsiphanes cassina,0,EP8D43c,-90.39799598,16.19789897,144.068237
D43c,Opsiphanes cassina,0,EP9D43c,-90.39800604,16.19876096,142.86087
D43c,Opsiphanes cassina,0,EP10D43c,-90.397238,16.19673899,142.714706
D43c,Opsiphanes cassina,0,EP11D43c,-90.39724999,16.19753703,143.946198
D43c,Opsiphanes cassina,0,EP12D43c,-90.397228,16.19885599,0
D43c,Opsiphanes cassina,0,EP13D43c,-90.39641297,16.19711098,143.272141
D43c,Opsiphanes cassina,0,EP14D43c,-90.39642303,16.19797398,143.915771
D43c,Opsiphanes cassina,0,EP15D43c,-90.39566003,16.19667403,144.643204
D43c,Opsiphanes cassina,0,EP16D43c,-90.39567101,16.19753896,143.358978
D43c,Opsiphanes cassina,0,EP17D43c,-90.39570697,16.19849098,143.790344
D44a,Opsiphanes cassina,0,EP1D44a,-90.41240397,16.19158404,176.81778
D44a,Opsiphanes cassina,0,EP2D44a,-90.412495,16.19072598,175.459656
D44a,Opsiphanes cassina,0,EP3D44a,-90.411632,16.18938698,177.323883
D44a,Opsiphanes cassina,0,EP4D44a,-90.411589,16.18849103,178.538055
D44a,Opsiphanes cassina,1,EP5D44a,-90.411546,16.18758797,179.04805
D44a,Opsiphanes cassina,0,EP6D44a,-90.41080403,16.18722897,180.664566
D44a,Opsiphanes cassina,0,EP7D44a,-90.40999803,16.18668297,181.74054
D44a,Opsiphanes cassina,1,EP8D44a,-90.409188,16.18708597,187.779617
D44a,Opsiphanes cassina,0,EP9D44a,-90.40838904,16.18668004,185.589386
D44a,Opsiphanes cassina,0,EP10D44a,-90.40758102,16.18715001,184.533066
D44a,Opsiphanes cassina,0,EP11D44a,-90.407606,16.18803799,186.494019
D44a,Opsiphanes cassina,0,EP12D44a,-90.40752796,16.18888096,184.198593
D44a,Opsiphanes cassina,0,EP13D44a,-90.40746703,16.18975402,177.18959
D44a,Opsiphanes cassina,0,EP14D44a,-90.40680201,16.18938899,175.633087
D44a,Opsiphanes cassina,0,EP15D44a,-90.40604504,16.18987002,170.559372
D44a,Opsiphanes cassina,0,EP16D44a,-90.40600103,16.190728,168.531982
D44a,Opsiphanes cassina,0,EP17D44a,-90.40512999,16.19024,164.765732
D44a,Opsiphanes cassina,0,EP18D44a,-90.40519302,16.19117701,165.311234
D44a,Opsiphanes cassina,0,EP19D44a,-90.40519997,16.19200003,158.347137
D44a,Opsiphanes cassina,1,EP20D44a,-90.40600497,16.19161698,163.151413
D44a,Opsiphanes cassina,0,EP21D44a,-90.40598804,16.19250404,156.44278
D44a,Opsiphanes cassina,0,EP22D44a,-90.40679002,16.19034503,168.474289
D44a,Opsiphanes cassina,0,EP23D44a,-90.40677904,16.19118297,165.131302
D44a,Opsiphanes cassina,1,EP24D44a,-90.40678097,16.192009,160.515121
D44a,Opsiphanes cassina,0,EP25D44a,-90.40842097,16.190269,192.904968
D44a,Opsiphanes cassina,1,EP26D44a,-90.40771899,16.19067402,186.453506
D44a,Opsiphanes cassina,0,EP27D44a,-90.40919001,16.19070201,179.103653
D44a,Opsiphanes cassina,0,EP28D44a,-90.40841603,16.19118699,171.944595
D44a,Opsiphanes cassina,0,EP29D44a,-90.40754397,16.19165696,164.695679
D44a,Opsiphanes cassina,0,EP30D44a,-90.40841603,16.19206399,166.267517
D44a,Opsiphanes cassina,0,EP31D44a,-90.40679899,16.19378496,160.088593
D44a,Opsiphanes cassina,0,EP32D44a,-90.40765998,16.19337399,160.400436
D44a,Opsiphanes cassina,0,EP33D44a,-90.40607798,16.19333301,159.314163
D44a,Opsiphanes cassina,0,EP34D44a,-90.40681902,16.19295901,159.751938
D44a,Opsiphanes cassina,1,EP35D44a,-90.40528203,16.19382201,153.086029
D44a,Opsiphanes cassina,1,EP36D44a,-90.40615702,16.19423901,155.354523
D44a,Opsiphanes cassina,0,EP37D44a,-90.40673001,16.19477704,153.06221
D44a,Opsiphanes cassina,0,EP38D44a,-90.40591797,16.19522899,148.705276
D44a,Opsiphanes cassina,0,EP40D44a,-90.40673998,16.19657102,149.432129
D44a,Opsiphanes cassina,0,EP41D44a,-90.40594102,16.19703798,148.131149
D44a,Opsiphanes cassina,0,EP42D44a,-90.40681701,16.19743402,147.692459
D44a,Opsiphanes cassina,0,EP43D44a,-90.40675901,16.19835301,147.200775
D44a,Opsiphanes cassina,0,EP44D44a,-90.40592903,16.19880203,145.522614
D44a,Opsiphanes cassina,0,EP39D44a,-90.40674401,16.19569402,151.259155
D44a,Opsiphanes cassina,0,EP46D44a,-90.40746502,16.19964601,145.043716
D44a,Opsiphanes cassina,0,EP45D44a,-90.40674602,16.199256,146.316452
D44a,Opsiphanes cassina,0,EP47D44a,-90.40754196,16.19878502,145.859116
D44a,Opsiphanes cassina,0,EP48D44a,-90.40752101,16.19789704,143.96904
D44a,Opsiphanes cassina,0,EP49D44a,-90.407591,16.19704301,145.580414
D44a,Opsiphanes cassina,0,EP50D44a,-90.40751497,16.19611203,145.200409
D44a,Opsiphanes cassina,0,EP51D44a,-90.40752998,16.195216,146.925385
D44a,Opsiphanes cassina,0,EP52D44a,-90.40752604,16.19432702,148.278229
D44a,Opsiphanes cassina,0,EP53D44a,-90.40832299,16.19387196,149.441818
D44a,Opsiphanes cassina,0,EP54D44a,-90.40913897,16.19430204,147.238144
D44a,Opsiphanes cassina,0,EP55D44a,-90.40912002,16.19341901,151.343857
D44a,Opsiphanes cassina,0,EP56D44a,-90.40920502,16.19248903,159.478439
D44a,Opsiphanes cassina,0,EP57D44a,-90.41001001,16.192943,154.669296
D44a,Opsiphanes cassina,0,EP58D44a,-90.40933602,16.19168303,165.279984
D44a,Opsiphanes cassina,0,EP59D44a,-90.41000096,16.19203499,161.526505
D44a,Opsiphanes cassina,0,EP60D44a,-90.41007598,16.19117802,165.975067
D44a,Opsiphanes cassina,0,EP61D44a,-90.41080403,16.19158496,159.268875
D44a,Opsiphanes cassina,0,EP62D44a,-90.40844997,16.18941396,186.107208
D44a,Opsiphanes cassina,0,EP63D44a,-90.40920904,16.189822,185.179565
D44a,Opsiphanes cassina,0,EP64D44a,-90.41001102,16.19024604,179.736115
D44a,Opsiphanes cassina,0,EP65D44a,-90.41082398,16.19071601,173.510727
D44a,Opsiphanes cassina,0,EP66D44a,-90.41155103,16.19111599,171.245865
D44a,Opsiphanes cassina,1,EP67D44a,-90.40837999,16.18848098,192.759125
D44a,Opsiphanes cassina,0,EP68D44a,-90.40921801,16.188917,189.704071
D44a,Opsiphanes cassina,0,EP69D44a,-90.40995101,16.18933802,182.916946
D44a,Opsiphanes cassina,1,EP70D44a,-90.41080303,16.18980397,177.333298
D44a,Opsiphanes cassina,0,EP71D44a,-90.41158204,16.19026599,172.250015
D44a,Opsiphanes cassina,0,EP72D44a,-90.40919999,16.18801503,193.344162
D44a,Opsiphanes cassina,0,EP73D44a,-90.41001203,16.18845197,188.317337
D44a,Opsiphanes cassina,0,EP74D44a,-90.41087603,16.18894198,181.33754
D44b,Opsiphanes cassina,0,EP1D44b,-90.40087298,16.19740703,140.65416
D44b,Opsiphanes cassina,0,EP2D44b,-90.40246999,16.19562303,143.597458
D44b,Opsiphanes cassina,0,EP3D44b,-90.40167597,16.19608101,143.510391
D44b,Opsiphanes cassina,0,EP4D44b,-90.40080501,16.19656004,141.401657
D44b,Opsiphanes cassina,0,EP5D44b,-90.40250201,16.19474502,145.71022
D44b,Opsiphanes cassina,0,EP6D44b,-90.40168201,16.195172,144.350662
D44b,Opsiphanes cassina,0,EP7D44b,-90.40092797,16.19559604,143.902023
D44b,Opsiphanes cassina,0,EP8D44b,-90.40246597,16.19383601,149.000458
D44b,Opsiphanes cassina,0,EP9D44b,-90.40161797,16.19432601,148.201126
D44b,Opsiphanes cassina,0,EP10D44b,-90.40087701,16.19475902,146.623932
D44b,Opsiphanes cassina,0,EP11D44b,-90.40007302,16.19516102,146.357315
D44b,Opsiphanes cassina,0,EP12D44b,-90.40246303,16.19295197,150.107056
D44b,Opsiphanes cassina,0,EP13D44b,-90.40172802,16.19335799,148.632355
D44b,Opsiphanes cassina,0,EP14D44b,-90.40085597,16.19384103,148.300446
D44b,Opsiphanes cassina,0,EP15D44b,-90.40007997,16.194267,147.110428
D44b,Opsiphanes cassina,0,EP16D44b,-90.40085698,16.19294601,146.033432
D44b,Opsiphanes cassina,0,EP17D44b,-90.40238198,16.19210598,149.872574
D44b,Opsiphanes cassina,0,EP18D44b,-90.40326199,16.19160801,151.8983
D44b,Opsiphanes cassina,0,EP19D44b,-90.40327298,16.19249197,150.564667
D44b,Opsiphanes cassina,0,EP20D44b,-90.40325504,16.19339503,149.62793
D44b,Opsiphanes cassina,0,EP21D44b,-90.40412801,16.19292196,148.784393
D44b,Opsiphanes cassina,0,EP22D44b,-90.40325898,16.19430497,149.685822
D44b,Opsiphanes cassina,0,EP23D44b,-90.40400002,16.19388202,149.680527
D44b,Opsiphanes cassina,0,EP24D44b,-90.40333299,16.19518298,150.309799
D44b,Opsiphanes cassina,0,EP25D44b,-90.40407596,16.19475097,150.636856
D44c,Opsiphanes cassina,0,EP1D44c,-90.399654,16.19594397,142.410309
D44c,Opsiphanes cassina,0,EP2D44c,-90.39960598,16.19514199,144.20314
D44c,Opsiphanes cassina,0,EP3D44c,-90.39882604,16.19555103,144.397461
D44c,Opsiphanes cassina,0,EP4D44c,-90.39884096,16.19469004,145.272568
D44c,Opsiphanes cassina,0,EP5D44c,-90.398071,16.19511902,149.877563
D44c,Opsiphanes cassina,0,EP6D44c,-90.39810704,16.194266,144.06308
D44c,Opsiphanes cassina,0,EP7D44c,-90.39790001,16.19590097,142.541397
D44c,Opsiphanes cassina,0,EP8D44c,-90.397166,16.19464302,145.431503
D44c,Opsiphanes cassina,0,EP9D44c,-90.397165,16.19557902,144.32988
D44c,Opsiphanes cassina,0,EP10D44c,-90.39645497,16.19424496,146.145218
D44c,Opsiphanes cassina,0,EP11D44c,-90.39632203,16.19474502,146.394897
D44c,Opsiphanes cassina,0,EP12D44c,-90.39639696,16.19594799,146.330475
D44c,Opsiphanes cassina,0,EP13D44c,-90.39560203,16.19464704,146.582138
D44c,Opsiphanes cassina,0,EP14D44c,-90.39564402,16.19552404,145.995346
D45a,Opsiphanes cassina,0,EP1D45a,-90.39601299,16.19337098,156.582062
D45a,Opsiphanes cassina,0,EP2D45a,-90.39605498,16.19235802,170.032028
D45a,Opsiphanes cassina,0,EP3D45a,-90.39523498,16.19289799,161.729858
D45a,Opsiphanes cassina,0,EP4D45a,-90.39523004,16.19199601,166.754913
D45a,Opsiphanes cassina,0,EP5D45a,-90.39444298,16.19341196,155.075165
D45a,Opsiphanes cassina,0,EP6D45a,-90.39442001,16.19244402,161.577744
D45a,Opsiphanes cassina,0,EP7D45a,-90.39442697,16.19155797,157.147812
D46a,Opsiphanes cassina,0,EP1D46a,-90.39789699,16.188959,167.51149
D46a,Opsiphanes cassina,0,EP2D46a,-90.39698102,16.18942503,164.795822
D46a,Opsiphanes cassina,0,EP3D46a,-90.39612397,16.18893703,166.655945
D46a,Opsiphanes cassina,0,EP4D46a,-90.39600302,16.19001403,160.734543
D46a,Opsiphanes cassina,0,EP5D46a,-90.39524596,16.18942796,159.637772
D46a,Opsiphanes cassina,0,EP6D46a,-90.39525803,16.19042901,160.208755
D46a,Opsiphanes cassina,0,EP7D46a,-90.39435597,16.18896,164.581497
D46a,Opsiphanes cassina,0,EP8D46a,-90.39437802,16.18991403,161.934235
D46a,Opsiphanes cassina,0,EP9D46a,-90.39432303,16.19092204,159.265762
D46b,Opsiphanes cassina,0,EP1D46b,-90.39881699,16.193447,160.420578
D46b,Opsiphanes cassina,0,EP2D46b,-90.39883099,16.19240697,161.23645
D46b,Opsiphanes cassina,0,EP3D46b,-90.39797,16.19288499,159.586456
D46b,Opsiphanes cassina,0,EP4D46b,-90.39711496,16.19335002,157.359497
D46b,Opsiphanes cassina,0,EP5D46b,-90.39883601,16.191419,159.595566
D46b,Opsiphanes cassina,0,EP6D46b,-90.39798098,16.19188696,158.613449
D46b,Opsiphanes cassina,0,EP7D46b,-90.39709501,16.19240203,157.388351
D46b,Opsiphanes cassina,0,EP8D46b,-90.39882797,16.19043597,158.082199
D46b,Opsiphanes cassina,0,EP9D46b,-90.39796203,16.19092497,156.404037
D46b,Opsiphanes cassina,0,EP10D46b,-90.39700197,16.19145999,153.27066
D46b,Opsiphanes cassina,0,EP11D46b,-90.39875102,16.18949502,156.623581
D46b,Opsiphanes cassina,0,EP12D46b,-90.39786204,16.18997798,156.590469
D46b,Opsiphanes cassina,0,EP13D46b,-90.39698998,16.19048098,154.115616
D46b,Opsiphanes cassina,0,EP14D46b,-90.39619798,16.19093796,152.461182
D47a,Opsiphanes cassina,0,EP1D47a,-90.39914799,16.18821502,165.842194
D47a,Opsiphanes cassina,0,EP2D47a,-90.39836202,16.18771998,166.644058
D47a,Opsiphanes cassina,0,EP3D47a,-90.397467,16.18628198,174.225586
D47a,Opsiphanes cassina,0,EP4D47a,-90.39740598,16.18725998,169.556976
D47a,Opsiphanes cassina,0,EP5D47a,-90.39745401,16.18818199,171.046432
D47a,Opsiphanes cassina,0,EP6D47a,-90.396532,16.18684902,171.651962
D47a,Opsiphanes cassina,0,EP7D47a,-90.39655203,16.18774597,168.307434
D47a,Opsiphanes cassina,0,EP8D47a,-90.39564804,16.18626799,166.797043
D47a,Opsiphanes cassina,0,EP9D47a,-90.39564201,16.18726602,169.113861
D47a,Opsiphanes cassina,0,EP10D47a,-90.39569397,16.18822298,164.882874
D47a,Opsiphanes cassina,0,EP11D47a,-90.39483198,16.18676302,165.007278
D47a,Opsiphanes cassina,0,EP12D47a,-90.39478102,16.18774496,170.191055
D47a,Opsiphanes cassina,0,EP13D47a,-90.39379396,16.18624996,156.577927
D47a,Opsiphanes cassina,0,EP14D47a,-90.39374501,16.18724699,161.915421
D47a,Opsiphanes cassina,0,EP15D47a,-90.39377402,16.18830303,162.044586
D47a,Opsiphanes cassina,0,EP16D47a,-90.39300799,16.18674802,157.753189
D47a,Opsiphanes cassina,1,EP17D47a,-90.39305502,16.18782702,162.852386
D47a,Opsiphanes cassina,0,EP18D47a,-90.39215698,16.18823304,159.018677
D47a,Opsiphanes cassina,0,EP19D47a,-90.39128903,16.18775502,156.620514
D47a,Opsiphanes cassina,0,EP20D47a,-90.39038102,16.18823203,158.135666
D47b,Opsiphanes cassina,0,EP1D47b,-90.39217902,16.18658599,160.977982
D47b,Opsiphanes cassina,0,EP2D47b,-90.391384,16.18608903,163.116562
D47b,Opsiphanes cassina,0,EP3D47b,-90.39130798,16.18513098,163.936478
D47b,Opsiphanes cassina,0,EP4D47b,-90.38865502,16.183725,164.402863
D47b,Opsiphanes cassina,0,EP5D47b,-90.389515,16.18420998,159.898285
D47b,Opsiphanes cassina,0,EP6D47b,-90.386983,16.18377898,170.19693
D47b,Opsiphanes cassina,0,EP7D47b,-90.38771197,16.18419103,167.67511
D47b,Opsiphanes cassina,0,EP8D47b,-90.388594,16.18469898,160.509796
D47b,Opsiphanes cassina,0,EP9D47b,-90.38600097,16.18423303,159.413971
D47b,Opsiphanes cassina,0,EP10D47b,-90.38686699,16.18465799,160.638733
D47b,Opsiphanes cassina,0,EP11D47b,-90.38777299,16.18515302,157.543167
D47b,Opsiphanes cassina,0,EP12D47b,-90.38769697,16.18615399,152.360474
D47b,Opsiphanes cassina,0,EP13D47b,-90.38861403,16.18578502,155.235458
D47b,Opsiphanes cassina,0,EP14D47b,-90.38945901,16.18517297,158.913467
D47b,Opsiphanes cassina,0,EP15D47b,-90.38950997,16.18610303,149.518066
D47b,Opsiphanes cassina,0,EP16D47b,-90.38861001,16.18662204,152.747879
D47b,Opsiphanes cassina,0,EP17D47b,-90.38949396,16.18711699,147.663971
D48a,Opsiphanes cassina,0,EP1D48a,-90.39844198,16.18359298,179.619995
D48a,Opsiphanes cassina,0,EP2D48a,-90.397511,16.18396003,178.545853
D48a,Opsiphanes cassina,0,EP3D48a,-90.39668002,16.18350497,177.01062
D48a,Opsiphanes cassina,0,EP4D48a,-90.39667801,16.184487,178.154602
D48a,Opsiphanes cassina,0,EP5D48a,-90.39667499,16.18545603,177.128571
D48a,Opsiphanes cassina,0,EP6D48a,-90.39579296,16.18408198,173.076996
D48a,Opsiphanes cassina,0,EP7D48a,-90.39581501,16.184977,170.186356
D48a,Opsiphanes cassina,0,EP8D48a,-90.39496802,16.18351,178.829224
D48a,Opsiphanes cassina,0,EP9D48a,-90.39493801,16.18448297,173.092285
D48a,Opsiphanes cassina,0,EP10D48a,-90.39494103,16.18546098,168.494202
D48a,Opsiphanes cassina,0,EP11D48a,-90.39406403,16.183998,177.297638
D48a,Opsiphanes cassina,0,EP12D48a,-90.39404199,16.184977,172.127853
D48a,Opsiphanes cassina,0,EP13D48a,-90.393181,16.18350699,173.122375
D48a,Opsiphanes cassina,0,EP14D48a,-90.39318502,16.18456797,172.361191
D48a,Opsiphanes cassina,0,EP15D48a,-90.39317203,16.185466,168.053726
D48a,Opsiphanes cassina,0,EP16D48a,-90.39230903,16.18498002,169.420517
D49a,Opsiphanes cassina,0,EP1D49a,-90.39986699,16.182517,171.112488
D49a,Opsiphanes cassina,0,EP2D49a,-90.39901304,16.18204602,173.563141
D49a,Opsiphanes cassina,0,EP3D49a,-90.39810704,16.18057298,175.577988
D49a,Opsiphanes cassina,0,EP4D49a,-90.398128,16.18154202,169.788849
D49a,Opsiphanes cassina,0,EP5D49a,-90.39812104,16.18250501,176.518585
D49a,Opsiphanes cassina,0,EP6D49a,-90.39724404,16.18007996,172.244675
D49a,Opsiphanes cassina,0,EP7D49a,-90.39722501,16.18104497,169.216812
D49a,Opsiphanes cassina,0,EP8D49a,-90.39726298,16.18202498,171.119965
D49a,Opsiphanes cassina,0,EP9D49a,-90.39636201,16.18057298,167.132355
D49a,Opsiphanes cassina,0,EP10D49a,-90.39635296,16.18154503,171.674164
D49a,Opsiphanes cassina,0,EP11D49a,-90.39638498,16.18252597,174.715103
D49a,Opsiphanes cassina,0,EP12D49a,-90.39550496,16.18105603,168.671051
D49a,Opsiphanes cassina,0,EP13D49a,-90.39547998,16.18206102,174.325943
D49a,Opsiphanes cassina,0,EP14D49a,-90.394635,16.18252496,176.665787
E26a,Opsiphanes cassina,0,EP1E26a,-90.37854603,16.25770401,143.376419
E26a,Opsiphanes cassina,0,EP2E26a,-90.377736,16.25814398,145.348465
E26a,Opsiphanes cassina,0,EP3E26a,-90.37933996,16.25825697,142.376511
E26a,Opsiphanes cassina,0,EP4E26a,-90.378528,16.25868402,141.62413
E26a,Opsiphanes cassina,0,EP5E26a,-90.37939704,16.25921804,140.192886
E26a,Opsiphanes cassina,0,EP6E26a,-90.38024303,16.25973897,138.557465
E26a,Opsiphanes cassina,0,EP7E26a,-90.37942696,16.26014298,141.973694
E26a,Opsiphanes cassina,0,EP8E26a,-90.380224,16.26068898,141.206223
E26a,Opsiphanes cassina,0,EP9E26a,-90.381072,16.26121804,141.72049
E26a,Opsiphanes cassina,0,EP10E26a,-90.38018896,16.26168399,143.738678
E26a,Opsiphanes cassina,1,EP11E26a,-90.38095297,16.26225002,142.570206
E26a,Opsiphanes cassina,0,EP12E26a,-90.38188504,16.26267498,142.253754
E26a,Opsiphanes cassina,0,EP13E26a,-90.38100603,16.26315502,142.575897
E26a,Opsiphanes cassina,0,EP14E26a,-90.38276598,16.26322299,140.982162
E26a,Opsiphanes cassina,0,EP15E26a,-90.38186803,16.26367603,140.372772
E26a,Opsiphanes cassina,0,EP16E26a,-90.38097502,16.26413603,141.206955
E26a,Opsiphanes cassina,0,EP17E26a,-90.38280303,16.26416302,141.643188
E26a,Opsiphanes cassina,0,EP18E26a,-90.381835,16.26465504,141.569992
E26a,Opsiphanes cassina,0,EP19E26a,-90.38181304,16.26563698,140.807159
E26b,Opsiphanes cassina,0,EP1E26b,-90.37504901,16.25844103,139.036285
E26b,Opsiphanes cassina,0,EP2E26b,-90.374213,16.25886197,137.213303
E26b,Opsiphanes cassina,0,EP3E26b,-90.37501599,16.259414,140.044312
E26b,Opsiphanes cassina,0,EP4E26b,-90.37586197,16.25991298,140.053406
E26b,Opsiphanes cassina,0,EP5E26b,-90.37505496,16.26034599,139.975159
E26b,Opsiphanes cassina,0,EP6E26b,-90.37583699,16.26090003,139.662354
E26b,Opsiphanes cassina,0,EP7E26b,-90.376615,16.26145097,139.495941
E26b,Opsiphanes cassina,0,EP8E26b,-90.37572199,16.26192204,139.988174
E26b,Opsiphanes cassina,0,EP9E26b,-90.37667401,16.262391,139.332016
E26b,Opsiphanes cassina,0,EP10E26b,-90.37752997,16.26290096,138.531021
E26b,Opsiphanes cassina,0,EP11E26b,-90.37663202,16.26336096,139.049179
E26b,Opsiphanes cassina,0,EP12E26b,-90.37741698,16.26391299,138.566849
E26b,Opsiphanes cassina,0,EP13E26b,-90.37745797,16.26483601,138.205643
E26b,Opsiphanes cassina,0,EP14E26b,-90.37832801,16.26438104,137.957748
E26b,Opsiphanes cassina,0,EP15E26b,-90.37829599,16.26534797,138.367188
E26b,Opsiphanes cassina,0,EP16E26b,-90.37827596,16.26633503,137.660248
E26b,Opsiphanes cassina,0,EP17E26b,-90.37921197,16.26489996,136.964081
E26b,Opsiphanes cassina,0,EP18E26b,-90.38011797,16.26445396,136.529678
E26b,Opsiphanes cassina,0,EP19E26b,-90.37924097,16.26393504,139.05307
E26b,Opsiphanes cassina,0,EP20E26b,-90.378398,16.26341896,138.796265
E26b,Opsiphanes cassina,0,EP21E26b,-90.379275,16.26296701,138.416122
E26b,Opsiphanes cassina,0,EP22E26b,-90.37841904,16.26245798,139.706863
E26b,Opsiphanes cassina,0,EP23E26b,-90.37755998,16.26196696,140.548843
E26b,Opsiphanes cassina,0,EP24E26b,-90.377592,16.26095803,140.918076
E26b,Opsiphanes cassina,0,EP25E26b,-90.37846698,16.26049904,141.228043
E26b,Opsiphanes cassina,0,EP26E26b,-90.376716,16.26042997,141.736984
E26b,Opsiphanes cassina,0,EP27E26b,-90.37761404,16.25999001,141.842636
E26b,Opsiphanes cassina,0,EP28E26b,-90.37683201,16.25942599,140.904205
E26b,Opsiphanes cassina,0,EP29E26b,-90.37761999,16.259011,141.093811
E26b,Opsiphanes cassina,0,EP30E26b,-90.37588997,16.25895199,142.369156
E26b,Opsiphanes cassina,0,EP31E26b,-90.37679899,16.25851597,142.536163
E26b,Opsiphanes cassina,0,EP32E26b,-90.37590799,16.25797701,142.131134
E26b,Opsiphanes cassina,0,EP33E26b,-90.37680703,16.25751802,143.446228
E30a,Opsiphanes cassina,0,EP1E30a,-90.38340803,16.23245797,158.774643
E30a,Opsiphanes cassina,0,EP2E30a,-90.38260002,16.23284999,158.522873
E30a,Opsiphanes cassina,0,EP3E30a,-90.38168304,16.23244498,158.303543
E30a,Opsiphanes cassina,0,EP4E30a,-90.38172302,16.23335701,158.224045
E30a,Opsiphanes cassina,0,EP5E30a,-90.38078701,16.23281001,157.470474
E30a,Opsiphanes cassina,0,EP6E30a,-90.38081903,16.23384803,159.270264
E30a,Opsiphanes cassina,0,EP7E30a,-90.37991898,16.23239997,158.529297
E30a,Opsiphanes cassina,0,EP8E30a,-90.37993901,16.23336196,159.016861
E30a,Opsiphanes cassina,0,EP9E30a,-90.37992996,16.23433602,160.325424
E30a,Opsiphanes cassina,0,EP10E30a,-90.37902899,16.23286701,159.120026
E30a,Opsiphanes cassina,0,EP11E30a,-90.37910099,16.23392204,157.403595
E30a,Opsiphanes cassina,0,EP12E30a,-90.378182,16.23239997,157.162888
E30a,Opsiphanes cassina,0,EP13E30a,-90.37817798,16.23345098,158.36026
E30a,Opsiphanes cassina,0,EP14E30a,-90.37817697,16.23435102,158.401855
E30a,Opsiphanes cassina,0,EP15E30a,-90.37732403,16.23289903,157.109589
E30a,Opsiphanes cassina,0,EP16E30a,-90.37732604,16.23385096,157.409531
E30a,Opsiphanes cassina,0,EP17E30a,-90.37643203,16.23337696,158.085251
E30a,Opsiphanes cassina,0,EP18E30a,-90.37643102,16.23433904,157.982407
E30a,Opsiphanes cassina,0,EP19E30a,-90.37556701,16.23395196,157.401215
E30a,Opsiphanes cassina,0,EP20E30a,-90.37467702,16.23437198,158.018494
E30b,Opsiphanes cassina,0,EP1E30b,-90.38105196,16.234577,145.480057
E30b,Opsiphanes cassina,0,EP2E30b,-90.38196098,16.23407903,146.214203
E30b,Opsiphanes cassina,0,EP3E30b,-90.38283002,16.23361601,146.307175
E30b,Opsiphanes cassina,1,EP4E30b,-90.38379704,16.23307798,146.276596
E30b,Opsiphanes cassina,0,EP5E30b,-90.38116604,16.23549901,152.273514
E30b,Opsiphanes cassina,0,EP6E30b,-90.38204002,16.23502501,150.213943
E30b,Opsiphanes cassina,0,EP7E30b,-90.38292004,16.23454196,147.699341
E30b,Opsiphanes cassina,0,EP8E30b,-90.38378899,16.23406403,147.231964
E30b,Opsiphanes cassina,0,EP9E30b,-90.38467898,16.23356698,145.421509
E30b,Opsiphanes cassina,0,EP10E30b,-90.38467303,16.23454196,144.17099
E30b,Opsiphanes cassina,0,EP11E30b,-90.38380098,16.235037,145.185654
E30b,Opsiphanes cassina,0,EP12E30b,-90.38293303,16.23550798,146.337936
E30b,Opsiphanes cassina,0,EP13E30b,-90.38203198,16.23599002,147.656128
E30b,Opsiphanes cassina,0,EP14E30b,-90.38115498,16.23646896,148.89679
E30b,Opsiphanes cassina,0,EP15E30b,-90.38011797,16.23703399,150.396988
E30b,Opsiphanes cassina,0,EP16E30b,-90.379404,16.23744202,146.628082
E30b,Opsiphanes cassina,0,EP17E30b,-90.38014697,16.23607602,151.570053
E30b,Opsiphanes cassina,0,EP18E30b,-90.37939603,16.23647097,148.201263
E30b,Opsiphanes cassina,0,EP19E30b,-90.37956099,16.23559004,151.588821
E30b,Opsiphanes cassina,0,EP20E30b,-90.37853303,16.23616696,154.154144
E30b,Opsiphanes cassina,0,EP21E30b,-90.37852096,16.23694698,148.024048
E30c,Opsiphanes cassina,0,EP1E30c,-90.37423303,16.23917699,158.691544
E30c,Opsiphanes cassina,0,EP2E30c,-90.37511498,16.23866804,159.230988
E30c,Opsiphanes cassina,0,EP3E30c,-90.37601503,16.23820301,159.228882
E30c,Opsiphanes cassina,0,EP4E30c,-90.37510802,16.23966197,157.680862
E30c,Opsiphanes cassina,0,EP5E30c,-90.37599198,16.23916601,158.159958
E30c,Opsiphanes cassina,0,EP6E30c,-90.37599499,16.24015801,157.344971
E30c,Opsiphanes cassina,0,EP7E30c,-90.37686897,16.23967001,153.828415
E30c,Opsiphanes cassina,0,EP8E30c,-90.37510601,16.24061801,157.069824
E30c,Opsiphanes cassina,0,EP9E30c,-90.37425499,16.24010604,155.934677
E30c,Opsiphanes cassina,0,EP10E30c,-90.37424401,16.241091,154.09993
E30c,Opsiphanes cassina,0,EP11E30c,-90.373364,16.24061901,151.979507
E30c,Opsiphanes cassina,0,EP12E30c,-90.372646,16.24134899,166.896072
E31a,Opsiphanes cassina,0,EP1E31a,-90.393024,16.22962497,143.312775
E31a,Opsiphanes cassina,0,EP2E31a,-90.392131,16.22934099,143.873138
E31a,Opsiphanes cassina,0,EP3E31a,-90.39214298,16.23016804,143.920013
E31a,Opsiphanes cassina,0,EP4E31a,-90.39129398,16.22969002,141.918732
E31a,Opsiphanes cassina,0,EP5E31a,-90.39127202,16.230665,140.85585
E31a,Opsiphanes cassina,1,EP6E31a,-90.39038404,16.22930503,143.648514
E31a,Opsiphanes cassina,0,EP7E31a,-90.39039301,16.23010802,142.643845
E31a,Opsiphanes cassina,0,EP8E31a,-90.38952003,16.22970502,143.246811
E31a,Opsiphanes cassina,0,EP9E31a,-90.38862803,16.22929598,145.59169
E31a,Opsiphanes cassina,0,EP10E31a,-90.38862904,16.23012696,144.613068
E31a,Opsiphanes cassina,0,EP11E31a,-90.38775899,16.22968901,146.281738
E31a,Opsiphanes cassina,0,EP12E31a,-90.38688803,16.22930101,146.789627
E31a,Opsiphanes cassina,0,EP13E31a,-90.38687596,16.23018899,147.177536
E31a,Opsiphanes cassina,0,EP14E31a,-90.38602402,16.22970996,150.321442
E31a,Opsiphanes cassina,0,EP15E31a,-90.38426198,16.22972799,151.393417
E31a,Opsiphanes cassina,0,EP16E31a,-90.38427296,16.230679,152.538818
E31a,Opsiphanes cassina,0,EP17E31a,-90.38338297,16.23019502,152.3983
E31a,Opsiphanes cassina,0,EP18E31a,-90.38336302,16.23118099,152.183121
E31a,Opsiphanes cassina,0,EP19E31a,-90.38250203,16.22973603,152.676407
E31a,Opsiphanes cassina,0,EP20E31a,-90.38250798,16.23068101,152.192459
E31a,Opsiphanes cassina,0,EP21E31a,-90.38250304,16.23158198,154.156479
E31a,Opsiphanes cassina,0,EP22E31a,-90.38157701,16.23020601,152.544464
E31a,Opsiphanes cassina,0,EP23E31a,-90.38159997,16.23115903,153.699768
E31a,Opsiphanes cassina,0,EP24E31a,-90.38075801,16.23070297,153.19899
E31a,Opsiphanes cassina,0,EP25E31a,-90.38073001,16.23166303,155.763916
E31a,Opsiphanes cassina,0,EP26E31a,-90.37986098,16.23123497,155.350754
E31a,Opsiphanes cassina,0,EP27E31a,-90.37900804,16.23169798,158.338181
E31a,Opsiphanes cassina,1,EP28E31a,-90.39034397,16.23115601,147.674362
E31a,Opsiphanes cassina,0,EP29E31a,-90.38948902,16.23168399,151.532547
E31a,Opsiphanes cassina,0,EP30E31a,-90.38949204,16.23071303,147.427185
E31a,Opsiphanes cassina,0,EP31E31a,-90.38862702,16.23118702,154.721222
E31a,Opsiphanes cassina,0,EP32E31a,-90.38774801,16.23165096,154.44603
E31a,Opsiphanes cassina,0,EP33E31a,-90.38687697,16.23116297,150.464737
E31a,Opsiphanes cassina,0,EP34E31a,-90.38422401,16.23166102,154.362091
E31a,Opsiphanes cassina,0,EP35E31a,-90.38503496,16.23121996,154.019135
E31a,Opsiphanes cassina,0,EP36E31a,-90.38591799,16.23073398,152.466736
E31a,Opsiphanes cassina,0,EP37E31a,-90.38512297,16.23021598,155.336487
E31a,Opsiphanes cassina,1,EP38E31a,-90.38860397,16.23213401,158.273743
E31a,Opsiphanes cassina,0,EP40E31a,-90.38688401,16.23215396,150.853058
E31a,Opsiphanes cassina,0,EP39E31a,-90.38776201,16.232635,149.153168
E31b,Opsiphanes cassina,0,EP1E31b,-90.38307804,16.22716203,153.811401
E31b,Opsiphanes cassina,0,EP2E31b,-90.38224303,16.22857799,152.839615
E31b,Opsiphanes cassina,0,EP3E31b,-90.38224999,16.22763201,154.130234
E31b,Opsiphanes cassina,0,EP4E31b,-90.382237,16.22671897,153.862595
E31b,Opsiphanes cassina,0,EP5E31b,-90.38137098,16.22907504,154.092545
E31b,Opsiphanes cassina,0,EP6E31b,-90.38137198,16.22809804,154.645294
E31b,Opsiphanes cassina,0,EP7E31b,-90.38045802,16.22945096,161.344452
E31b,Opsiphanes cassina,0,EP8E31b,-90.38047696,16.22861302,161.56723
E31b,Opsiphanes cassina,0,EP9E31b,-90.37961698,16.23012998,163.400604
E31b,Opsiphanes cassina,0,EP10E31b,-90.37962997,16.22911904,163.591049
E31b,Opsiphanes cassina,0,EP11E31b,-90.37872196,16.23058503,163.390015
E31b,Opsiphanes cassina,0,EP12E31b,-90.37786298,16.23108401,162.70105
E31b,Opsiphanes cassina,0,EP13E31b,-90.377003,16.231557,163.695908
E32a,Opsiphanes cassina,0,EP1E32a,-90.39204701,16.22879399,133.027771
E32a,Opsiphanes cassina,0,EP2E32a,-90.39120002,16.22880698,132.31395
E32a,Opsiphanes cassina,0,EP3E32a,-90.39032604,16.22831698,135.241364
E32a,Opsiphanes cassina,0,EP4E32a,-90.39032101,16.22734702,134.201111
E32a,Opsiphanes cassina,0,EP5E32a,-90.38945599,16.22880497,139.792252
E32a,Opsiphanes cassina,0,EP6E32a,-90.38952498,16.22778397,138.967926
E32a,Opsiphanes cassina,0,EP7E32a,-90.389471,16.22686699,137.924698
E32a,Opsiphanes cassina,0,EP8E32a,-90.38857003,16.22842401,140.599808
E32a,Opsiphanes cassina,0,EP9E32a,-90.38856802,16.22737099,140.2948
E32a,Opsiphanes cassina,0,EP10E32a,-90.38771801,16.22884797,139.794022
E32a,Opsiphanes cassina,0,EP11E32a,-90.38768004,16.22785203,141.113785
E32a,Opsiphanes cassina,0,EP12E32a,-90.38769202,16.22689004,140.952164
E32a,Opsiphanes cassina,0,EP13E32a,-90.38681,16.228436,140.600006
E32a,Opsiphanes cassina,0,EP14E32a,-90.386782,16.22736203,140.601974
E32a,Opsiphanes cassina,0,EP15E32a,-90.385933,16.228867,140.351059
E32a,Opsiphanes cassina,0,EP16E32a,-90.38592897,16.22785999,141.231583
E32a,Opsiphanes cassina,0,EP17E32a,-90.38591598,16.22690798,139.276138
E32a,Opsiphanes cassina,0,EP18E32a,-90.38502901,16.22838202,142.917603
E32a,Opsiphanes cassina,0,EP19E32a,-90.38504904,16.22737904,141.857788
E32a,Opsiphanes cassina,0,EP20E32a,-90.38418001,16.22895299,142.266541
E32a,Opsiphanes cassina,0,EP21E32a,-90.38414497,16.22788397,140.149994
E32a,Opsiphanes cassina,0,EP22E32a,-90.38417699,16.22691996,141.377411
E32a,Opsiphanes cassina,0,EP23E32a,-90.38327401,16.22834204,141.457642
E33a,Opsiphanes cassina,0,EP1E33a,-90.39247499,16.22433599,144.265091
E33a,Opsiphanes cassina,0,EP2E33a,-90.39161702,16.22386401,145.181931
E33a,Opsiphanes cassina,0,EP3E33a,-90.391599,16.224812,146.300568
E33a,Opsiphanes cassina,0,EP4E33a,-90.39073398,16.22437002,147.810013
E33a,Opsiphanes cassina,0,EP5E33a,-90.39074203,16.22533201,148.000946
E33a,Opsiphanes cassina,0,EP6E33a,-90.38984802,16.22388102,147.479889
E33a,Opsiphanes cassina,0,EP7E33a,-90.38985397,16.22483899,148.726212
E33a,Opsiphanes cassina,0,EP8E33a,-90.38985296,16.22582696,149.197327
E33a,Opsiphanes cassina,0,EP9E33a,-90.38897303,16.22437002,149.871735
E33a,Opsiphanes cassina,0,EP10E33a,-90.38897898,16.22536596,150.331619
E33a,Opsiphanes cassina,1,EP11E33a,-90.38895803,16.22623701,150.203018
E33a,Opsiphanes cassina,0,EP12E33a,-90.38809,16.22393098,149.537781
E33a,Opsiphanes cassina,0,EP13E33a,-90.38810399,16.22479599,150.088989
E33a,Opsiphanes cassina,0,EP14E33a,-90.38812604,16.22585203,149.490768
E33a,Opsiphanes cassina,0,EP15E33a,-90.38720797,16.22437597,148.748001
E33a,Opsiphanes cassina,0,EP16E33a,-90.387171,16.22534601,149.796982
E33a,Opsiphanes cassina,0,EP17E33a,-90.386379,16.22390198,148.174393
E33a,Opsiphanes cassina,0,EP18E33a,-90.38635503,16.22486397,148.338638
E33a,Opsiphanes cassina,0,EP19E33a,-90.38633298,16.22584197,149.528229
E33a,Opsiphanes cassina,0,EP20E33a,-90.38545196,16.22543796,148.92395
E33a,Opsiphanes cassina,0,EP21E33a,-90.384568,16.22585798,149.243942
E33b,Opsiphanes cassina,0,EP1E33b,-90.38415503,16.22447597,149.312958
E33b,Opsiphanes cassina,0,EP2E33b,-90.38416802,16.22544198,151.686996
E33b,Opsiphanes cassina,0,EP3E33b,-90.38328197,16.223992,151.133636
E33b,Opsiphanes cassina,0,EP4E33b,-90.38325699,16.22496597,152.936905
E33b,Opsiphanes cassina,0,EP5E33b,-90.38326504,16.22595998,152.910812
E33b,Opsiphanes cassina,0,EP6E33b,-90.382382,16.22442199,151.737473
E33b,Opsiphanes cassina,0,EP7E33b,-90.38235904,16.22546696,154.568787
E33b,Opsiphanes cassina,0,EP8E33b,-90.38148799,16.22390097,152.682739
E33b,Opsiphanes cassina,0,EP9E33b,-90.38152202,16.22498198,154.430344
E33b,Opsiphanes cassina,0,EP10E33b,-90.38154499,16.22594699,155.119949
E33b,Opsiphanes cassina,0,EP11E33b,-90.38062398,16.22451897,154.294983
E33b,Opsiphanes cassina,0,EP12E33b,-90.38063404,16.22547702,156.785645
E33b,Opsiphanes cassina,0,EP13E33b,-90.37975201,16.22396501,152.521469
E33b,Opsiphanes cassina,0,EP14E33b,-90.37981303,16.224913,154.539932
E34a,Opsiphanes cassina,0,EP1E34a,-90.39527697,16.22247797,142.670105
E34a,Opsiphanes cassina,0,EP2E34a,-90.394462,16.22200096,144.367798
E34a,Opsiphanes cassina,0,EP3E34a,-90.39445303,16.22298198,144.212631
E34a,Opsiphanes cassina,0,EP4E34a,-90.39357101,16.22152998,144.859207
E34a,Opsiphanes cassina,0,EP5E34a,-90.39358601,16.22249801,144.824783
E34a,Opsiphanes cassina,0,EP6E34a,-90.39357796,16.22348598,144.327606
E34a,Opsiphanes cassina,0,EP7E34a,-90.39271002,16.22209601,145.071671
E34a,Opsiphanes cassina,0,EP8E34a,-90.39270096,16.22299296,144.432953
E34a,Opsiphanes cassina,0,EP9E34a,-90.391816,16.221562,142.996277
E34a,Opsiphanes cassina,0,EP10E34a,-90.39183101,16.22243498,141.481995
E34a,Opsiphanes cassina,0,EP11E34a,-90.39183302,16.22318499,139.705887
E34a,Opsiphanes cassina,0,EP12E34a,-90.39094001,16.22204698,140.583466
E34a,Opsiphanes cassina,0,EP13E34a,-90.39096398,16.223014,139.594193
E34a,Opsiphanes cassina,0,EP14E34a,-90.39010299,16.22150701,140.981644
E34a,Opsiphanes cassina,0,EP15E34a,-90.39008598,16.22246004,139.386154
E34a,Opsiphanes cassina,0,EP16E34a,-90.38920202,16.22205201,137.345596
E34a,Opsiphanes cassina,0,EP17E34a,-90.38917403,16.22286497,138.183914
E34a,Opsiphanes cassina,0,EP18E34a,-90.38829996,16.22156099,138.58345
E34a,Opsiphanes cassina,1,EP19E34a,-90.38832301,16.22237002,137.190079
E34a,Opsiphanes cassina,0,EP20E34a,-90.38745398,16.22206198,138.73912
E34a,Opsiphanes cassina,0,EP21E34a,-90.386566,16.22349998,152.862427
E34a,Opsiphanes cassina,0,EP22E34a,-90.38738701,16.22281702,146.834427
E34a,Opsiphanes cassina,0,EP23E34a,,,
E34b,Opsiphanes cassina,0,EP1E34b,-90.38663297,16.22135203,147.807068
E34b,Opsiphanes cassina,0,EP2E34b,-90.385847,16.22182704,147.820541
E34b,Opsiphanes cassina,0,EP3E34b,-90.385861,16.22280797,147.781815
E34b,Opsiphanes cassina,0,EP4E34b,-90.38492398,16.22132597,148.142105
E34b,Opsiphanes cassina,0,EP5E34b,-90.384913,16.22230003,149.11705
E34b,Opsiphanes cassina,0,EP6E34b,-90.38493102,16.22339898,147.518661
E34b,Opsiphanes cassina,0,EP7E34b,-90.38404204,16.22181698,147.267731
E34b,Opsiphanes cassina,0,EP8E34b,-90.38405797,16.22280403,147.429688
E34b,Opsiphanes cassina,0,EP9E34b,-90.38314903,16.22139897,148.054535
E34b,Opsiphanes cassina,0,EP10E34b,-90.38317099,16.222325,148.858841
E34b,Opsiphanes cassina,0,EP11E34b,-90.383172,16.22327903,148.046555
E34b,Opsiphanes cassina,0,EP12E34b,-90.38228201,16.22183299,149.380112
E34b,Opsiphanes cassina,0,EP13E34b,-90.38229601,16.22281099,149.961884
E34b,Opsiphanes cassina,0,EP14E34b,-90.38140702,16.22133502,151.389862
E34b,Opsiphanes cassina,0,EP15E34b,-90.38140903,16.22231604,150.175598
E34b,Opsiphanes cassina,0,EP16E34b,-90.381418,16.22329404,147.72612
E34b,Opsiphanes cassina,0,EP17E34b,-90.38053203,16.22194698,151.319244
E34b,Opsiphanes cassina,0,EP18E34b,-90.38051996,16.22292104,151.338318
E34b,Opsiphanes cassina,0,EP19E34b,-90.37965202,16.22159502,156.325287
E34b,Opsiphanes cassina,0,EP20E34b,-90.37967096,16.22242399,154.276718
E34b,Opsiphanes cassina,0,EP21E34b,-90.37965302,16.22339102,153.815933
E34b,Opsiphanes cassina,0,EP22E34b,-90.37876597,16.22201596,156.999603
E34b,Opsiphanes cassina,0,EP23E34b,-90.37877603,16.22291601,158.150238
E34b,Opsiphanes cassina,0,EP24E34b,-90.37789199,16.22144197,158.5
E34b,Opsiphanes cassina,0,EP25E34b,-90.37789299,16.22241,159.346085
E34b,Opsiphanes cassina,0,EP26E34b,-90.37703603,16.221849,159.061859
E35a,Opsiphanes cassina,0,EP1E35a,-90.39526499,16.21901499,135.742172
E35a,Opsiphanes cassina,0,EP2E35a,-90.39442898,16.21851099,136.726593
E35a,Opsiphanes cassina,0,EP3E35a,-90.39445303,16.219476,138.892624
E35a,Opsiphanes cassina,0,EP4E35a,-90.39357402,16.21900401,141.599319
E35a,Opsiphanes cassina,0,EP5E35a,-90.39356296,16.22010003,141.092178
E35a,Opsiphanes cassina,0,EP6E35a,-90.39264397,16.21860201,156.366653
E35a,Opsiphanes cassina,0,EP7E35a,-90.39269099,16.21953299,155.778351
E35a,Opsiphanes cassina,0,EP8E35a,-90.39269996,16.22047302,154.102768
E35a,Opsiphanes cassina,0,EP9E35a,-90.39181198,16.21901298,154.008011
E35a,Opsiphanes cassina,0,EP10E35a,-90.39182799,16.219966,154.185822
E35a,Opsiphanes cassina,0,EP11E35a,-90.39092702,16.21854502,153.986862
E35a,Opsiphanes cassina,0,EP12E35a,-90.39095401,16.21952302,154.533371
E35a,Opsiphanes cassina,0,EP13E35a,-90.39093096,16.22060101,150.34996
E35a,Opsiphanes cassina,0,EP14E35a,-90.390061,16.21903704,150.999451
E35a,Opsiphanes cassina,0,EP15E35a,-90.39005497,16.22001101,152.006332
E35a,Opsiphanes cassina,0,EP16E35a,-90.38917998,16.21855902,150.415649
E35a,Opsiphanes cassina,0,EP17E35a,-90.38917897,16.21952604,150.772568
E35a,Opsiphanes cassina,0,EP18E35a,-90.38920102,16.22051703,150.352875
E35a,Opsiphanes cassina,0,EP19E35a,-90.38830901,16.22004303,149.744431
E35b,Opsiphanes cassina,0,EP1E35b,-90.38829502,16.21861098,153.329468
E35b,Opsiphanes cassina,0,EP2E35b,-90.38745901,16.21912404,153.075882
E35b,Opsiphanes cassina,0,EP3E35b,-90.38746504,16.22006499,152.327606
E35b,Opsiphanes cassina,0,EP4E35b,-90.38660497,16.21861098,150.088882
E35b,Opsiphanes cassina,0,EP5E35b,-90.38659701,16.21957197,150.712723
E35b,Opsiphanes cassina,0,EP6E35b,-90.38660598,16.220556,150.91922
E35b,Opsiphanes cassina,0,EP7E35b,-90.385717,16.21910702,150.317017
E35b,Opsiphanes cassina,0,EP8E35b,-90.38572202,16.22015099,150.128403
E35b,Opsiphanes cassina,0,EP9E35b,-90.38483597,16.21858902,150.971298
E35b,Opsiphanes cassina,0,EP10E35b,-90.38484,16.21958597,150.534317
E35b,Opsiphanes cassina,1,EP11E35b,-90.38483497,16.22057403,150.13797
E35b,Opsiphanes cassina,0,EP12E35b,-90.38396903,16.21909202,151.955139
E35b,Opsiphanes cassina,0,EP13E35b,-90.38397096,16.22007798,151.521774
E35b,Opsiphanes cassina,0,EP14E35b,-90.38305398,16.21859799,153.62059
E35b,Opsiphanes cassina,0,EP15E35b,-90.383072,16.21964296,153.769897
E35b,Opsiphanes cassina,0,EP16E35b,-90.38306002,16.22055198,150.846298
E35b,Opsiphanes cassina,0,EP17E35b,-90.38217799,16.21910501,153.229919
E35b,Opsiphanes cassina,0,EP18E35b,-90.38217799,16.22007899,150.931656
E35b,Opsiphanes cassina,0,EP19E35b,-90.38132303,16.21852398,154.391785
E35b,Opsiphanes cassina,0,EP20E35b,-90.381302,16.21958999,154.085541
E35b,Opsiphanes cassina,0,EP21E35b,-90.38129303,16.22056204,154.702133
E35b,Opsiphanes cassina,0,EP22E35b,-90.38043103,16.21912404,155.433716
E35b,Opsiphanes cassina,0,EP23E35b,-90.38043497,16.22005996,166.886246
E35b,Opsiphanes cassina,0,EP24E35b,-90.37956401,16.21863102,164.809982
E35b,Opsiphanes cassina,0,EP25E35b,-90.37957197,16.21959996,167.050598
E35b,Opsiphanes cassina,0,EP26E35b,-90.37953601,16.22057998,166.994736
E35b,Opsiphanes cassina,0,EP27E35b,-90.37867502,16.21903997,165.224091
E35b,Opsiphanes cassina,0,EP28E35b,-90.37869598,16.22009902,164.820465
E35b,Opsiphanes cassina,0,EP29E35b,-90.37782401,16.21856304,164.389053
E35b,Opsiphanes cassina,0,EP30E35b,-90.377809,16.21962997,164.495819
E35b,Opsiphanes cassina,0,EP31E35b,-90.37781596,16.22062197,163.76651
E35b,Opsiphanes cassina,0,EP32E35b,-90.37690904,16.21915899,171.972595
E35b,Opsiphanes cassina,0,EP33E35b,-90.37693603,16.22013104,171.526001
E35b,Opsiphanes cassina,0,EP34E35b,-90.37603498,16.21863001,169.332397
E35b,Opsiphanes cassina,0,EP35E35b,-90.37605702,16.219736,172.383499
E36a,Opsiphanes cassina,0,EP1E36a,-90.39365902,16.21771504,99.266151
E36a,Opsiphanes cassina,0,EP2E36a,-90.39278897,16.217996,138.388153
E36a,Opsiphanes cassina,0,EP3E36a,-90.39283901,16.21698003,107.7873
E36a,Opsiphanes cassina,0,EP4E36a,-90.39196,16.21754397,154.113739
E36a,Opsiphanes cassina,0,EP5E36a,-90.39194299,16.216586,150.033401
E36a,Opsiphanes cassina,0,EP6E36a,-90.39106398,16.21805401,150.210403
E36a,Opsiphanes cassina,0,EP7E36a,-90.39109399,16.21704902,147.164612
E36a,Opsiphanes cassina,0,EP8E36a,-90.390204,16.21748798,147.348145
E36b,Opsiphanes cassina,0,EP1E36b,-90.38916296,16.21611896,149.830322
E36b,Opsiphanes cassina,0,EP2E36b,-90.38916296,16.21703502,151.56926
E36b,Opsiphanes cassina,0,EP3E36b,-90.38829099,16.21646396,150.061417
E36b,Opsiphanes cassina,0,EP4E36b,-90.388292,16.21758403,150.130676
E36b,Opsiphanes cassina,0,EP5E36b,-90.38740402,16.21612801,145.959396
E36b,Opsiphanes cassina,0,EP6E36b,-90.38739203,16.21709403,143.846725
E36b,Opsiphanes cassina,0,EP7E36b,-90.38740402,16.21807898,144.30014
E36b,Opsiphanes cassina,0,EP8E36b,-90.38651898,16.21652196,143.61377
E36b,Opsiphanes cassina,0,EP9E36b,-90.38652602,16.21751203,141.777451
E36b,Opsiphanes cassina,0,EP10E36b,-90.38563401,16.21611896,143.147659
E36b,Opsiphanes cassina,0,EP11E36b,-90.38564701,16.21709797,142.321747
E36b,Opsiphanes cassina,0,EP12E36b,-90.38563703,16.21807496,143.489441
E36b,Opsiphanes cassina,0,EP13E36b,-90.38474897,16.21570598,144.628494
E36b,Opsiphanes cassina,0,EP14E36b,-90.38474704,16.21662296,143.345581
E36b,Opsiphanes cassina,0,EP15E36b,-90.38475601,16.21761597,145.797867
E36b,Opsiphanes cassina,0,EP16E36b,-90.38386401,16.21614302,147.31369
E36b,Opsiphanes cassina,0,EP17E36b,-90.38389502,16.21709503,147.090164
E36b,Opsiphanes cassina,1,EP18E36b,-90.38388899,16.21800397,146.798325
E36b,Opsiphanes cassina,0,EP19E36b,-90.38299103,16.21662003,148.246414
E36b,Opsiphanes cassina,0,EP20E36b,-90.38300302,16.217608,149.844452
E36b,Opsiphanes cassina,0,EP21E36b,-90.38208302,16.21620504,148.557587
E36b,Opsiphanes cassina,0,EP22E36b,-90.38210398,16.21705203,161.9505
E36b,Opsiphanes cassina,0,EP23E36b,-90.38213298,16.218067,161.988113
E36b,Opsiphanes cassina,0,EP24E36b,-90.38125003,16.21581897,161.138702
E36b,Opsiphanes cassina,0,EP25E36b,-90.38124198,16.21663998,160.973846
E36b,Opsiphanes cassina,0,EP26E36b,-90.38123502,16.21762603,160.457047
E36b,Opsiphanes cassina,0,EP27E36b,-90.38038099,16.21617998,159.949646
E36b,Opsiphanes cassina,0,EP28E36b,-90.38037596,16.217118,160.374084
E36b,Opsiphanes cassina,0,EP29E36b,-90.38038099,16.21804303,160.151855
E36b,Opsiphanes cassina,0,EP30E36b,-90.37938204,16.21570104,164.886078
E36b,Opsiphanes cassina,0,EP31E36b,-90.37950299,16.21655398,166.268127
E36b,Opsiphanes cassina,0,EP32E36b,-90.37950802,16.21760298,163.0923
E36b,Opsiphanes cassina,0,EP33E36b,-90.37857997,16.216141,165.445297
E36b,Opsiphanes cassina,0,EP34E36b,-90.37862498,16.21710702,166.157928
E36b,Opsiphanes cassina,0,EP35E36b,-90.37860897,16.21807999,160.968002
E36b,Opsiphanes cassina,0,EP36E36b,-90.37771999,16.216643,162.594635
E36b,Opsiphanes cassina,0,EP37E36b,-90.37775603,16.21762502,160.359283
E36b,Opsiphanes cassina,0,EP38E36b,-90.37683997,16.21619297,166.687347
E36b,Opsiphanes cassina,1,EP40E36b,-90.37684601,16.21812802,165.416382
E36b,Opsiphanes cassina,0,EP41E36b,-90.375968,16.21579299,164.392914
E36b,Opsiphanes cassina,0,EP42E36b,-90.37598896,16.21666797,164.236908
E36b,Opsiphanes cassina,0,EP43E36b,-90.375982,16.21762804,164.268555
E36b,Opsiphanes cassina,0,EP39E36b,-90.376844,16.21722898,166.152985
E37a,Opsiphanes cassina,0,EP1E37a,-90.39178398,16.21477802,164.50589
E37a,Opsiphanes cassina,0,EP2E37a,-90.39358601,16.21320298,162.549728
E37a,Opsiphanes cassina,0,EP3E37a,-90.39361199,16.21515697,156.782074
E37a,Opsiphanes cassina,0,EP4E37a,,,
E37b,Opsiphanes cassina,0,EP1E37b,-90.39177996,16.21576499,171.455399
E37b,Opsiphanes cassina,0,EP2E37b,-90.39171701,16.215723,172.741165
E37b,Opsiphanes cassina,0,EP3E37b,-90.390924,16.21627302,175.037079
E37c,Opsiphanes cassina,0,EP1E37c,-90.39061798,16.21506703,139.721222
E37c,Opsiphanes cassina,0,EP2E37c,-90.390636,16.21410403,137.323608
E37c,Opsiphanes cassina,0,EP3E37c,-90.38973704,16.21461399,140.272018
E37c,Opsiphanes cassina,0,EP4E37c,-90.38887798,16.21515202,166.584686
E37c,Opsiphanes cassina,0,EP5E37c,-90.388868,16.21405299,141.751144
E37c,Opsiphanes cassina,0,EP6E37c,,,
E37c,Opsiphanes cassina,0,EP7E37c,,,
E37c,Opsiphanes cassina,0,EP8E37c,,,
E37c,Opsiphanes cassina,0,EP9E37c,,,
E37c,Opsiphanes cassina,0,EP10E37c,,,
E37c,Opsiphanes cassina,0,EP11E37c,,,
E37c,Opsiphanes cassina,0,EP12E37c,,,
E37d,Opsiphanes cassina,0,EP1E37d,-90.38801003,16.215005,167.448654
E37d,Opsiphanes cassina,0,EP2E37d,-90.38806401,16.21403304,165.142883
E37d,Opsiphanes cassina,0,EP3E37d,-90.38804004,16.21308102,160.892639
E37d,Opsiphanes cassina,0,EP4E37d,-90.387156,16.21455599,163.122482
E37d,Opsiphanes cassina,0,EP5E37d,-90.38719799,16.21357396,161.410599
E37d,Opsiphanes cassina,0,EP6E37d,-90.38631404,16.21502998,160.674652
E37d,Opsiphanes cassina,0,EP7E37d,-90.38631303,16.21406003,159.176727
E37d,Opsiphanes cassina,0,EP8E37d,-90.38627397,16.21307298,157.13089
E37d,Opsiphanes cassina,0,EP9E37d,-90.385402,16.21456403,157.588287
E37d,Opsiphanes cassina,0,EP10E37d,-90.38540502,16.21359299,160.97821
E37d,Opsiphanes cassina,0,EP11E37d,-90.38452601,16.21503602,155.727325
E37d,Opsiphanes cassina,0,EP12E37d,-90.384509,16.21406103,156.67923
E37d,Opsiphanes cassina,0,EP13E37d,-90.38450598,16.213077,155.28894
E37d,Opsiphanes cassina,0,EP14E37d,-90.38365102,16.21454299,150.57959
E37d,Opsiphanes cassina,0,EP15E37d,-90.38361398,16.21359601,153.541534
E37e,Opsiphanes cassina,0,EP1E37e,-90.38281401,16.21493904,146.632172
E37e,Opsiphanes cassina,0,EP2E37e,-90.382756,16.214099,148.13475
E37e,Opsiphanes cassina,0,EP3E37e,-90.38274603,16.21311002,149.505142
E37e,Opsiphanes cassina,0,EP4E37e,-90.38187004,16.21447803,151.372849
E37e,Opsiphanes cassina,0,EP5E37e,-90.38187498,16.21342401,150.902283
E37e,Opsiphanes cassina,0,EP6E37e,-90.38100402,16.21496703,153.920105
E37e,Opsiphanes cassina,0,EP7E37e,-90.38100896,16.21398099,153.542145
E37e,Opsiphanes cassina,0,EP8E37e,-90.38101399,16.21325503,152.71521
E37e,Opsiphanes cassina,0,EP9E37e,-90.38014303,16.21448499,154.513641
E37e,Opsiphanes cassina,0,EP10E37e,-90.380138,16.213509,152.633636
E37e,Opsiphanes cassina,0,EP11E37e,-90.37925899,16.21500199,155.049362
E37e,Opsiphanes cassina,0,EP12E37e,-90.37924902,16.21406497,154.536713
E37e,Opsiphanes cassina,0,EP13E37e,-90.37925002,16.21310902,153.654068
E37e,Opsiphanes cassina,0,EP14E37e,-90.37839398,16.21447803,161.300232
E37e,Opsiphanes cassina,0,EP15E37e,-90.37837696,16.21350104,154.211823
E37e,Opsiphanes cassina,0,EP16E37e,-90.37751597,16.21498003,156.900208
E37e,Opsiphanes cassina,0,EP17E37e,-90.37751304,16.21399197,154.785187
E37e,Opsiphanes cassina,0,EP18E37e,-90.37750902,16.21312796,152.500076
E37e,Opsiphanes cassina,0,EP19E37e,-90.37663403,16.21442598,156.148346
E37e,Opsiphanes cassina,0,EP20E37e,-90.37663302,16.21351403,153.292953
E37e,Opsiphanes cassina,0,EP21E37e,-90.37575804,16.21492999,155.429016
E37e,Opsiphanes cassina,0,EP22E37e,-90.37575603,16.21393598,152.413681
E37e,Opsiphanes cassina,0,EP23E37e,-90.37573197,16.21313601,153.22348
E38a,Opsiphanes cassina,0,EP1E38a,-90.393556,16.21072697,168.754425
E38a,Opsiphanes cassina,0,EP2E38a,-90.39358299,16.21169499,167.261337
E38a,Opsiphanes cassina,0,EP3E38a,-90.39270298,16.21029899,165.124542
E38a,Opsiphanes cassina,0,EP4E38a,-90.39271404,16.21124396,165.018463
E38a,Opsiphanes cassina,0,EP5E38a,-90.39271697,16.21223998,162.798798
E38a,Opsiphanes cassina,0,EP6E38a,-90.39271899,16.21306702,161.160202
E38a,Opsiphanes cassina,0,EP7E38a,-90.39183302,16.21175299,160.183319
E38a,Opsiphanes cassina,0,EP8E38a,-90.39181701,16.212761,158.322128
E38a,Opsiphanes cassina,0,EP9E38a,-90.39096398,16.21225004,155.529465
E38b,Opsiphanes cassina,0,EP1E38b,-90.39224298,16.21039798,154.570847
E38b,Opsiphanes cassina,0,EP2E38b,-90.39140403,16.21085596,153.925476
E38b,Opsiphanes cassina,0,EP3E38b,-90.39058596,16.210373,151.362793
E38b,Opsiphanes cassina,0,EP4E38b,-90.39059199,16.211323,151.465897
E38b,Opsiphanes cassina,0,EP5E38b,-90.39058001,16.21217502,149.484344
E38b,Opsiphanes cassina,0,EP6E38b,-90.38976202,16.21088304,169.412125
E38b,Opsiphanes cassina,0,EP7E38b,-90.38975196,16.21202901,148.937119
E38b,Opsiphanes cassina,0,EP8E38b,-90.38894696,16.21048104,149.773163
E38b,Opsiphanes cassina,0,EP9E38b,-90.38892198,16.21142199,149.371475
E38c,Opsiphanes cassina,0,EP1E38c,-90.38760602,16.212416,144.478195
E38c,Opsiphanes cassina,0,EP2E38c,-90.38671302,16.21190999,146.568817
E38c,Opsiphanes cassina,0,EP3E38c,-90.38583602,16.212401,146.847198
E38c,Opsiphanes cassina,0,EP4E38c,-90.38583501,16.21166498,145.337585
E38c,Opsiphanes cassina,0,EP5E38c,-90.38495701,16.21193798,145.763153
E38c,Opsiphanes cassina,0,EP6E38c,-90.38406702,16.21240997,150.804825
E38c,Opsiphanes cassina,0,EP7E38c,-90.38582303,16.21045103,146.925476
E38c,Opsiphanes cassina,0,EP8E38c,-90.38673196,16.21092302,144.163193
E38d,Opsiphanes cassina,0,EP1E38d,-90.38478903,16.21061004,144.208939
E38d,Opsiphanes cassina,0,EP2E38d,-90.38390097,16.211121,142.424988
E38d,Opsiphanes cassina,0,EP3E38d,-90.38305096,16.210633,146.089874
E38d,Opsiphanes cassina,0,EP4E38d,-90.381289,16.21064801,144.137329
E38d,Opsiphanes cassina,0,EP5E38d,-90.38040698,16.21114799,142.343811
E38d,Opsiphanes cassina,0,EP6E38d,-90.37952101,16.21065999,144.449387
E38d,Opsiphanes cassina,0,EP7E38d,-90.37863102,16.21115897,142.663345
E38d,Opsiphanes cassina,0,EP8E38d,-90.37779702,16.21065798,144.341919
E38d,Opsiphanes cassina,1,EP9E38d,-90.37778302,16.21159198,143.031464
E38d,Opsiphanes cassina,0,EP10E38d,-90.37776601,16.21248004,142.313416
E38d,Opsiphanes cassina,0,EP11E38d,-90.37689404,16.21080902,143.719925
E38d,Opsiphanes cassina,0,EP12E38d,-90.37691499,16.21188702,144.079926
E38d,Opsiphanes cassina,0,EP13E38d,-90.37602098,16.21074398,144.106689
E38d,Opsiphanes cassina,0,EP14E38d,-90.37602399,16.21161402,143.90036
E38d,Opsiphanes cassina,0,EP15E38d,-90.37602701,16.21266796,141.108932
E38d,Opsiphanes cassina,0,EP16E38d,-90.37867502,16.21212398,142.381546
E38d,Opsiphanes cassina,0,EP17E38d,-90.37954498,16.21261398,143.910797
E38d,Opsiphanes cassina,0,EP18E38d,-90.37954397,16.211639,141.209167
E38d,Opsiphanes cassina,0,EP19E38d,-90.38041301,16.21210503,142.666504
E38d,Opsiphanes cassina,0,EP20E38d,-90.38127501,16.21259596,143.624557
E38d,Opsiphanes cassina,0,EP21E38d,-90.38128699,16.211624,142.339813
E38d,Opsiphanes cassina,0,EP22E38d,-90.382166,16.21209799,145.190887
E38d,Opsiphanes cassina,0,EP23E38d,-90.38215502,16.21129702,141.648407
E38d,Opsiphanes cassina,0,EP24E38d,-90.383043,16.21260803,144.043686
E38d,Opsiphanes cassina,0,EP25E38d,-90.38301199,16.21155602,141.955338
E38d,Opsiphanes cassina,0,EP26E38d,-90.38391698,16.21209397,144.465408
E39a,Opsiphanes cassina,0,EP1E39a,-90.39361602,16.20795398,113.979744
E39a,Opsiphanes cassina,0,EP2E39a,-90.39358903,16.20902301,115.162933
E39a,Opsiphanes cassina,0,EP3E39a,-90.39358903,16.20992498,117.349625
E39a,Opsiphanes cassina,0,EP4E39a,-90.39269501,16.20848204,123.417496
E39a,Opsiphanes cassina,0,EP5E39a,-90.392693,16.20944998,121.099579
E39a,Opsiphanes cassina,0,EP6E39a,-90.39183604,16.20798097,127.509995
E39a,Opsiphanes cassina,0,EP7E39a,-90.39181399,16.20896199,127.994125
E39a,Opsiphanes cassina,0,EP8E39a,-90.39182698,16.209956,128.905304
E39a,Opsiphanes cassina,0,EP9E39a,-90.39094202,16.20848103,133.34874
E39a,Opsiphanes cassina,0,EP10E39a,-90.39094102,16.20957001,134.033798
E39a,Opsiphanes cassina,0,EP11E39a,-90.39006301,16.20800402,138.371201
E39a,Opsiphanes cassina,0,EP12E39a,-90.39007198,16.20897599,140.172577
E39a,Opsiphanes cassina,0,EP13E39a,-90.39008397,16.20995097,138.273941
E39a,Opsiphanes cassina,0,EP14E39a,-90.38919096,16.20767302,142.062195
E39a,Opsiphanes cassina,0,EP15E39a,-90.38922197,16.20848103,141.109741
E39a,Opsiphanes cassina,0,EP16E39a,-90.389184,16.20946901,139.010742
E39a,Opsiphanes cassina,0,EP17E39a,-90.38831103,16.20898697,139.710175
E39a,Opsiphanes cassina,0,EP18E39a,-90.38831103,16.20987302,141.694336
E39a,Opsiphanes cassina,0,EP19E39a,-90.38736898,16.20763597,143.188278
E39a,Opsiphanes cassina,0,EP20E39a,-90.38736597,16.208519,141.475861
E39a,Opsiphanes cassina,0,EP21E39a,-90.38737703,16.209424,140.869492
E39a,Opsiphanes cassina,0,EP22E39a,-90.38651001,16.20807602,140.846634
E39b,Opsiphanes cassina,0,EP1E39b,-90.386265,16.20982398,143.852356
E39b,Opsiphanes cassina,0,EP2E39b,-90.385387,16.20933004,145.784256
E39b,Opsiphanes cassina,0,EP3E39b,-90.38449701,16.20975802,147.047363
E39b,Opsiphanes cassina,0,EP4E39b,-90.38450296,16.20892301,147.873199
E39b,Opsiphanes cassina,0,EP5E39b,-90.38363996,16.20933398,149.013229
E39b,Opsiphanes cassina,0,EP6E39b,-90.38276103,16.20982398,148.500305
E39b,Opsiphanes cassina,0,EP7E39b,-90.38275198,16.20884699,147.986954
E39b,Opsiphanes cassina,0,EP8E39b,-90.38187096,16.20934504,149.088272
E39b,Opsiphanes cassina,0,EP9E39b,-90.38099304,16.20982901,150.957016
E39b,Opsiphanes cassina,0,EP10E39b,-90.38100301,16.209021,152.164017
E39b,Opsiphanes cassina,0,EP11E39b,-90.38012601,16.209352,150.03215
E39b,Opsiphanes cassina,0,EP12E39b,-90.379246,16.209841,148.978043
E39b,Opsiphanes cassina,0,EP13E39b,-90.37924902,16.20886199,151.992661
E39b,Opsiphanes cassina,0,EP14E39b,-90.37924198,16.20789799,149.029343
E39b,Opsiphanes cassina,0,EP15E39b,-90.37837696,16.209352,147.369431
E39b,Opsiphanes cassina,0,EP16E39b,-90.37834997,16.20835003,147.933502
E39b,Opsiphanes cassina,0,EP17E39b,-90.37751002,16.20985298,147.439133
E39b,Opsiphanes cassina,0,EP18E39b,-90.37751002,16.20894698,149.080032
E39b,Opsiphanes cassina,0,EP19E39b,-90.37748898,16.20790101,148.12149
E39b,Opsiphanes cassina,0,EP20E39b,-90.37661299,16.20911798,149.532196
E39b,Opsiphanes cassina,0,EP21E39b,-90.37661802,16.20813302,149.102142
E39b,Opsiphanes cassina,0,EP22E39b,-90.37576499,16.21001299,149.419464
E39b,Opsiphanes cassina,0,EP23E39b,-90.37573298,16.20885897,150.501648
E39b,Opsiphanes cassina,0,EP24E39b,-90.37574102,16.20789397,149.017593
E39b,Opsiphanes cassina,0,EP25E39b,-90.38012601,16.20844097,151.776398
E39b,Opsiphanes cassina,0,EP26E39b,-90.38099597,16.20787402,150.233948
E39b,Opsiphanes cassina,0,EP27E39b,-90.38186903,16.20836796,146.535583
E39b,Opsiphanes cassina,0,EP28E39b,-90.38274603,16.20793998,145.709335
E39b,Opsiphanes cassina,0,EP29E39b,-90.38362999,16.20834097,145.109726
E39b,Opsiphanes cassina,0,EP30E39b,-90.38449802,16.20786102,140.118927
E40a,Opsiphanes cassina,0,EP1E40a,-90.39353002,16.20521796,147.400665
E40a,Opsiphanes cassina,0,EP2E40a,-90.39358098,16.20620803,143.903961
E40a,Opsiphanes cassina,0,EP3E40a,-90.39356204,16.20718,145.702286
E40a,Opsiphanes cassina,0,EP4E40a,-90.39265604,16.20575096,145.616318
E40a,Opsiphanes cassina,0,EP5E40a,-90.39265998,16.20668898,145.232086
E40a,Opsiphanes cassina,0,EP6E40a,-90.39179002,16.20523699,144.60788
E40a,Opsiphanes cassina,0,EP7E40a,-90.391786,16.20622303,145.74791
E40b,Opsiphanes cassina,0,EP1E40b,-90.39164702,16.20691404,147.61174
E40b,Opsiphanes cassina,0,EP2E40b,-90.39077296,16.20558299,144.518066
E40b,Opsiphanes cassina,1,EP3E40b,-90.39078796,16.206375,144.135895
E40b,Opsiphanes cassina,0,EP4E40b,-90.38999403,16.205067,147.64711
E40b,Opsiphanes cassina,0,EP5E40b,-90.39001599,16.20592698,148.057617
E40b,Opsiphanes cassina,0,EP6E40b,-90.39002999,16.20681404,148.092712
E40b,Opsiphanes cassina,0,EP7E40b,-90.38925298,16.20551501,120.490707
E40b,Opsiphanes cassina,0,EP8E40b,-90.38925902,16.20644901,125.927071
E40b,Opsiphanes cassina,0,EP9E40b,-90.38928299,16.20724697,130.858673
E40b,Opsiphanes cassina,0,EP10E40b,-90.38848797,16.20507396,143.60289
E40b,Opsiphanes cassina,0,EP11E40b,-90.38855402,16.20587401,138.937912
E40b,Opsiphanes cassina,0,EP12E40b,-90.38848604,16.20681404,132.507812
E40b,Opsiphanes cassina,0,EP13E40b,-90.38770803,16.20550202,142.915833
E40b,Opsiphanes cassina,0,EP14E40b,-90.38769697,16.20635798,141.745911
E40b,Opsiphanes cassina,0,EP15E40b,-90.38769999,16.20721797,140.01828
E40b,Opsiphanes cassina,0,EP16E40b,-90.38693497,16.20510497,138.931168
E40b,Opsiphanes cassina,0,EP17E40b,-90.38691603,16.20594199,139.556107
E40b,Opsiphanes cassina,0,EP18E40b,-90.38690798,16.20679703,139.704803
E40b,Opsiphanes cassina,0,EP19E40b,-90.38617498,16.20548199,141.548828
E40b,Opsiphanes cassina,0,EP20E40b,-90.38617398,16.206289,141.644409
E40b,Opsiphanes cassina,0,EP21E40b,-90.38611899,16.20726398,143.61615
E40b,Opsiphanes cassina,0,EP22E40b,-90.385373,16.20506097,144.054459
E40b,Opsiphanes cassina,0,EP23E40b,-90.38536797,16.20595498,140.316193
E40b,Opsiphanes cassina,0,EP24E40b,-90.38458301,16.20550998,143.505981
E40b,Opsiphanes cassina,0,EP25E40b,-90.38375999,16.20511997,143.622543
E40c,Opsiphanes cassina,0,EP1E40c,-90.38357198,16.207095,133.532135
E40c,Opsiphanes cassina,0,EP2E40c,-90.38269398,16.20667096,140.834503
E40c,Opsiphanes cassina,0,EP3E40c,-90.38183198,16.20522601,142.569931
E40c,Opsiphanes cassina,0,EP4E40c,-90.38181497,16.20604299,136.813507
E40c,Opsiphanes cassina,0,EP5E40c,-90.38181396,16.20708302,141.901566
E40c,Opsiphanes cassina,0,EP6E40c,-90.38094702,16.20564301,144.384552
E40c,Opsiphanes cassina,0,EP7E40c,-90.38093001,16.20661899,142.956146
E40c,Opsiphanes cassina,0,EP8E40c,-90.38004496,16.20518703,149.520493
E40c,Opsiphanes cassina,0,EP9E40c,-90.38007103,16.20615799,144.25322
E40c,Opsiphanes cassina,0,EP10E40c,-90.38006298,16.20704203,145.456161
E40c,Opsiphanes cassina,0,EP11E40c,-90.37917098,16.20565801,147.738434
E40c,Opsiphanes cassina,0,EP12E40c,-90.37918498,16.20663199,147.986221
E40c,Opsiphanes cassina,0,EP13E40c,-90.37830203,16.20526096,147.385895
E40c,Opsiphanes cassina,0,EP14E40c,-90.37830496,16.20613301,147.295334
E40c,Opsiphanes cassina,0,EP15E40c,-90.378326,16.207166,148.282913
E40c,Opsiphanes cassina,0,EP16E40c,-90.37741698,16.20566798,148.715393
E40c,Opsiphanes cassina,0,EP17E40c,-90.37743802,16.20665596,148.553619
E40c,Opsiphanes cassina,0,EP18E40c,-90.376528,16.20520203,150.583145
E40c,Opsiphanes cassina,0,EP19E40c,-90.376514,16.20613896,149.890839
E40c,Opsiphanes cassina,0,EP20E40c,-90.37657502,16.20712903,151.232849
E40c,Opsiphanes cassina,0,EP21E40c,-90.37570104,16.2057,150.087997
E40c,Opsiphanes cassina,0,EP22E40c,-90.37560498,16.20666903,149.675888
E41a,Opsiphanes cassina,0,EP1E41a,-90.39497003,16.20237197,141.648239
E41a,Opsiphanes cassina,0,EP2E41a,-90.39497497,16.203369,140.824966
E41a,Opsiphanes cassina,0,EP3E41a,-90.39493097,16.20437499,140.802017
E41a,Opsiphanes cassina,0,EP4E41a,-90.39408004,16.20287597,141.859467
E41a,Opsiphanes cassina,0,EP5E41a,-90.39411801,16.20391399,141.357025
E41a,Opsiphanes cassina,0,EP6E41a,-90.39318996,16.20241203,142.8974
E41a,Opsiphanes cassina,0,EP7E41a,-90.39322299,16.20347,144.389862
E41a,Opsiphanes cassina,0,EP8E41a,-90.39318603,16.20456702,147.119217
E41a,Opsiphanes cassina,0,EP9E41a,-90.39229101,16.20294998,151.533524
E41a,Opsiphanes cassina,0,EP10E41a,-90.39230299,16.20390301,151.481125
E41a,Opsiphanes cassina,0,EP11E41a,-90.391456,16.20253399,146.498245
E41a,Opsiphanes cassina,0,EP12E41a,-90.39146698,16.20340898,144.982285
E41a,Opsiphanes cassina,0,EP13E41a,-90.39146698,16.20438103,144.561447
E41a,Opsiphanes cassina,0,EP14E41a,-90.39056802,16.20291604,139.386154
E41a,Opsiphanes cassina,0,EP15E41a,-90.39059702,16.20389597,140.721359
E41b,Opsiphanes cassina,0,EP1E41b,-90.38986101,16.20245998,165.167191
E41b,Opsiphanes cassina,0,EP2E41b,-90.38986201,16.203269,166.622711
E41b,Opsiphanes cassina,0,EP3E41b,-90.38981901,16.20413099,166.948257
E41b,Opsiphanes cassina,0,EP4E41b,-90.38911896,16.20282803,142.646622
E41b,Opsiphanes cassina,0,EP5E41b,-90.38910102,16.20371098,153.839966
E41b,Opsiphanes cassina,0,EP6E41b,-90.38830801,16.20244397,148.841949
E41b,Opsiphanes cassina,0,EP7E41b,-90.38833802,16.20333798,150.895187
E41b,Opsiphanes cassina,0,EP8E41b,-90.388307,16.20428304,151.935074
E41b,Opsiphanes cassina,0,EP9E41b,-90.387544,16.20292098,149.013016
E41b,Opsiphanes cassina,0,EP10E41b,-90.38747602,16.20369799,148.171432
E41b,Opsiphanes cassina,0,EP11E41b,-90.38675099,16.20233098,147.328156
E41b,Opsiphanes cassina,0,EP12E41b,-90.38678502,16.203269,148.522903
E41b,Opsiphanes cassina,0,EP13E41b,-90.38676901,16.204118,146.60701
E41b,Opsiphanes cassina,0,EP14E41b,-90.38595697,16.20280104,141.926315
E41b,Opsiphanes cassina,0,EP15E41b,-90.38602704,16.20367703,139.645859
E41b,Opsiphanes cassina,0,EP16E41b,-90.38520997,16.20238798,143.082199
E41b,Opsiphanes cassina,0,EP17E41b,-90.38526001,16.20328601,143.091446
E41b,Opsiphanes cassina,0,EP18E41b,-90.38522104,16.20412496,140.448166
E41b,Opsiphanes cassina,0,EP19E41b,-90.38445602,16.20299701,143.348022
E41b,Opsiphanes cassina,0,EP20E41b,-90.38441101,16.203671,143.74968
E41c,Opsiphanes cassina,0,EP1E41c,-90.38365697,16.20248898,147.661911
E41c,Opsiphanes cassina,0,EP2E41c,-90.38367198,16.20342297,147.152039
E41c,Opsiphanes cassina,0,EP3E41c,-90.38372504,16.20441204,144.287781
E41c,Opsiphanes cassina,0,EP4E41c,-90.38277897,16.20303296,146.635788
E41c,Opsiphanes cassina,0,EP5E41c,-90.38279397,16.20393402,140.865906
E41d,Opsiphanes cassina,0,EP1E41d,-90.38151599,16.203931,146.329773
E41d,Opsiphanes cassina,0,EP2E41d,-90.38061803,16.202377,148.80687
E41d,Opsiphanes cassina,0,EP3E41d,-90.38064703,16.20333103,147.444
E41d,Opsiphanes cassina,0,EP4E41d,-90.38063999,16.20433803,147.137024
E41d,Opsiphanes cassina,0,EP5E41d,-90.37975796,16.20294998,146.228607
E41d,Opsiphanes cassina,0,EP6E41d,-90.37973802,16.20384903,146.021133
E41d,Opsiphanes cassina,0,EP7E41d,-90.37887703,16.20238496,147.122101
E41d,Opsiphanes cassina,0,EP8E41d,-90.37887099,16.20331996,148.152557
E41d,Opsiphanes cassina,0,EP9E41d,-90.37889304,16.20434096,146.818771
E41d,Opsiphanes cassina,0,EP10E41d,-90.37798603,16.20288,149.506668
E41d,Opsiphanes cassina,0,EP11E41d,-90.37801403,16.203887,151.082977
E41d,Opsiphanes cassina,0,EP12E41d,-90.37712999,16.20252402,153.153595
E41d,Opsiphanes cassina,0,EP13E41d,-90.37715698,16.20336397,151.618973
E41d,Opsiphanes cassina,0,EP14E41d,-90.37713996,16.20437097,151.484604
E41d,Opsiphanes cassina,0,EP15E41d,-90.37623899,16.20287203,132.422287
E41d,Opsiphanes cassina,0,EP16E41d,-90.376255,16.20386202,128.546402
E41d,Opsiphanes cassina,0,EP17E41d,-90.375364,16.20237096,139.917084
E41d,Opsiphanes cassina,1,EP18E41d,-90.37534104,16.20336204,139.967834
E41d,Opsiphanes cassina,0,EP19E41d,-90.375364,16.20435697,140.992676
E42a,Opsiphanes cassina,0,EP1E42a,-90.39496098,16.19982496,123.829407
E42a,Opsiphanes cassina,0,EP2E42a,-90.395036,16.20069701,125.772415
E42a,Opsiphanes cassina,0,EP3E42a,-90.39496198,16.20168398,127.596252
E42a,Opsiphanes cassina,0,EP4E42a,-90.39413603,16.20021204,130.019119
E42a,Opsiphanes cassina,0,EP5E42a,-90.39414198,16.201126,129.006714
E42a,Opsiphanes cassina,0,EP6E42a,-90.39328996,16.19974298,131.968842
E42a,Opsiphanes cassina,0,EP7E42a,-90.39327596,16.20067597,131.248428
E42a,Opsiphanes cassina,0,EP8E42a,-90.39327202,16.201731,133.083847
E42a,Opsiphanes cassina,0,EP9E42a,-90.39248304,16.20028303,134.941574
E42a,Opsiphanes cassina,0,EP10E42a,-90.392462,16.20106297,133.599396
E42a,Opsiphanes cassina,0,EP11E42a,-90.39163697,16.199832,135.076584
E42a,Opsiphanes cassina,0,EP12E42a,-90.39164904,16.20068603,135.784393
E42a,Opsiphanes cassina,0,EP13E42a,-90.39164602,16.20159798,137.283951
E42a,Opsiphanes cassina,0,EP14E42a,-90.390852,16.20021597,155.967514
E42a,Opsiphanes cassina,0,EP15E42a,-90.39079903,16.20113396,149.14563
E42a,Opsiphanes cassina,0,EP16E42a,-90.38996997,16.19981004,149.835663
E42a,Opsiphanes cassina,0,EP17E42a,-90.38999696,16.20077899,150.710495
E42a,Opsiphanes cassina,0,EP18E42a,-90.38998498,16.201615,149.707016
E42a,Opsiphanes cassina,0,EP19E42a,-90.38915601,16.20017197,152.366776
E42a,Opsiphanes cassina,0,EP20E42a,-90.38916296,16.20125298,151.876373
E42a,Opsiphanes cassina,0,EP21E42a,-90.388307,16.19975204,149.440872
E42a,Opsiphanes cassina,0,EP22E42a,-90.38832704,16.20070104,149.651291
E42a,Opsiphanes cassina,0,EP23E42a,-90.38837699,16.20168398,150.591797
E42a,Opsiphanes cassina,0,EP24E42a,-90.387501,16.20021597,138.281235
E42a,Opsiphanes cassina,0,EP25E42a,-90.38750896,16.20121602,138.621063
E42a,Opsiphanes cassina,0,EP26E42a,-90.38669198,16.19976201,141.186554
E42a,Opsiphanes cassina,0,EP27E42a,-90.38668301,16.20074202,140.908417
E42a,Opsiphanes cassina,0,EP28E42a,-90.38669399,16.20161399,140.113571
E42a,Opsiphanes cassina,0,EP29E42a,-90.38585002,16.20022402,141.333313
E42a,Opsiphanes cassina,0,EP30E42a,-90.385876,16.20114796,142.910034
E42a,Opsiphanes cassina,0,EP31E42a,-90.38502499,16.19971197,144.251862
E42a,Opsiphanes cassina,0,EP32E42a,-90.38506396,16.20070003,143.176636
E42a,Opsiphanes cassina,0,EP33E42a,-90.38504602,16.20168599,141.853485
E42a,Opsiphanes cassina,0,EP34E42a,-90.38421496,16.20023701,144.444321
E42a,Opsiphanes cassina,0,EP35E42a,-90.38421404,16.20132398,145.847549
E42a,Opsiphanes cassina,0,EP36E42a,-90.38337803,16.20069601,146.173767
E42a,Opsiphanes cassina,0,EP37E42a,-90.38338599,16.20161198,146.793686
E42a,Opsiphanes cassina,0,EP38E42a,-90.38256599,16.20117503,145.269791
E42b,Opsiphanes cassina,0,EP1E42b,-90.38160802,16.199703,130.894775
E42b,Opsiphanes cassina,0,EP2E42b,-90.38072297,16.20027004,134.015228
E42b,Opsiphanes cassina,0,EP3E42b,-90.38076103,16.20125701,134.582901
E42b,Opsiphanes cassina,0,EP4E42b,-90.37985796,16.19978297,138.749283
E42b,Opsiphanes cassina,0,EP5E42b,-90.37988302,16.20077304,135.569397
E42b,Opsiphanes cassina,0,EP6E42b,-90.37987598,16.20173704,139.194183
E42b,Opsiphanes cassina,0,EP7E42b,-90.37900401,16.20035201,139.157196
E42b,Opsiphanes cassina,0,EP8E42b,-90.37901298,16.20131702,138.772644
E42b,Opsiphanes cassina,0,EP9E42b,-90.37812802,16.19988497,144.849274
E42b,Opsiphanes cassina,0,EP10E42b,-90.37812098,16.20080397,142.550781
E42b,Opsiphanes cassina,0,EP11E42b,-90.37813498,16.20175104,142.98175
E42b,Opsiphanes cassina,0,EP12E42b,-90.37724499,16.20021799,144.863693
E42b,Opsiphanes cassina,0,EP13E42b,-90.37725898,16.20126204,149.4823
E42b,Opsiphanes cassina,0,EP14E42b,-90.37636598,16.19980501,146.810928
E42b,Opsiphanes cassina,0,EP15E42b,-90.37636799,16.20080397,151.510193
E42b,Opsiphanes cassina,0,EP16E42b,-90.376384,16.20178599,151.37886
E42b,Opsiphanes cassina,0,EP17E42b,-90.37549702,16.20032201,151.617706
E42b,Opsiphanes cassina,0,EP18E42b,-90.37548697,16.20126396,152.218216
E42b,Opsiphanes cassina,0,EP19E42b,-90.37459102,16.19983602,153.514694
E42b,Opsiphanes cassina,0,EP20E42b,-90.37461801,16.20083297,154.393906
E42b,Opsiphanes cassina,0,EP21E42b,-90.37460402,16.20178297,152.321091
E42b,Opsiphanes cassina,0,EP22E42b,-90.37374998,16.20037699,152.350372
E42b,Opsiphanes cassina,0,EP23E42b,-90.373739,16.20127704,154.389603
E42b,Opsiphanes cassina,0,EP24E42b,-90.37284298,16.20077999,156.374252
E42b,Opsiphanes cassina,0,EP25E42b,-90.37284901,16.20176202,155.587708
E43a,Opsiphanes cassina,0,EP1E43a,-90.39489501,16.19706396,145.469147
E43a,Opsiphanes cassina,0,EP2E43a,-90.39492602,16.19784096,144.203934
E43a,Opsiphanes cassina,0,EP3E43a,-90.39497296,16.198609,143.222916
E43a,Opsiphanes cassina,0,EP4E43a,-90.39418699,16.19740896,143.710831
E43a,Opsiphanes cassina,0,EP5E43a,-90.39421499,16.19830004,143.135773
E43a,Opsiphanes cassina,0,EP6E43a,-90.39341703,16.19698601,144.409912
E43a,Opsiphanes cassina,0,EP7E43a,-90.39344997,16.19791104,150.590576
E43a,Opsiphanes cassina,1,EP8E43a,-90.39343597,16.198653,149.959213
E43a,Opsiphanes cassina,0,EP9E43a,-90.39262997,16.19749999,150.409851
E43a,Opsiphanes cassina,0,EP10E43a,-90.39263198,16.19830297,150.919373
E43a,Opsiphanes cassina,0,EP11E43a,-90.39183998,16.19696204,150.109146
E43a,Opsiphanes cassina,0,EP12E43a,-90.39185003,16.19792403,149.757812
E43a,Opsiphanes cassina,0,EP13E43a,-90.391859,16.19876004,149.099655
E43a,Opsiphanes cassina,0,EP14E43a,-90.39105602,16.197473,150.804657
E43a,Opsiphanes cassina,0,EP15E43a,-90.39107898,16.19835796,150.628983
E43a,Opsiphanes cassina,0,EP16E43a,-90.39031397,16.197042,150.095963
E43a,Opsiphanes cassina,0,EP17E43a,-90.39033601,16.19799703,149.373764
E43a,Opsiphanes cassina,0,EP18E43a,-90.39030701,16.19878401,149.881699
E43a,Opsiphanes cassina,0,EP19E43a,-90.38950897,16.19740997,150.724655
E43a,Opsiphanes cassina,0,EP20E43a,-90.38952003,16.19837003,150.926514
E43a,Opsiphanes cassina,0,EP21E43a,-90.388738,16.197056,150.798157
E43a,Opsiphanes cassina,0,EP22E43a,-90.38874001,16.19790902,149.826797
E43a,Opsiphanes cassina,0,EP23E43a,-90.38874999,16.19877898,149.292648
E43a,Opsiphanes cassina,0,EP24E43a,-90.38796502,16.19748004,151.171967
E43a,Opsiphanes cassina,0,EP25E43a,-90.38797097,16.198423,151.343567
E43a,Opsiphanes cassina,0,EP26E43a,-90.38715801,16.19705197,150.236343
E43a,Opsiphanes cassina,0,EP27E43a,-90.38720503,16.19788002,150.795456
E43a,Opsiphanes cassina,0,EP28E43a,-90.38718299,16.19879298,150.446777
E43a,Opsiphanes cassina,0,EP29E43a,-90.38644798,16.19746503,146.942139
E43a,Opsiphanes cassina,0,EP30E43a,-90.38641001,16.19834497,150.127441
E43a,Opsiphanes cassina,0,EP31E43a,-90.38562597,16.19884503,148.225006
E43b,Opsiphanes cassina,0,EP1E43b,-90.38336,16.19702901,140.814453
E43b,Opsiphanes cassina,0,EP2E43b,-90.38330996,16.19801497,140.72818
E43b,Opsiphanes cassina,0,EP3E43b,-90.38242601,16.197617,140.799255
E43b,Opsiphanes cassina,0,EP4E43b,-90.38247203,16.19850104,141.453171
E43b,Opsiphanes cassina,0,EP5E43b,-90.38158597,16.19711098,142.558304
E43b,Opsiphanes cassina,0,EP6E43b,-90.38157298,16.198034,142.538574
E43b,Opsiphanes cassina,0,EP7E43b,-90.38157499,16.19909498,141.058929
E43b,Opsiphanes cassina,0,EP8E43b,-90.38067402,16.19756998,144.251328
E43b,Opsiphanes cassina,0,EP9E43b,-90.38071199,16.19851403,143.704712
E43b,Opsiphanes cassina,0,EP10E43b,-90.37980298,16.19711903,143.600876
E43b,Opsiphanes cassina,0,EP11E43b,-90.37982502,16.198035,142.789825
E43b,Opsiphanes cassina,0,EP12E43b,-90.379851,16.19898803,142.705872
E43b,Opsiphanes cassina,0,EP13E43b,-90.37895297,16.197588,147.597473
E43b,Opsiphanes cassina,0,EP14E43b,-90.37893,16.19849802,145.494003
E43b,Opsiphanes cassina,0,EP15E43b,-90.378039,16.19707502,146.451126
E43b,Opsiphanes cassina,0,EP16E43b,-90.37807496,16.19800097,146.510803
E43b,Opsiphanes cassina,0,EP17E43b,-90.37804998,16.19901099,145.075043
E43b,Opsiphanes cassina,0,EP18E43b,-90.37722101,16.19757299,145.716629
E43b,Opsiphanes cassina,0,EP19E43b,-90.37719201,16.19852702,144.234604
E43b,Opsiphanes cassina,1,EP20E43b,-90.37632901,16.19710604,145.515549
E43b,Opsiphanes cassina,0,EP21E43b,-90.37633899,16.19803199,142.514496
E43b,Opsiphanes cassina,0,EP22E43b,-90.37634896,16.19900797,142.186188
E43b,Opsiphanes cassina,0,EP23E43b,-90.37543399,16.19756402,147.440094
E43b,Opsiphanes cassina,0,EP24E43b,-90.37542402,16.19851604,142.629608
E43b,Opsiphanes cassina,0,EP25E43b,-90.37456504,16.19705901,145.4039
E43b,Opsiphanes cassina,0,EP26E43b,-90.37456001,16.19801698,144.672195
E43b,Opsiphanes cassina,0,EP27E43b,-90.37455498,16.19897202,145.587067
E43b,Opsiphanes cassina,0,EP28E43b,-90.37366399,16.198638,144.866974
E44a,Opsiphanes cassina,0,EP1E44a,-90.39494497,16.19426499,155.691162
E44a,Opsiphanes cassina,0,EP2E44a,-90.39495,16.19519999,154.378021
E44a,Opsiphanes cassina,0,EP3E44a,-90.39496601,16.19599602,154.489517
E44a,Opsiphanes cassina,0,EP4E44a,-90.39415598,16.19470999,155.886169
E44a,Opsiphanes cassina,0,EP5E44a,-90.39418196,16.19564298,155.90683
E44a,Opsiphanes cassina,0,EP6E44a,-90.39338199,16.19428201,157.177521
E44a,Opsiphanes cassina,0,EP7E44a,-90.393369,16.19516303,156.122391
E44a,Opsiphanes cassina,0,EP8E44a,-90.39339499,16.19601899,156.219086
E44a,Opsiphanes cassina,0,EP9E44a,-90.39260097,16.19476698,157.907532
E44a,Opsiphanes cassina,0,EP10E44a,-90.39263399,16.19564599,157.69902
E44a,Opsiphanes cassina,0,EP11E44a,-90.39181701,16.19430296,150.268845
E44a,Opsiphanes cassina,0,EP12E44a,-90.39181701,16.195144,150.52179
E44a,Opsiphanes cassina,0,EP13E44a,-90.39184903,16.19601899,150.368668
E44a,Opsiphanes cassina,0,EP14E44a,-90.39104403,16.19467101,150.049515
E44a,Opsiphanes cassina,0,EP15E44a,-90.39104202,16.19559897,147.359787
E44a,Opsiphanes cassina,0,EP16E44a,-90.39025798,16.19429802,149.195084
E44a,Opsiphanes cassina,0,EP17E44a,-90.39028396,16.19516001,148.333801
E44a,Opsiphanes cassina,0,EP18E44a,-90.39030198,16.19612301,147.996094
E44a,Opsiphanes cassina,0,EP19E44a,-90.38948298,16.19471401,148.796158
E44a,Opsiphanes cassina,0,EP20E44a,-90.38950402,16.19560702,148.00708
E44a,Opsiphanes cassina,0,EP21E44a,-90.38874596,16.19437002,148.900116
E44a,Opsiphanes cassina,0,EP22E44a,-90.38875703,16.195274,149.040512
E44a,Opsiphanes cassina,0,EP23E44a,-90.388738,16.19604598,148.853836
E44a,Opsiphanes cassina,0,EP24E44a,-90.38797902,16.19558698,146.642242
E44a,Opsiphanes cassina,0,EP25E44a,-90.38714896,16.19515498,148.10289
E44a,Opsiphanes cassina,0,EP26E44a,-90.38716698,16.19606199,147.86441
E44a,Opsiphanes cassina,0,EP27E44a,-90.38641001,16.19561297,146.823502
E44b,Opsiphanes cassina,0,EP1E44b,-90.38325498,16.19623298,139.546463
E44b,Opsiphanes cassina,0,EP2E44b,-90.38239198,16.19617397,140.702408
E44b,Opsiphanes cassina,0,EP3E44b,-90.38149,16.19620004,142.795578
E44b,Opsiphanes cassina,0,EP4E44b,-90.38069498,16.19619601,142.680679
E44b,Opsiphanes cassina,0,EP5E44b,-90.37975,16.19585998,142.462967
E44b,Opsiphanes cassina,0,EP6E44b,-90.378873,16.19424496,144.746994
E44b,Opsiphanes cassina,0,EP7E44b,-90.37884199,16.19529898,143.693069
E44b,Opsiphanes cassina,0,EP8E44b,-90.37886404,16.19618403,142.390137
E44b,Opsiphanes cassina,0,EP9E44b,-90.37798,16.19472398,147.250351
E44b,Opsiphanes cassina,0,EP10E44b,-90.37798796,16.19572101,145.87558
E44b,Opsiphanes cassina,0,EP11E44b,-90.37712999,16.19426399,149.062683
E44b,Opsiphanes cassina,0,EP12E44b,-90.377118,16.19518801,148.596283
E44b,Opsiphanes cassina,0,EP13E44b,-90.37714197,16.19619702,144.36171
E44b,Opsiphanes cassina,0,EP14E44b,-90.37623304,16.19473798,149.586197
E44b,Opsiphanes cassina,0,EP15E44b,-90.37622902,16.19581799,148.677017
E44b,Opsiphanes cassina,0,EP16E44b,-90.37534799,16.19427304,150.506561
E44b,Opsiphanes cassina,0,EP17E44b,-90.375364,16.19527199,150.606415
E44b,Opsiphanes cassina,0,EP18E44b,-90.37539401,16.19620398,148.357849
E45a,Opsiphanes cassina,0,EP1E45a,-90.39356598,16.19160902,155.5634
E45a,Opsiphanes cassina,0,EP2E45a,-90.39353698,16.19248903,155.146439
E45a,Opsiphanes cassina,0,EP3E45a,-90.39356899,16.193461,155.020905
E45a,Opsiphanes cassina,0,EP4E45a,-90.39275,16.19214504,155.474533
E45a,Opsiphanes cassina,0,EP5E45a,-90.39277799,16.19288298,153.641815
E45a,Opsiphanes cassina,0,EP6E45a,-90.39198699,16.19161597,121.234825
E45a,Opsiphanes cassina,0,EP7E45a,-90.39197098,16.19250303,124.008553
E45a,Opsiphanes cassina,0,EP8E45a,-90.39198599,16.193403,127.201859
E45a,Opsiphanes cassina,0,EP9E45a,-90.39117898,16.19207002,132.995712
E45a,Opsiphanes cassina,0,EP10E45a,-90.39119096,16.192958,129.763367
E45a,Opsiphanes cassina,1,EP11E45a,-90.39039502,16.19248903,134.654892
E45a,Opsiphanes cassina,0,EP12E45a,-90.39036501,16.19354398,134.325729
E45a,Opsiphanes cassina,0,EP13E45a,-90.389586,16.19297099,137.353333
E45a,Opsiphanes cassina,0,EP14E45a,-90.38877203,16.19340903,138.88446
E45b,Opsiphanes cassina,0,EP1E45b,-90.37849003,16.191678,157.902344
E45b,Opsiphanes cassina,0,EP2E45b,-90.37850998,16.192642,160.397964
E45b,Opsiphanes cassina,0,EP3E45b,-90.37853002,16.19366803,163.491486
E45b,Opsiphanes cassina,0,EP4E45b,-90.37764296,16.19225602,158.410278
E45b,Opsiphanes cassina,0,EP5E45b,-90.37762997,16.19312799,162.540222
E45b,Opsiphanes cassina,0,EP6E45b,-90.37676797,16.19165403,154.530212
E45b,Opsiphanes cassina,0,EP7E45b,-90.37676596,16.19269003,155.276215
E45b,Opsiphanes cassina,0,EP8E45b,-90.37675599,16.19361204,154.836151
E45b,Opsiphanes cassina,0,EP9E45b,-90.37590598,16.19216499,154.016479
E45b,Opsiphanes cassina,0,EP10E45b,-90.37591704,16.19312799,154.218338
E45c,Opsiphanes cassina,0,EP1E45c,-90.38801297,16.18817604,161.65535
E45c,Opsiphanes cassina,0,EP2E45c,-90.38709297,16.18870502,159.863342
E45c,Opsiphanes cassina,0,EP3E45c,-90.38617699,16.189247,160.355728
E45c,Opsiphanes cassina,0,EP4E45c,-90.38801498,16.18915798,160.158173
E45c,Opsiphanes cassina,0,EP5E45c,-90.38716698,16.189679,160.759705
E45c,Opsiphanes cassina,0,EP6E45c,-90.38802302,16.19013799,159.661743
E45c,Opsiphanes cassina,0,EP7E45c,-90.38716698,16.19067804,161.013824
E45c,Opsiphanes cassina,0,EP8E45c,-90.388019,16.19112102,160.278854
E45c,Opsiphanes cassina,0,EP9E45c,-90.38898401,16.19172603,141.349731
E45c,Opsiphanes cassina,0,EP10E45c,-90.38989504,16.19026104,146.602722
E45c,Opsiphanes cassina,0,EP11E45c,-90.38985204,16.19129302,144.591568
E46a,Opsiphanes cassina,0,EP1E46a,-90.39352197,16.18896101,153.787888
E46a,Opsiphanes cassina,0,EP2E46a,-90.39347403,16.18991897,147.626556
E46a,Opsiphanes cassina,0,EP3E46a,-90.39349398,16.19093503,147.079636
E46a,Opsiphanes cassina,0,EP4E46a,-90.39262896,16.18946501,151.625183
E46a,Opsiphanes cassina,0,EP5E46a,-90.392607,16.19044301,151.248383
E46a,Opsiphanes cassina,0,EP6E46a,-90.39172003,16.18896101,152.26001
E46a,Opsiphanes cassina,0,EP7E46a,-90.39178901,16.18993297,151.480087
E46a,Opsiphanes cassina,0,EP8E46a,-90.39174199,16.19100602,151.45105
E46a,Opsiphanes cassina,0,EP9E46a,-90.39086499,16.18946099,151.520416
E46a,Opsiphanes cassina,0,EP10E46a,-90.390881,16.19043698,151.024338
E46a,Opsiphanes cassina,0,EP11E46a,-90.39002404,16.18903896,152.366364
E46b,Opsiphanes cassina,0,EP1E46b,-90.37834897,16.19071299,149.080963
E46b,Opsiphanes cassina,0,EP2E46b,-90.37742998,16.18926703,152.464005
E46b,Opsiphanes cassina,0,EP3E46b,-90.37744104,16.19030404,150.200439
E46b,Opsiphanes cassina,0,EP4E46b,-90.37656798,16.18877199,153.16864
E46b,Opsiphanes cassina,0,EP5E46b,-90.37656303,16.18973298,152.066833
E46b,Opsiphanes cassina,0,EP6E46b,-90.376542,16.19072196,152.645477
E46b,Opsiphanes cassina,0,EP7E46b,-90.37567397,16.189262,155.249222
E46b,Opsiphanes cassina,0,EP8E46b,-90.37567698,16.19021997,152.14743
E47a,Opsiphanes cassina,0,EP1E47a,-90.38766202,16.18758604,166.0186
E47a,Opsiphanes cassina,0,EP2E47a,-90.38674898,16.18612901,172.187653
E47a,Opsiphanes cassina,0,EP3E47a,-90.38677203,16.18709402,167.571045
E47a,Opsiphanes cassina,0,EP4E47a,-90.38678904,16.18802902,162.722534
E47a,Opsiphanes cassina,0,EP5E47a,-90.38588304,16.18662296,167.223618
E47a,Opsiphanes cassina,0,EP6E47a,-90.38591104,16.18757296,165.2798
E47a,Opsiphanes cassina,0,EP7E47a,-90.38503102,16.18620303,164.603912
E47a,Opsiphanes cassina,0,EP8E47a,-90.38498802,16.18711598,164.200577
E47a,Opsiphanes cassina,0,EP9E47a,-90.38499104,16.18816598,163.320114
E47a,Opsiphanes cassina,0,EP10E47a,-90.38413198,16.18646697,166.185638
E47a,Opsiphanes cassina,0,EP11E47a,-90.38415302,16.187608,163.926743
E47a,Opsiphanes cassina,0,EP12E47a,-90.38415201,16.18855599,161.757019
E47a,Opsiphanes cassina,0,EP13E47a,-90.383259,16.18614502,164.166534
E47a,Opsiphanes cassina,0,EP14E47a,-90.38323604,16.18716099,161.920471
E47a,Opsiphanes cassina,0,EP15E47a,-90.38322296,16.18808602,159.380325
E47a,Opsiphanes cassina,0,EP16E47a,-90.38326001,16.18908397,160.799225
E47a,Opsiphanes cassina,0,EP17E47a,-90.38237999,16.18672698,162.756638
E47b,Opsiphanes cassina,0,EP1E47b,-90.376945,16.18739099,155.15033
E47b,Opsiphanes cassina,0,EP2E47b,-90.376053,16.18607998,157.518951
E47b,Opsiphanes cassina,0,EP3E47b,-90.37603204,16.18693803,156.772675
E47b,Opsiphanes cassina,0,EP4E47b,-90.37604503,16.18791201,153.598495
E48b,Opsiphanes cassina,0,EP1E48b,-90.38571599,16.18513098,167.030884
E48b,Opsiphanes cassina,0,EP2E48b,-90.38487202,16.18361997,172.259323
E48b,Opsiphanes cassina,0,EP3E48b,-90.38489498,16.18461197,169.692276
E48b,Opsiphanes cassina,0,EP4E48b,-90.38399401,16.18412096,173.336044
E48b,Opsiphanes cassina,0,EP5E48b,-90.38403198,16.185063,171.896835
E48b,Opsiphanes cassina,0,EP6E48b,-90.38308801,16.18373397,170.962662
E48b,Opsiphanes cassina,0,EP7E48b,-90.38313,16.18462698,172.903778
E48b,Opsiphanes cassina,0,EP8E48b,-90.38230397,16.18408903,165.139709
E48b,Opsiphanes cassina,0,EP9E48b,-90.38222903,16.18510701,166.571976
E48b,Opsiphanes cassina,0,EP10E48b,-90.38134399,16.18361302,169.783768
E48b,Opsiphanes cassina,0,EP11E48b,-90.381374,16.18458297,162.948212
E48b,Opsiphanes cassina,0,EP12E48b,-90.38049096,16.183164,173.752991
E48b,Opsiphanes cassina,0,EP13E48b,-90.37964003,16.18339299,177.055878
E48b,Opsiphanes cassina,0,EP14E48b,-90.37870737,16.18320976,0
E48c,Opsiphanes cassina,0,EP1E48c,-90.37690996,16.18258297,160.850693
E48c,Opsiphanes cassina,0,EP2E48c,-90.376917,16.18351604,159.089905
E48c,Opsiphanes cassina,0,EP3E48c,-90.37599097,16.18116399,162.603027
E48c,Opsiphanes cassina,0,EP4E48c,-90.37600103,16.18206404,162.460052
E48c,Opsiphanes cassina,0,EP5E48c,-90.37603799,16.18308898,159.055405
E48c,Opsiphanes cassina,0,EP6E48c,-90.37603598,16.18401803,156.42598
E48c,Opsiphanes cassina,0,EP7E48c,-90.37604897,16.18497298,156.14859
E49b,Opsiphanes cassina,0,EP1E49b,-90.37810698,16.18251298,170.848099
E49b,Opsiphanes cassina,1,EP2E49b,-90.37807999,16.18145904,169.075546
E49b,Opsiphanes cassina,0,EP3E49b,-90.37893604,16.18200998,174.421951
E49b,Opsiphanes cassina,0,EP4E49b,-90.37898499,16.18116098,165.224014
E49b,Opsiphanes cassina,0,EP5E49b,-90.379822,16.182503,179.456985
E49b,Opsiphanes cassina,0,EP6E49b,-90.37983902,16.18154302,173.985397
E49b,Opsiphanes cassina,0,EP7E49b,-90.38067402,16.18202498,177.900589
E49b,Opsiphanes cassina,0,EP8E49b,-90.38070302,16.18112803,171.540649
E49b,Opsiphanes cassina,0,EP9E49b,-90.381576,16.18252496,170.470886
E49b,Opsiphanes cassina,0,EP10E49b,-90.38162403,16.18154897,172.320541
E49b,Opsiphanes cassina,0,EP11E49b,-90.38244998,16.18201098,170.276535
E49b,Opsiphanes cassina,0,EP12E49b,-90.38333997,16.182488,170.929626
E49b,Opsiphanes cassina,0,EP13E49b,-90.38250798,16.18100499,175.696716
E49b,Opsiphanes cassina,0,EP14E49b,-90.37873998,16.183178,173.065414
E49b,Opsiphanes cassina,0,EP15E49b,-90.38165001,16.179541,176.164474
E49b,Opsiphanes cassina,0,EP16E49b,-90.380713,16.18006102,170.369446
E49b,Opsiphanes cassina,0,EP17E49b,-90.38068098,16.179109,172.233765
E49b,Opsiphanes cassina,0,EP18E49b,-90.37981496,16.17764401,172.871521
E49b,Opsiphanes cassina,0,EP19E49b,-90.379031,16.17815799,174.243088
E49b,Opsiphanes cassina,0,EP20E49b,-90.37982997,16.17861799,168.487778
E49b,Opsiphanes cassina,0,EP21E49b,-90.37808703,16.17861003,172.501587
E49b,Opsiphanes cassina,0,EP22E49b,-90.37888097,16.17905603,171.02449
E49b,Opsiphanes cassina,0,EP23E49b,-90.37981899,16.179598,169.08316
E49b,Opsiphanes cassina,0,EP24E49b,-90.37805501,16.17958903,171.22348
E49b,Opsiphanes cassina,0,EP25E49b,-90.37896101,16.18008499,169.212402
E49b,Opsiphanes cassina,0,EP26E49b,-90.37984698,16.18056603,165.547272
E49b,Opsiphanes cassina,0,EP27E49b,-90.37810002,16.180562,167.497559
E49b,Opsiphanes cassina,0,EP28E49b,-90.377262,16.18102401,164.358749
E49b,Opsiphanes cassina,0,EP29E49b,-90.37714901,16.18003101,163.776474
E49b,Opsiphanes cassina,0,EP30E49b,-90.37718003,16.17912803,167.001129
E49b,Opsiphanes cassina,0,EP31E49b,-90.37719696,16.17811499,169.303558
E49b,Opsiphanes cassina,0,EP32E49b,-90.37807999,16.17763898,166.404694
E49b,Opsiphanes cassina,0,EP33E49b,-90.37895003,16.17712501,168.606628
E50b,Opsiphanes cassina,0,EP1E50b,-90.37372601,16.17783302,167.059967
E50b,Opsiphanes cassina,0,EP2E50b,-90.37451902,16.17740203,166.804962
E50b,Opsiphanes cassina,0,EP3E50b,-90.373667,16.17691697,166.470184
E50b,Opsiphanes cassina,0,EP4E50b,-90.37540298,16.17694697,169.892105
E50b,Opsiphanes cassina,0,EP5E50b,-90.37455004,16.17647901,171.45401
E50b,Opsiphanes cassina,0,EP6E50b,-90.37371797,16.17602899,169.773895
E50b,Opsiphanes cassina,0,EP7E50b,-90.37538202,16.17600401,172.240082
E50b,Opsiphanes cassina,0,EP8E50b,-90.374572,16.17552096,174.997253
E50b,Opsiphanes cassina,0,EP9E50b,-90.37369802,16.17508703,171.704849
E50b,Opsiphanes cassina,0,EP10E50b,-90.37287198,16.175543,168.882919
E50b,Opsiphanes cassina,0,EP11E50b,-90.37288397,16.17648999,170.920578
E50b,Opsiphanes cassina,0,EP12E50b,-90.37286896,16.17737998,168.596832
E50b,Opsiphanes cassina,0,EP13E50b,-90.37286703,16.17831096,163.880386
E50b,Opsiphanes cassina,0,EP14E50b,-90.37210504,16.17513699,171.446762
E50b,Opsiphanes cassina,0,EP15E50b,-90.372084,16.17600502,168.342331
E50b,Opsiphanes cassina,1,EP16E50b,-90.37207503,16.17693096,168.09874
E50b,Opsiphanes cassina,0,EP17E50b,-90.37207897,16.177858,165.083206
E50b,Opsiphanes cassina,0,EP18E50b,-90.37126601,16.17553102,170.0009
E50b,Opsiphanes cassina,0,EP19E50b,-90.37124103,16.17645504,166.740356
E50b,Opsiphanes cassina,0,EP20E50b,-90.37125997,16.17829897,168.750443
E50b,Opsiphanes cassina,0,EP21E50b,-90.37045699,16.17506004,167.474014
E50b,Opsiphanes cassina,0,EP22E50b,-90.37048699,16.17597702,163.591919
E50b,Opsiphanes cassina,0,EP23E50b,-90.37043301,16.17684798,168.23819
E50b,Opsiphanes cassina,0,EP24E50b,-90.37043704,16.17786303,172.826767
E50b,Opsiphanes cassina,0,EP25E50b,-90.37041298,16.17878504,173.504181
E50b,Opsiphanes cassina,0,EP26E50b,-90.36962198,16.17561199,163.320297
E50b,Opsiphanes cassina,0,EP27E50b,-90.36961896,16.176449,163.691788
E50b,Opsiphanes cassina,0,EP28E50b,-90.36962098,16.177355,167.06105
E50b,Opsiphanes cassina,0,EP29E50b,-90.36960597,16.17830803,171.102798
E50b,Opsiphanes cassina,0,EP30E50b,-90.36878597,16.17506197,164.333405
E50b,Opsiphanes cassina,0,EP31E50b,-90.36879896,16.17598398,164.227142
E50b,Opsiphanes cassina,0,EP32E50b,-90.36878698,16.17690498,166.383682
E50b,Opsiphanes cassina,0,EP33E50b,-90.36878396,16.17792204,166.402054
E50b,Opsiphanes cassina,0,EP34E50b,-90.368762,16.178734,163.523621
E50b,Opsiphanes cassina,0,EP35E50b,-90.36796798,16.175527,165.144241
E50b,Opsiphanes cassina,0,EP36E50b,-90.36796496,16.17644398,168.254852
E50b,Opsiphanes cassina,0,EP37E50b,-90.36796899,16.17737403,170.342255
E50b,Opsiphanes cassina,0,EP38E50b,-90.36795599,16.17832496,165.942169
E50b,Opsiphanes cassina,0,EP39E50b,-90.36710397,16.17507697,170.859467
E51b,Opsiphanes cassina,0,EP1E51b,-90.37904198,16.17611004,176.5103
E51b,Opsiphanes cassina,0,EP2E51b,-90.37822399,16.17481696,180.749435
E51b,Opsiphanes cassina,0,EP3E51b,-90.37820798,16.17572498,178.938599
E51b,Opsiphanes cassina,0,EP4E51b,-90.37738798,16.174334,176.181
E51b,Opsiphanes cassina,0,EP5E51b,-90.37738396,16.175355,177.216797
E51b,Opsiphanes cassina,0,EP6E51b,-90.377391,16.17619503,175.409424
E51b,Opsiphanes cassina,0,EP7E51b,-90.37657301,16.17295702,173.089096
E51b,Opsiphanes cassina,0,EP8E51b,-90.37655499,16.17386302,172.861496
E51b,Opsiphanes cassina,0,EP9E51b,-90.37655801,16.17479601,171.999847
E51b,Opsiphanes cassina,0,EP10E51b,-90.37657502,16.17580703,170.843826
E51b,Opsiphanes cassina,0,EP11E51b,-90.37574898,16.17351199,163.209793
E51b,Opsiphanes cassina,0,EP12E51b,-90.37575603,16.17431799,162.485535
E51b,Opsiphanes cassina,0,EP13E51b,-90.37578503,16.17526598,160.477493
E51b,Opsiphanes cassina,0,EP14E51b,-90.374946,16.17296699,163.254089
E51b,Opsiphanes cassina,1,EP15E51b,-90.374932,16.17388004,165.492691
E51b,Opsiphanes cassina,0,EP16E51b,-90.37494902,16.174794,166.946213
E51b,Opsiphanes cassina,0,EP17E51b,-90.37410798,16.17346798,163.278687
E51b,Opsiphanes cassina,0,EP18E51b,-90.37410504,16.17434104,163.8134
E51b,Opsiphanes cassina,0,EP19E51b,-90.37331404,16.17396201,161.343765
E51b,Opsiphanes cassina,0,EP20E51b,-90.37251097,16.17344904,169.874008
E51b,Opsiphanes cassina,0,EP21E51b,-90.37244501,16.17434599,164.794754
E51b,Opsiphanes cassina,0,EP22E51b,-90.37164596,16.17388397,170.230453
E51b,Opsiphanes cassina,0,EP23E51b,-90.37080701,16.174406,170.874863
E51b,Opsiphanes cassina,0,EP24E51b,-90.36998701,16.17385799,165.528748
E51b,Opsiphanes cassina,0,EP25E51b,-90.36911001,16.17434397,163.071091
E51b,Opsiphanes cassina,0,EP26E51b,-90.368331,16.17442704,169.144257
E51b,Opsiphanes cassina,0,EP27E51b,-90.36753003,16.17441396,170.302734
E52a,Opsiphanes cassina,0,EP1E52a,-90.36836101,16.168496,167.389984
E52a,Opsiphanes cassina,0,EP2E52a,-90.367482,16.16894896,168.902618
E52a,Opsiphanes cassina,0,EP3E52a,-90.36844298,16.16950502,171.058182
E52a,Opsiphanes cassina,0,EP4E52a,-90.36924203,16.16994699,169.707443
E52a,Opsiphanes cassina,0,EP5E52a,-90.36747797,16.16993601,176.481247
E52a,Opsiphanes cassina,0,EP6E52a,-90.36835296,16.17041697,175.448257
E52a,Opsiphanes cassina,0,EP7E52a,-90.36922904,16.170911,169.202591
E52a,Opsiphanes cassina,0,EP8E52a,-90.37004401,16.17145297,172.848877
E52a,Opsiphanes cassina,0,EP9E52a,-90.36746004,16.17090303,178.959564
E52a,Opsiphanes cassina,0,EP10E52a,-90.36833997,16.17140201,173.501938
E52a,Opsiphanes cassina,0,EP11E52a,-90.36919802,16.17188799,170.771332
E52a,Opsiphanes cassina,1,EP12E52a,-90.37007502,16.17239602,172.223526
E52a,Opsiphanes cassina,0,EP13E52a,-90.37087399,16.17283599,171.788651
E52a,Opsiphanes cassina,0,EP14E52a,-90.36753397,16.17192999,178.030823
E52a,Opsiphanes cassina,0,EP15E52a,-90.36834802,16.172364,173.383804
E52a,Opsiphanes cassina,0,EP16E52a,-90.36915301,16.17286297,168.180313
E52a,Opsiphanes cassina,0,EP17E52a,-90.37007603,16.17335298,166.982208
E52a,Opsiphanes cassina,0,EP18E52a,-90.36746599,16.17285803,181.672348
E52a,Opsiphanes cassina,0,EP19E52a,-90.36830099,16.17337,172.222244
E52a,Opsiphanes cassina,0,EP20E52a,-90.36741402,16.17384802,178.939072
F20a,Opsiphanes cassina,0,EP1F20a,-90.37221199,16.285904,131.642654
F20a,Opsiphanes cassina,0,EP2F20a,-90.37053502,16.28585103,135.212769
F20a,Opsiphanes cassina,0,EP3F20a,-90.36963397,16.28636199,133.441315
F20a,Opsiphanes cassina,0,EP4F20a,-90.36875504,16.285889,134.861633
F20a,Opsiphanes cassina,0,EP5F20a,-90.36788902,16.28529103,134.71994
F20a,Opsiphanes cassina,0,EP6F20a,-90.36787402,16.28636702,134.662216
F20a,Opsiphanes cassina,0,EP7F20a,-90.36874297,16.286867,132.33905
F20a,Opsiphanes cassina,0,EP8F20a,-90.36959901,16.28737704,133.588821
F20a,Opsiphanes cassina,0,EP9F20a,-90.37048096,16.28678796,132.882828
F20a,Opsiphanes cassina,0,EP10F20a,-90.37142199,16.28733899,132.718384
F20a,Opsiphanes cassina,0,EP11F20a,-90.37137204,16.28636702,132.870499
F20a,Opsiphanes cassina,0,EP12F20a,-90.37225499,16.28683104,129.335312
F20a,Opsiphanes cassina,0,EP13F20a,-90.37315303,16.287312,131.948364
F20a,Opsiphanes cassina,0,EP14F20a,-90.37311397,16.28637599,125.399139
F20a,Opsiphanes cassina,0,EP15F20a,-90.373998,16.28683297,130.767593
F20a,Opsiphanes cassina,0,EP16F20a,,,
F20a,Opsiphanes cassina,0,EP17F20a,,,
F20a,Opsiphanes cassina,0,EP18F20a,,,
F20b,Opsiphanes cassina,0,EP1F20b,-90.37312503,16.28540302,131.421371
F20b,Opsiphanes cassina,0,EP2F20b,-90.372242,16.28491502,131.337891
F20b,Opsiphanes cassina,0,EP3F20b,-90.371365,16.28539497,134.614944
F20b,Opsiphanes cassina,0,EP4F20b,-90.37136802,16.28442904,131.059906
F20b,Opsiphanes cassina,0,EP5F20b,-90.37049504,16.28491402,135.833389
F20b,Opsiphanes cassina,0,EP6F20b,-90.37051197,16.28392797,132.797424
F20b,Opsiphanes cassina,0,EP7F20b,-90.369597,16.28539698,136.477921
F20b,Opsiphanes cassina,0,EP8F20b,-90.36961603,16.28443901,137.351196
F20b,Opsiphanes cassina,0,EP9F20b,-90.36961603,16.28343796,132.882782
F20b,Opsiphanes cassina,0,EP10F20b,-90.36873601,16.28493204,133.672958
F20b,Opsiphanes cassina,0,EP11F20b,-90.36874599,16.28392202,134.304642
F20b,Opsiphanes cassina,0,EP12F20b,-90.367871,16.28441596,135.58728
F20b,Opsiphanes cassina,0,EP13F20b,-90.36964,16.28230498,134.022934
F20b,Opsiphanes cassina,0,EP14F20b,-90.37051398,16.28276498,131.94162
F20c,Opsiphanes cassina,0,EP1F20c,-90.35543703,16.285011,130.635193
F20c,Opsiphanes cassina,0,EP2F20c,-90.35542496,16.28566001,131.098816
F20c,Opsiphanes cassina,0,EP3F20c,-90.35456699,16.28547904,130.812149
F20c,Opsiphanes cassina,0,EP4F20c,-90.35454696,16.28645,130.812622
F20c,Opsiphanes cassina,0,EP5F20c,-90.35451402,16.28742004,129.987946
F20c,Opsiphanes cassina,0,EP6F20c,-90.35450497,16.28832,131.828217
F20c,Opsiphanes cassina,0,EP7F20c,-90.35369502,16.28505701,131.81044
F20c,Opsiphanes cassina,0,EP8F20c,-90.35367298,16.28595798,131.550354
F20c,Opsiphanes cassina,0,EP9F20c,-90.35366502,16.28692299,131.355652
F20c,Opsiphanes cassina,0,EP10F20c,-90.35363602,16.28789898,131.024475
F20c,Opsiphanes cassina,0,EP11F20c,-90.35360198,16.28888402,131.721786
F21a,Opsiphanes cassina,0,EP1F21a,-90.37376398,16.27883798,131.359985
F21a,Opsiphanes cassina,0,EP2F21a,-90.37463302,16.27932496,129.479416
F21a,Opsiphanes cassina,0,EP3F21a,-90.37990901,16.28031403,124.49337
F21a,Opsiphanes cassina,0,EP4F21a,-90.379045,16.28080697,123.784927
F21a,Opsiphanes cassina,0,EP5F21a,-90.37903201,16.28177298,125.676498
F21a,Opsiphanes cassina,0,EP6F21a,-90.37818502,16.28031403,123.813622
F21a,Opsiphanes cassina,0,EP7F21a,-90.378153,16.281302,125.60733
F21a,Opsiphanes cassina,0,EP8F21a,-90.37727499,16.28080102,124.173149
F21a,Opsiphanes cassina,0,EP9F21a,-90.37728304,16.28178597,124.833206
F21a,Opsiphanes cassina,0,EP10F21a,-90.37639397,16.28031998,124.942513
F21a,Opsiphanes cassina,0,EP11F21a,-90.37640202,16.28129303,125.343292
F21a,Opsiphanes cassina,0,EP12F21a,-90.374645,16.28031202,132.935272
F21a,Opsiphanes cassina,0,EP13F21a,-90.37558897,16.28084997,127.611687
F21a,Opsiphanes cassina,0,EP14F21a,-90.37461902,16.28127099,130.261719
F21a,Opsiphanes cassina,0,EP15F21a,-90.37552896,16.281762,126.527512
F21a,Opsiphanes cassina,0,EP16F21a,-90.37375401,16.28177902,130.628693
F21a,Opsiphanes cassina,0,EP17F21a,-90.37377102,16.28274101,129.310028
F21a,Opsiphanes cassina,0,EP18F21a,-90.37465196,16.28227598,128.025925
F21a,Opsiphanes cassina,0,EP19F21a,-90.37466101,16.28323596,129.409042
F21a,Opsiphanes cassina,0,EP20F21a,-90.37552997,16.28277898,125.356377
F21a,Opsiphanes cassina,0,EP21F21a,-90.37552804,16.28373099,125.391075
F21a,Opsiphanes cassina,0,EP22F21a,-90.37639699,16.28325499,124.107544
F21a,Opsiphanes cassina,0,EP23F21a,-90.37639104,16.282294,125.642128
F21a,Opsiphanes cassina,0,EP24F21a,-90.37727701,16.28373996,125.868378
F21a,Opsiphanes cassina,0,EP25F21a,-90.37728396,16.28276196,126.013863
F21a,Opsiphanes cassina,0,EP26F21a,-90.37813598,16.28230196,126.71521
F21b,Opsiphanes cassina,0,EP1F21b,-90.37444199,16.27673898,134.55101
F21b,Opsiphanes cassina,0,EP2F21b,-90.37533198,16.27626498,136.228531
F21b,Opsiphanes cassina,0,EP3F21b,-90.37529301,16.27529704,137.907684
F21b,Opsiphanes cassina,0,EP4F21b,-90.37616397,16.27577296,131.196045
F21b,Opsiphanes cassina,0,EP5F21b,-90.37620999,16.27483,131.494522
F21b,Opsiphanes cassina,0,EP6F21b,-90.376198,16.27384303,133.329971
F21b,Opsiphanes cassina,0,EP7F21b,-90.37706302,16.27433103,128.044617
F21b,Opsiphanes cassina,0,EP8F21b,-90.37704801,16.27334498,129.957916
F21b,Opsiphanes cassina,0,EP9F21b,-90.37794203,16.27289101,129.344269
F21b,Opsiphanes cassina,0,EP10F21b,-90.37968404,16.27295899,128.981522
F21b,Opsiphanes cassina,0,EP11F21b,-90.38053497,16.27239497,130.777802
F21b,Opsiphanes cassina,0,EP12F21b,-90.38142303,16.27300903,130.051086
F21c,Opsiphanes cassina,0,EP1F21c,-90.35945498,16.27738698,134.948959
F21c,Opsiphanes cassina,0,EP2F21c,-90.35852401,16.27982402,134.326523
F21c,Opsiphanes cassina,0,EP3F21c,-90.35856198,16.27884401,134.554962
F21c,Opsiphanes cassina,0,EP4F21c,-90.35857899,16.277878,134.016144
F21c,Opsiphanes cassina,1,EP5F21c,-90.35765103,16.28027396,134.028732
F21c,Opsiphanes cassina,0,EP6F21c,-90.35766704,16.279317,132.170715
F21c,Opsiphanes cassina,0,EP7F21c,-90.35677202,16.279863,131.755447
F21c,Opsiphanes cassina,0,EP8F21c,-90.35588304,16.28050396,131.760056
F21d,Opsiphanes cassina,0,EP1F21d,-90.37304599,16.28317502,133.876312
F21d,Opsiphanes cassina,0,EP2F21d,-90.37303098,16.284077,130.168549
F21d,Opsiphanes cassina,0,EP3F21d,-90.37391603,16.28363703,127.743347
F21d,Opsiphanes cassina,0,EP4F21d,-90.37480099,16.284236,133.51915
F21d,Opsiphanes cassina,0,EP5F21d,-90.37479403,16.28521401,130.201904
F21d,Opsiphanes cassina,0,EP6F21d,-90.37567497,16.28471302,124.911888
F21d,Opsiphanes cassina,0,EP7F21d,-90.376557,16.28423299,124.435089
F21d,Opsiphanes cassina,0,EP8F21d,-90.376557,16.285184,124.770515
F21d,Opsiphanes cassina,0,EP9F21d,-90.37741899,16.284709,125.846329
F21d,Opsiphanes cassina,0,EP10F21d,-90.37567003,16.285688,128.631058
F21d,Opsiphanes cassina,0,EP11F21d,-90.37560297,16.28662401,128.089478
F22a,Opsiphanes cassina,0,EP1F22a,-90.37246504,16.28265501,135.074966
F22a,Opsiphanes cassina,0,EP2F22a,-90.37156901,16.28218403,132.796143
F22a,Opsiphanes cassina,0,EP3F22a,-90.372473,16.28168003,135.729919
F22a,Opsiphanes cassina,0,EP4F22a,-90.37334397,16.281172,135.118546
F22a,Opsiphanes cassina,0,EP5F22a,-90.37248901,16.28067797,134.37796
F22a,Opsiphanes cassina,0,EP6F22a,-90.37333399,16.28021998,136.19632
F22a,Opsiphanes cassina,0,EP7F22a,-90.372459,16.27874804,136.677872
F22a,Opsiphanes cassina,0,EP8F22a,-90.37332896,16.27924399,135.048813
F22a,Opsiphanes cassina,0,EP9F22a,-90.372459,16.27972897,136.226669
F22a,Opsiphanes cassina,0,EP10F22a,-90.371581,16.28023197,136.487793
F22a,Opsiphanes cassina,0,EP11F22a,-90.37071196,16.28069901,136.21843
F22a,Opsiphanes cassina,0,EP12F22a,-90.37157496,16.28120796,133.229675
F22a,Opsiphanes cassina,0,EP13F22a,-90.36981996,16.28119597,137.516296
F22a,Opsiphanes cassina,0,EP14F22a,-90.37070702,16.28169,135.247482
F22a,Opsiphanes cassina,0,EP15F22a,,,
F22b,Opsiphanes cassina,0,EP1F22b,-90.35805998,16.27779703,136.221573
F22b,Opsiphanes cassina,0,EP2F22b,-90.35719899,16.277303,135.215042
F22b,Opsiphanes cassina,0,EP3F22b,-90.35717703,16.27827999,135.322205
F22b,Opsiphanes cassina,0,EP4F22b,-90.35715499,16.27917199,134.455719
F22b,Opsiphanes cassina,0,EP5F22b,-90.35632501,16.27776903,135.919968
F22b,Opsiphanes cassina,0,EP6F22b,-90.35629702,16.27874703,135.843658
F22b,Opsiphanes cassina,0,EP7F22b,-90.35626198,16.27972,134.694138
F22b,Opsiphanes cassina,0,EP8F22b,-90.35543201,16.27735496,136.088638
F22b,Opsiphanes cassina,0,EP9F22b,-90.355431,16.27824102,135.608871
F22b,Opsiphanes cassina,0,EP10F22b,-90.355403,16.279231,135.001648
F22b,Opsiphanes cassina,0,EP11F22b,-90.35456196,16.27774699,134.8069
F22b,Opsiphanes cassina,0,EP12F22b,-90.35452701,16.27871501,136.419312
F22b,Opsiphanes cassina,0,EP13F22b,-90.35452299,16.27977398,135.63533
F22b,Opsiphanes cassina,0,EP14F22b,-90.35368999,16.27725597,136.790665
F22b,Opsiphanes cassina,0,EP15F22b,-90.35273597,16.27768404,135.965088
F22b,Opsiphanes cassina,0,EP16F22b,-90.353662,16.27823004,135.050446
F22b,Opsiphanes cassina,0,EP17F22b,-90.35277301,16.27869699,136.29657
F22b,Opsiphanes cassina,0,EP18F22b,-90.35364004,16.279201,135.034607
F22b,Opsiphanes cassina,0,EP19F22b,-90.35275499,16.27967499,135.256485
F22b,Opsiphanes cassina,0,EP20F22b,-90.35365202,16.28017497,135.268524
F22b,Opsiphanes cassina,0,EP21F22b,-90.35360903,16.28113797,134.247986
F22b,Opsiphanes cassina,0,EP22F22b,-90.35276002,16.28063698,134.638123
F22b,Opsiphanes cassina,0,EP23F22b,-90.351865,16.28110302,131.38121
F22b,Opsiphanes cassina,0,EP24F22b,-90.35181102,16.28016902,134.856049
F22b,Opsiphanes cassina,0,EP25F22b,-90.35189803,16.27916101,136.385864
F22b,Opsiphanes cassina,0,EP26F22b,-90.35191496,16.27817899,136.87677
F22b,Opsiphanes cassina,0,EP27F22b,-90.35103302,16.278655,136.198212
F22b,Opsiphanes cassina,0,EP28F22b,-90.35193399,16.27721197,138.286774
F22b,Opsiphanes cassina,0,EP29F22b,-90.351059,16.27768496,137.287201
F22b,Opsiphanes cassina,0,EP30F22b,-90.35017898,16.27718599,138.7173
F22c,Opsiphanes cassina,0,EP1F22c,-90.35760904,16.28118298,129.997482
F22c,Opsiphanes cassina,0,EP2F22c,-90.35670798,16.28262802,130.6483
F22c,Opsiphanes cassina,0,EP3F22c,-90.35673598,16.28172797,129.719879
F22c,Opsiphanes cassina,0,EP4F22c,-90.35552111,16.31353579,0
F22c,Opsiphanes cassina,0,EP5F22c,-90.35582302,16.28310696,128.199036
F22c,Opsiphanes cassina,0,EP6F22c,-90.35583199,16.28211396,126.525978
F22c,Opsiphanes cassina,0,EP7F22c,-90.35585697,16.28115096,126.336777
F22c,Opsiphanes cassina,0,EP8F22c,-90.35494401,16.28357903,126.346565
F22c,Opsiphanes cassina,0,EP9F22c,-90.354957,16.28259097,125.253677
F22c,Opsiphanes cassina,0,EP10F22c,-90.35497402,16.281618,125.534592
F22c,Opsiphanes cassina,0,EP11F22c,-90.35405201,16.28403802,124.963127
F22c,Opsiphanes cassina,0,EP12F22c,-90.35407799,16.28307201,125.300468
F22c,Opsiphanes cassina,0,EP13F22c,-90.35319203,16.28354098,122.864143
F22c,Opsiphanes cassina,0,EP14F22c,-90.35230899,16.28401397,121.824554
F22c,Opsiphanes cassina,0,EP15F22c,-90.35145102,16.283517,115.944244
F22c,Opsiphanes cassina,0,EP16F22c,-90.35147801,16.282438,120.934883
F22c,Opsiphanes cassina,0,EP17F22c,-90.35057997,16.28396904,117.115707
F22c,Opsiphanes cassina,0,EP18F22c,-90.35059598,16.28299297,118.574982
F22c,Opsiphanes cassina,0,EP19F22c,-90.349708,16.28347401,115.282089
F23b,Opsiphanes cassina,0,EP1F23b,-90.36330303,16.27400204,136.164734
F23b,Opsiphanes cassina,0,EP2F23b,-90.36241497,16.27446002,135.262146
F23b,Opsiphanes cassina,0,EP3F23b,-90.36155599,16.27396599,136.061096
F23b,Opsiphanes cassina,0,EP4F23b,-90.36152104,16.27494802,134.907196
F23b,Opsiphanes cassina,0,EP5F23b,-90.36064404,16.27443203,136.443283
F23b,Opsiphanes cassina,0,EP6F23b,-90.35985002,16.27389601,138.373566
F23b,Opsiphanes cassina,0,EP7F23b,-90.35975497,16.27490703,136.495071
F23b,Opsiphanes cassina,0,EP8F23b,-90.35891997,16.27441501,136.129333
F23c,Opsiphanes cassina,0,EP1F23c,-90.35949899,16.276182,141.958176
F23c,Opsiphanes cassina,0,EP2F23c,-90.35860397,16.27667997,142.703751
F23c,Opsiphanes cassina,0,EP3F23c,-90.35863004,16.275693,143.771957
F23c,Opsiphanes cassina,0,EP4F23c,-90.35865703,16.27471399,143.309616
F23c,Opsiphanes cassina,0,EP5F23c,-90.35774197,16.27623699,143.921143
F23c,Opsiphanes cassina,0,EP6F23c,-90.35775497,16.27518003,144.050079
F23c,Opsiphanes cassina,0,EP7F23c,-90.35778204,16.27420102,144.07312
F23c,Opsiphanes cassina,0,EP8F23c,-90.35686296,16.27663597,143.903214
F23c,Opsiphanes cassina,0,EP9F23c,-90.35688803,16.27556501,144.020874
F23c,Opsiphanes cassina,0,EP10F23c,-90.35689297,16.27468298,145.248108
F23c,Opsiphanes cassina,0,EP11F23c,-90.35691401,16.27369601,145.316208
F23c,Opsiphanes cassina,0,EP12F23c,-90.35601002,16.27610698,144.495056
F23c,Opsiphanes cassina,0,EP13F23c,-90.35603902,16.27513502,143.635391
F23c,Opsiphanes cassina,0,EP14F23c,-90.35602603,16.27426699,144.860474
F23c,Opsiphanes cassina,0,EP15F23c,-90.35509598,16.27668198,143.557877
F23c,Opsiphanes cassina,0,EP16F23c,-90.35513403,16.275636,145.240204
F23c,Opsiphanes cassina,0,EP17F23c,-90.35514501,16.274643,145.474182
F23c,Opsiphanes cassina,2,EP18F23c,-90.35517099,16.27358998,147.109985
F23c,Opsiphanes cassina,0,EP19F23c,-90.35425602,16.27600699,145.968994
F23c,Opsiphanes cassina,0,EP20F23c,-90.35428997,16.27510501,146.688934
F23c,Opsiphanes cassina,0,EP21F23c,-90.35429198,16.27413397,149.199707
F23c,Opsiphanes cassina,0,EP22F23c,-90.35335598,16.276484,141.435165
F23c,Opsiphanes cassina,0,EP23F23c,-90.35337199,16.27558898,143.324966
F23c,Opsiphanes cassina,0,EP24F23c,-90.35338799,16.27469304,146.036438
F23c,Opsiphanes cassina,0,EP25F23c,-90.35341297,16.27362703,150.60939
F23c,Opsiphanes cassina,0,EP26F23c,-90.35249197,16.27597497,143.4478
F23c,Opsiphanes cassina,0,EP27F23c,-90.35250798,16.27493603,146.955307
F23c,Opsiphanes cassina,0,EP28F23c,-90.35253304,16.273953,150.59549
F23c,Opsiphanes cassina,0,EP29F23c,-90.35161003,16.27643798,141.567184
F23c,Opsiphanes cassina,0,EP30F23c,-90.35163098,16.27556099,144.219482
F23c,Opsiphanes cassina,0,EP31F23c,-90.35164498,16.27449296,146.712753
F23c,Opsiphanes cassina,0,EP32F23c,-90.35167499,16.27342402,149.96907
F23c,Opsiphanes cassina,0,EP33F23c,-90.35074702,16.27595804,142.470154
F23c,Opsiphanes cassina,0,EP34F23c,-90.35076798,16.27487803,143.72168
F23c,Opsiphanes cassina,0,EP35F23c,-90.35077603,16.27397999,145.190155
F23d,Opsiphanes cassina,0,EP1F23d,-90.36039099,16.27747499,135.029114
F23d,Opsiphanes cassina,0,EP2F23d,-90.36035797,16.27844998,135.038452
F23d,Opsiphanes cassina,0,EP3F23d,-90.36124703,16.27798403,135.989044
F23d,Opsiphanes cassina,0,EP4F23d,-90.36124301,16.27895197,134.839249
F23d,Opsiphanes cassina,0,EP5F23d,-90.36210702,16.27848803,135.303528
F23d,Opsiphanes cassina,0,EP6F23d,-90.36303196,16.27802099,134.843475
F23d,Opsiphanes cassina,0,EP7F23d,-90.36212998,16.27751397,134.418411
F23d,Opsiphanes cassina,0,EP8F23d,-90.36125198,16.27700301,136.001923
F23d,Opsiphanes cassina,0,EP9F23d,-90.36128098,16.27587003,135.964233
F24a,Opsiphanes cassina,0,EP1F24a,-90.36494697,16.270817,142.341064
F24a,Opsiphanes cassina,0,EP2F24a,-90.36666602,16.27079403,140.072205
F24a,Opsiphanes cassina,0,EP3F24a,-90.36669603,16.27180003,138.073212
F24a,Opsiphanes cassina,0,EP4F24a,-90.36582104,16.27131103,136.861206
F24a,Opsiphanes cassina,0,EP5F24a,-90.36589396,16.27234099,135.213303
F24a,Opsiphanes cassina,0,EP6F24a,-90.36670097,16.27274701,136.817825
F24a,Opsiphanes cassina,0,EP7F24a,-90.36758903,16.27226598,138.872467
F24a,Opsiphanes cassina,0,EP8F24a,-90.36846201,16.27178201,139.916931
F24a,Opsiphanes cassina,0,EP9F24a,-90.36935904,16.27129602,136.724655
F24a,Opsiphanes cassina,0,EP10F24a,-90.3702,16.27278901,137.093338
F24a,Opsiphanes cassina,0,EP11F24a,-90.36931101,16.272298,136.83699
F24a,Opsiphanes cassina,0,EP12F24a,-90.36932099,16.273276,134.944382
F24a,Opsiphanes cassina,0,EP13F24a,-90.36844801,16.272774,134.760651
F24a,Opsiphanes cassina,0,EP14F24a,-90.36851398,16.27381101,134.484222
F24a,Opsiphanes cassina,0,EP15F24a,-90.36756397,16.27325999,133.58696
F24a,Opsiphanes cassina,0,EP16F24a,-90.36757101,16.27424997,134.140137
F24a,Opsiphanes cassina,0,EP17F24a,-90.36847098,16.274715,135.318665
F24a,Opsiphanes cassina,0,EP18F24a,-90.37020997,16.27373398,135.537018
F24a,Opsiphanes cassina,0,EP19F24a,-90.36933398,16.27422298,134.926559
F24a,Opsiphanes cassina,0,EP20F24a,-90.37018902,16.27469203,134.919678
F24a,Opsiphanes cassina,0,EP21F24a,-90.36931696,16.27520903,134.361084
F24a,Opsiphanes cassina,0,EP22F24a,-90.37019203,16.27569602,134.973969
F24a,Opsiphanes cassina,0,EP23F24a,-90.37108404,16.27521297,136.460236
F24a,Opsiphanes cassina,0,EP24F24a,-90.37108303,16.27422298,135.167801
F24b,Opsiphanes cassina,0,EP1F24b,-90.36376798,16.27302999,136.015869
F24b,Opsiphanes cassina,1,EP2F24b,-90.362909,16.272616,136.994141
F24b,Opsiphanes cassina,0,EP3F24b,-90.36203904,16.27299897,137.429718
F24b,Opsiphanes cassina,0,EP4F24b,-90.36204197,16.27203003,138.127899
F24b,Opsiphanes cassina,0,EP5F24b,-90.36117001,16.27249497,137.453522
F24b,Opsiphanes cassina,0,EP6F24b,-90.36116598,16.27153398,137.848282
F24b,Opsiphanes cassina,0,EP7F24b,-90.36121803,16.27046202,138.526718
F24b,Opsiphanes cassina,0,EP8F24b,-90.36029502,16.27288297,137.236191
F24b,Opsiphanes cassina,0,EP9F24b,-90.36031002,16.27198904,138.14827
F24b,Opsiphanes cassina,0,EP10F24b,-90.36032503,16.27101498,138.028595
F24b,Opsiphanes cassina,0,EP11F24b,-90.35942397,16.272457,138.427368
F24b,Opsiphanes cassina,0,EP12F24b,-90.35942498,16.27148604,138.545349
F24b,Opsiphanes cassina,0,EP13F24b,-90.35945297,16.27051299,138.880341
F24b,Opsiphanes cassina,0,EP14F24b,-90.35857597,16.27089201,139.890747
F24b,Opsiphanes cassina,0,EP15F24b,-90.35861,16.26998702,139.271942
F24b,Opsiphanes cassina,0,EP16F24b,-90.35682902,16.270933,140.029022
F24b,Opsiphanes cassina,0,EP17F24b,-90.357819,16.27153298,138.575226
F24b,Opsiphanes cassina,0,EP18F24b,-90.35766201,16.27240897,139.095718
F24b,Opsiphanes cassina,0,EP19F24b,-90.35851303,16.27293502,137.616974
F24c,Opsiphanes cassina,0,EP1F24c,-90.35756797,16.273076,135.70079
F24c,Opsiphanes cassina,0,EP2F24c,-90.35670698,16.27249103,136.672928
F24c,Opsiphanes cassina,0,EP3F24c,-90.35671896,16.271522,137.717255
F24c,Opsiphanes cassina,0,EP4F24c,-90.35580802,16.27298104,136.958817
F24c,Opsiphanes cassina,0,EP5F24c,-90.35584196,16.27202097,137.012802
F24c,Opsiphanes cassina,0,EP6F24c,-90.35583501,16.27095102,138.927231
F24c,Opsiphanes cassina,0,EP7F24c,-90.35587097,16.27012901,137.686188
F24c,Opsiphanes cassina,1,EP8F24c,-90.354956,16.272486,139.373657
F24c,Opsiphanes cassina,0,EP9F24c,-90.35495298,16.27150699,139.388
F24c,Opsiphanes cassina,0,EP10F24c,-90.35499497,16.27049698,140.314743
F24c,Opsiphanes cassina,0,EP11F24c,-90.35499598,16.26954303,139.416214
F24c,Opsiphanes cassina,0,EP12F24c,-90.35407104,16.27295497,144.584747
F24c,Opsiphanes cassina,0,EP13F24c,-90.35407699,16.271968,144.962402
F24c,Opsiphanes cassina,0,EP14F24c,-90.35410599,16.27100802,146.989059
F24c,Opsiphanes cassina,0,EP15F24c,-90.35411898,16.27000999,143.142731
F24c,Opsiphanes cassina,0,EP16F24c,-90.353188,16.27236698,150.07016
F24c,Opsiphanes cassina,0,EP17F24c,-90.35322103,16.271392,151.247833
F24c,Opsiphanes cassina,0,EP18F24c,-90.35324701,16.27047904,149.640793
F24c,Opsiphanes cassina,0,EP19F24c,-90.353259,16.26952099,145.201569
F24c,Opsiphanes cassina,0,EP20F24c,-90.35232903,16.27292798,151.424927
F24c,Opsiphanes cassina,0,EP21F24c,-90.351448,16.27240696,146.118759
F24c,Opsiphanes cassina,0,EP22F24c,-90.35147499,16.27142896,147.596451
F24c,Opsiphanes cassina,0,EP23F24c,-90.35237102,16.27097198,151.05365
F24c,Opsiphanes cassina,0,EP24F24c,-90.35236096,16.27196196,148.509232
F24c,Opsiphanes cassina,0,EP25F24c,-90.35237999,16.27000798,147.545532
F24c,Opsiphanes cassina,0,EP26F24c,-90.35152998,16.26956499,146.928757
F25c,Opsiphanes cassina,0,EP1F25c,-90.35488098,16.26872898,143.001694
F25c,Opsiphanes cassina,0,EP2F25c,-90.35401597,16.26824803,144.405884
F25c,Opsiphanes cassina,0,EP3F25c,-90.35312899,16.26869696,145.763123
F25c,Opsiphanes cassina,0,EP4F25c,-90.35315104,16.26771402,144.655106
F25c,Opsiphanes cassina,0,EP5F25c,-90.35317199,16.26674004,144.438599
F25c,Opsiphanes cassina,0,EP6F25c,-90.353188,16.26577604,144.802322
F25c,Opsiphanes cassina,0,EP7F25c,-90.35227102,16.26818902,146.077957
F25c,Opsiphanes cassina,0,EP8F25c,-90.35228896,16.267308,145.303146
F25c,Opsiphanes cassina,0,EP9F25c,-90.35230103,16.26624601,146.22142
F25c,Opsiphanes cassina,0,EP10F25c,-90.35137299,16.26866897,147.059662
F25c,Opsiphanes cassina,0,EP11F25c,-90.35139897,16.26768602,147.670395
F25c,Opsiphanes cassina,0,EP12F25c,-90.351405,16.26669897,148.556259
F25c,Opsiphanes cassina,0,EP13F25c,-90.351433,16.26575198,149.74707
F25c,Opsiphanes cassina,0,EP14F25c,-90.350513,16.26816697,147.986374
F25c,Opsiphanes cassina,0,EP15F25c,-90.35053203,16.26719903,148.667496
F25c,Opsiphanes cassina,0,EP16F25c,-90.35054997,16.26621902,150.400528
F25c,Opsiphanes cassina,0,EP17F25c,-90.34963399,16.26863896,149.033752
F25c,Opsiphanes cassina,1,EP18F25c,-90.34965998,16.26757404,149.298904
F25c,Opsiphanes cassina,0,EP19F25c,-90.34967003,16.26668598,150.796616
F25c,Opsiphanes cassina,0,EP20F25c,-90.34968697,16.26570596,153.316833
F25c,Opsiphanes cassina,0,EP21F25c,-90.34876102,16.26813504,149.326767
F25c,Opsiphanes cassina,0,EP22F25c,-90.34876797,16.26709602,149.82869
F25c,Opsiphanes cassina,0,EP23F25c,-90.348802,16.26619102,150.500671
F25c,Opsiphanes cassina,0,EP24F25c,-90.34789902,16.26861499,148.284348
F25c,Opsiphanes cassina,0,EP25F25c,-90.34789802,16.26764101,150.421127
F25c,Opsiphanes cassina,0,EP26F25c,-90.34791201,16.26665303,151.894577
F25c,Opsiphanes cassina,0,EP27F25c,-90.347938,16.26563002,151.722946
F26a,Opsiphanes cassina,0,EP1F26a,-90.36258001,16.25973,142.050903
F26a,Opsiphanes cassina,0,EP2F26a,-90.36342499,16.260233,142.997147
F26a,Opsiphanes cassina,0,EP3F26a,-90.362549,16.260707,145.052582
F26a,Opsiphanes cassina,0,EP4F26a,-90.361687,16.26119499,144.364044
F26a,Opsiphanes cassina,0,EP5F26a,-90.36248303,16.26162599,144.931824
F26a,Opsiphanes cassina,0,EP6F26a,-90.36165498,16.26218397,144.142548
F26a,Opsiphanes cassina,0,EP7F26a,-90.36253701,16.26266903,143.789383
F26a,Opsiphanes cassina,0,EP8F26a,-90.36080003,16.26264699,143.611542
F26a,Opsiphanes cassina,0,EP9F26a,-90.36166403,16.26314999,143.760315
F26a,Opsiphanes cassina,0,EP10F26a,-90.36082501,16.26168801,142.792328
F26a,Opsiphanes cassina,0,EP11F26a,-90.36167401,16.26020098,142.122375
F26a,Opsiphanes cassina,0,EP12F26a,-90.36080296,16.26068101,141.277313
F26a,Opsiphanes cassina,0,EP13F26a,-90.36168901,16.25921502,142.909378
F26a,Opsiphanes cassina,0,EP14F26a,-90.35704996,16.26730599,141.589386
F26c,Opsiphanes cassina,0,EP1F26c,-90.35240304,16.26493097,150.24765
F26c,Opsiphanes cassina,0,EP2F26c,-90.35154699,16.26442504,151.942719
F26c,Opsiphanes cassina,0,EP3F26c,-90.35156401,16.26351904,151.917038
F26c,Opsiphanes cassina,0,EP4F26c,-90.350656,16.26491304,152.926544
F26c,Opsiphanes cassina,0,EP5F26c,-90.35068198,16.263929,152.291534
F26c,Opsiphanes cassina,0,EP6F26c,-90.35070302,16.26293901,152.846664
F26c,Opsiphanes cassina,0,EP7F26c,-90.35071702,16.26195397,153.335709
F26c,Opsiphanes cassina,0,EP8F26c,-90.349794,16.26440601,153.491837
F26c,Opsiphanes cassina,0,EP9F26c,-90.349808,16.26341301,152.738205
F26c,Opsiphanes cassina,0,EP10F26c,-90.34984102,16.26242998,152.944687
F26c,Opsiphanes cassina,0,EP11F26c,-90.34890996,16.26484397,154.831482
F26c,Opsiphanes cassina,0,EP12F26c,-90.34892597,16.26396798,153.615112
F26c,Opsiphanes cassina,0,EP13F26c,-90.34895799,16.26290498,150.160675
F26c,Opsiphanes cassina,0,EP14F26c,-90.34897098,16.26202103,151.119141
F26c,Opsiphanes cassina,0,EP15F26c,-90.34805702,16.26435396,152.993149
F26c,Opsiphanes cassina,0,EP16F26c,-90.34807596,16.26337797,150.690887
F26c,Opsiphanes cassina,0,EP17F26c,-90.34809197,16.26239302,149.030945
F26c,Opsiphanes cassina,0,EP18F26c,,,
F27a,Opsiphanes cassina,0,EP1F27a,-90.35470102,16.239366,152.05101
F27a,Opsiphanes cassina,0,EP2F27a,-90.35472097,16.24036998,152.26796
F27a,Opsiphanes cassina,0,EP3F27a,-90.35558498,16.23989004,149.41745
F27a,Opsiphanes cassina,0,EP4F27a,-90.35460002,16.24141504,152.017929
F27a,Opsiphanes cassina,0,EP5F27a,-90.35550099,16.24089997,149.894424
F27a,Opsiphanes cassina,0,EP6F27a,-90.35646097,16.240372,152.31134
F27a,Opsiphanes cassina,0,EP7F27a,-90.355488,16.24190798,153.969543
F27a,Opsiphanes cassina,0,EP8F27a,-90.35646499,16.24136601,149.548996
F27a,Opsiphanes cassina,0,EP9F27a,-90.357343,16.24088103,150.967239
F27a,Opsiphanes cassina,0,EP10F27a,-90.35627103,16.24250201,153.405945
F27a,Opsiphanes cassina,0,EP11F27a,-90.35723001,16.24196598,150.218109
F27a,Opsiphanes cassina,0,EP12F27a,-90.35819602,16.24144999,151.839035
F27a,Opsiphanes cassina,0,EP13F27a,-90.35735498,16.24290702,153.682449
F27a,Opsiphanes cassina,0,EP14F27a,-90.358235,16.2424,151.12558
F27a,Opsiphanes cassina,0,EP15F27a,-90.35914402,16.24193296,153.181458
F27a,Opsiphanes cassina,0,EP16F27a,-90.35809603,16.24348897,153.762909
F27a,Opsiphanes cassina,0,EP17F27a,-90.35902298,16.24296804,152.743927
F27a,Opsiphanes cassina,0,EP18F27a,-90.35997701,16.24244199,155.43634
F27a,Opsiphanes cassina,0,EP19F27a,-90.35741097,16.24390899,153.259247
F27a,Opsiphanes cassina,0,EP20F27a,-90.35643599,16.24438802,151.96286
F27a,Opsiphanes cassina,0,EP21F27a,-90.35554097,16.24488196,146.912186
F27a,Opsiphanes cassina,0,EP22F27a,-90.35643004,16.24538002,149.411758
F27a,Opsiphanes cassina,0,EP23F27a,-90.35555497,16.24585804,145.864288
F27a,Opsiphanes cassina,0,EP24F27a,-90.35464796,16.24634201,143.038635
F27a,Opsiphanes cassina,0,EP25F27a,-90.35371204,16.24685498,139.846039
F27b,Opsiphanes cassina,0,EP1F27b,-90.35651503,16.24341597,151.918777
F27b,Opsiphanes cassina,0,EP2F27b,-90.355574,16.24286301,149.291275
F27b,Opsiphanes cassina,0,EP3F27b,-90.35474603,16.2424,147.552795
F27b,Opsiphanes cassina,0,EP4F27b,-90.35385696,16.24187596,148.641281
F27b,Opsiphanes cassina,0,EP5F27b,-90.35566301,16.24387102,150.281403
F27b,Opsiphanes cassina,0,EP6F27b,-90.35471602,16.24333198,148.390732
F27b,Opsiphanes cassina,0,EP7F27b,-90.35398202,16.24288003,147.069229
F27b,Opsiphanes cassina,0,EP8F27b,-90.35310804,16.24237896,145.380829
F27b,Opsiphanes cassina,0,EP9F27b,-90.35470404,16.24443102,145.6008
F27b,Opsiphanes cassina,0,EP10F27b,-90.35382997,16.24390899,147.00444
F27b,Opsiphanes cassina,0,EP11F27b,-90.35293998,16.24340901,144.707764
F27b,Opsiphanes cassina,1,EP12F27b,-90.35388798,16.244945,144.789917
F27b,Opsiphanes cassina,0,EP13F27b,-90.35292699,16.24439204,144.432419
F27b,Opsiphanes cassina,0,EP14F27b,-90.35204404,16.243911,144.606735
F27b,Opsiphanes cassina,0,EP15F27b,-90.35294099,16.24541002,144.430695
F27b,Opsiphanes cassina,0,EP16F27b,-90.35204697,16.24490099,143.045959
F27b,Opsiphanes cassina,0,EP17F27b,-90.35292104,16.24638903,140.785629
F27b,Opsiphanes cassina,0,EP18F27b,-90.35210297,16.24591897,136.618118
F27b,Opsiphanes cassina,0,EP19F27b,-90.35112798,16.24539896,139.265213
F27b,Opsiphanes cassina,0,EP20F27b,-90.353,16.24744096,134.770172
F27b,Opsiphanes cassina,0,EP21F27b,-90.35215803,16.246931,136.56601
F27b,Opsiphanes cassina,0,EP22F27b,-90.35119101,16.24641803,134.992096
F27b,Opsiphanes cassina,0,EP23F27b,-90.35173098,16.24764204,134.149414
F27b,Opsiphanes cassina,0,EP24F27b,-90.35286496,16.248383,135.30249
F27b,Opsiphanes cassina,0,EP25F27b,-90.35196701,16.24887904,137.778824
F27b,Opsiphanes cassina,0,EP26F27b,-90.35199802,16.24801897,134.659531
F27b,Opsiphanes cassina,0,EP27F27b,-90.35107199,16.248397,137.429321
F27b,Opsiphanes cassina,0,EP28F27b,-90.35017798,16.24787598,136.538635
F27b,Opsiphanes cassina,0,EP29F27b,-90.349305,16.24743903,132.442688
F27c,Opsiphanes cassina,0,EP1F27c,-90.35252902,16.24177303,146.413742
F27c,Opsiphanes cassina,0,EP2F27c,-90.350742,16.241754,147.905945
F27c,Opsiphanes cassina,0,EP3F27c,-90.35169602,16.24232699,144.834976
F27c,Opsiphanes cassina,0,EP4F27c,-90.349865,16.24224703,145.134399
F27c,Opsiphanes cassina,0,EP5F27c,-90.35071601,16.24273502,145.525574
F27c,Opsiphanes cassina,0,EP6F27c,-90.35158698,16.24325403,142.122574
F27c,Opsiphanes cassina,0,EP7F27c,-90.34982502,16.24325797,143.492233
F27c,Opsiphanes cassina,0,EP8F27c,-90.35072104,16.24376499,142.578415
F27c,Opsiphanes cassina,0,EP9F27c,-90.34894198,16.24374898,141.237488
F27c,Opsiphanes cassina,0,EP10F27c,-90.34983097,16.24425902,138.023056
F27c,Opsiphanes cassina,0,EP11F27c,-90.35063303,16.24472698,140.966278
F27c,Opsiphanes cassina,0,EP12F27c,-90.34804101,16.24422901,139.622131
F27c,Opsiphanes cassina,0,EP13F27c,-90.34892396,16.24475699,138.464218
F27c,Opsiphanes cassina,0,EP14F27c,-90.34981202,16.24525001,137.184372
F27c,Opsiphanes cassina,0,EP15F27c,-90.34794697,16.24521003,139.995651
F27c,Opsiphanes cassina,0,EP16F27c,-90.34884098,16.24570398,135.931717
F27c,Opsiphanes cassina,0,EP17F27c,-90.34978696,16.24625601,135.821487
F27c,Opsiphanes cassina,0,EP18F27c,-90.34711397,16.24572703,137.4422
F27c,Opsiphanes cassina,0,EP19F27c,-90.348011,16.24624101,134.888031
F27c,Opsiphanes cassina,0,EP20F27c,-90.34886998,16.24675297,132.633011
F27c,Opsiphanes cassina,0,EP21F27c,-90.34712202,16.24672104,132.16217
F28a,Opsiphanes cassina,0,EP1F28a,-90.37561404,16.23756699,134.726807
F28a,Opsiphanes cassina,0,EP2F28a,-90.374759,16.23805499,138.530396
F28a,Opsiphanes cassina,0,EP3F28a,-90.37391997,16.23758996,141.965256
F28a,Opsiphanes cassina,0,EP4F28a,-90.37388703,16.23854399,139.213852
F28a,Opsiphanes cassina,0,EP5F28a,-90.37299402,16.23815699,145.706238
F28a,Opsiphanes cassina,0,EP6F28a,-90.37304599,16.23903902,144.306396
F28a,Opsiphanes cassina,0,EP7F28a,-90.37213001,16.23759801,146.772644
F28a,Opsiphanes cassina,0,EP8F28a,-90.37216396,16.23855103,145.244659
F28a,Opsiphanes cassina,0,EP9F28a,-90.37210604,16.239581,141.153015
F28a,Opsiphanes cassina,0,EP10F28a,-90.37126902,16.23806999,145.038864
F28a,Opsiphanes cassina,0,EP11F28a,-90.37126902,16.23905797,143.263138
F28a,Opsiphanes cassina,0,EP12F28a,-90.37038197,16.23751,147.621399
F28a,Opsiphanes cassina,0,EP13F28a,-90.37038599,16.23855002,144.812378
F28a,Opsiphanes cassina,0,EP14F28a,-90.37128604,16.24005298,143.380554
F28b,Opsiphanes cassina,0,EP1F28b,-90.37328898,16.24446002,149.38414
F28b,Opsiphanes cassina,0,EP2F28b,-90.37228399,16.24486696,150.339554
F28b,Opsiphanes cassina,0,EP3F28b,-90.37319502,16.24540801,147.818588
F28b,Opsiphanes cassina,0,EP4F28b,-90.37150598,16.24539703,148.341232
F28b,Opsiphanes cassina,0,EP5F28b,-90.37234099,16.24588503,145.833542
F28b,Opsiphanes cassina,0,EP6F28b,-90.37059202,16.24587103,147.758118
F28b,Opsiphanes cassina,0,EP7F28b,-90.37147203,16.24637998,147.143188
F28b,Opsiphanes cassina,0,EP8F28b,-90.36972701,16.24637,145.545837
F28b,Opsiphanes cassina,0,EP9F28b,-90.37059898,16.24684299,146.955902
F28b,Opsiphanes cassina,0,EP10F28b,-90.36884699,16.246858,146.376404
F28b,Opsiphanes cassina,0,EP11F28b,-90.36980404,16.24737298,143.374985
F28b,Opsiphanes cassina,0,EP12F28b,-90.36797401,16.24732403,145.075684
F28b,Opsiphanes cassina,0,EP13F28b,-90.36878496,16.24778202,143.288361
F28b,Opsiphanes cassina,0,EP14F28b,-90.36619202,16.24831603,144.542892
F28b,Opsiphanes cassina,0,EP15F28b,-90.36701202,16.24789702,142.621048
F28b,Opsiphanes cassina,0,EP16F28b,-90.36708998,16.24881802,145.36644
F28b,Opsiphanes cassina,0,EP17F28b,-90.36796697,16.24833799,143.161652
F28b,Opsiphanes cassina,0,EP18F28b,-90.36796597,16.24930099,147.040283
F28b,Opsiphanes cassina,0,EP19F28b,-90.36621901,16.24932203,147.074341
F28b,Opsiphanes cassina,0,EP20F28b,-90.36447097,16.25025602,147.537109
F28b,Opsiphanes cassina,0,EP21F28b,-90.36619797,16.25125296,146.635757
F28b,Opsiphanes cassina,0,EP22F28b,-90.36787997,16.252266,145.719528
F28b,Opsiphanes cassina,0,EP23F28b,-90.36715301,16.25267101,144.178574
F28b,Opsiphanes cassina,0,EP24F28b,-90.36357704,16.250842,146.689392
F28b,Opsiphanes cassina,0,EP25F28b,-90.36267498,16.25025996,149.208832
F28b,Opsiphanes cassina,0,EP26F28b,-90.36268302,16.251316,147.064514
F28b,Opsiphanes cassina,0,EP27F28b,-90.36363596,16.24877896,148.659927
F28b,Opsiphanes cassina,0,EP28F28b,-90.36453299,16.248283,147.182648
F28b,Opsiphanes cassina,0,EP29F28b,-90.36349598,16.24786902,146.533127
F28b,Opsiphanes cassina,0,EP30F28b,-90.36358098,16.24687904,146.733292
F28b,Opsiphanes cassina,0,EP31F28b,-90.36443702,16.24736502,147.037979
F28b,Opsiphanes cassina,0,EP32F28b,-90.36356899,16.24587103,147.427673
F28b,Opsiphanes cassina,0,EP33F28b,-90.363585,16.24977004,148.426392
F28b,Opsiphanes cassina,0,EP34F28b,-90.36447097,16.24930099,148.346741
F28b,Opsiphanes cassina,0,EP35F28b,-90.36534503,16.24881601,147.51152
F28b,Opsiphanes cassina,1,EP36F28b,-90.36795398,16.24637696,145.831802
F28b,Opsiphanes cassina,0,EP37F28b,-90.368848,16.24586902,146.47699
F28b,Opsiphanes cassina,0,EP38F28b,-90.36965199,16.24534003,147.607834
F28b,Opsiphanes cassina,0,EP40F28b,-90.37140699,16.24437201,150.259171
F28b,Opsiphanes cassina,0,EP41F28b,-90.37231903,16.24393003,150.326706
F28b,Opsiphanes cassina,0,EP39F28b,-90.37060602,16.24487702,148.58876
F28c,Opsiphanes cassina,0,EP1F28c,-90.36905302,16.25514502,150.127914
F28c,Opsiphanes cassina,0,EP2F28c,-90.36824701,16.255573,148.864899
F28c,Opsiphanes cassina,0,EP3F28c,-90.36816697,16.25464998,150.830261
F28c,Opsiphanes cassina,0,EP4F28c,-90.36728997,16.25512096,149.446854
F28c,Opsiphanes cassina,0,EP5F28c,-90.36737303,16.25321902,147.543289
F28c,Opsiphanes cassina,0,EP6F28c,-90.36819496,16.25365698,148.167816
F28c,Opsiphanes cassina,0,EP7F28c,-90.36729299,16.254193,150.519562
F28c,Opsiphanes cassina,0,EP8F28c,-90.36648396,16.25469902,148.412582
F28c,Opsiphanes cassina,0,EP9F28c,-90.36557402,16.25511803,149.539658
F28c,Opsiphanes cassina,0,EP10F28c,-90.366419,16.255646,147.559891
F28c,Opsiphanes cassina,0,EP11F28c,-90.36382497,16.25418998,150.360855
F28c,Opsiphanes cassina,0,EP12F28c,-90.36117604,16.25366603,151.323914
F28c,Opsiphanes cassina,0,EP13F28c,-90.36205396,16.25415604,151.583496
F28c,Opsiphanes cassina,0,EP14F28c,-90.36103698,16.25473204,152.249863
F28c,Opsiphanes cassina,0,EP15F28c,-90.36109004,16.25566998,151.941071
F28c,Opsiphanes cassina,0,EP16F28c,-90.36205798,16.25512599,150.639069
F28c,Opsiphanes cassina,0,EP17F28c,-90.36291897,16.25465501,151.144363
F28c,Opsiphanes cassina,0,EP18F28c,-90.36203301,16.25611799,151.921494
F28c,Opsiphanes cassina,0,EP19F28c,-90.36291403,16.25562203,151.858749
F28c,Opsiphanes cassina,0,EP20F28c,-90.36372598,16.25517804,151.132553
F28c,Opsiphanes cassina,0,EP21F28c,-90.36300103,16.25654102,152.299545
F28c,Opsiphanes cassina,0,EP22F28c,-90.364693,16.25758901,151.400833
F28c,Opsiphanes cassina,0,EP23F28c,-90.36644298,16.25658796,149.346695
F28c,Opsiphanes cassina,0,EP24F28c,-90.36732098,16.25610701,146.964005
F28c,Opsiphanes cassina,0,EP25F28c,-90.36554301,16.25577299,148.857727
F28d,Opsiphanes cassina,0,EP1F28d,-90.364017,16.25791197,116.278
F28d,Opsiphanes cassina,0,EP2F28d,-90.36311704,16.25742699,117.54921
F28d,Opsiphanes cassina,0,EP3F28d,-90.36311503,16.25832201,118.481575
F28d,Opsiphanes cassina,0,EP4F28d,-90.36226996,16.25694,123.556633
F28d,Opsiphanes cassina,0,EP5F28d,-90.36226401,16.25789998,123.223343
F28d,Opsiphanes cassina,0,EP6F28d,-90.36140998,16.25635997,127.399139
F28d,Opsiphanes cassina,0,EP7F28d,-90.36051404,16.25596401,129.845596
F28d,Opsiphanes cassina,0,EP8F28d,-90.36053399,16.25694201,129.430054
F28d,Opsiphanes cassina,0,EP9F28d,-90.35963796,16.25547501,133.536026
F28d,Opsiphanes cassina,0,EP10F28d,-90.35966001,16.25645704,133.321564
F28d,Opsiphanes cassina,0,EP11F28d,-90.35878401,16.25498702,136.688171
F28d,Opsiphanes cassina,0,EP12F28d,-90.35876599,16.25597801,138.067017
F28d,Opsiphanes cassina,0,EP13F28d,-90.357905,16.25449399,142.7677
F28d,Opsiphanes cassina,0,EP14F28d,-90.35790299,16.25532498,141.171036
F28d,Opsiphanes cassina,0,EP15F28d,-90.35528599,16.25402503,141.946487
F28d,Opsiphanes cassina,0,EP16F28d,-90.35441503,16.25451403,142.383362
F28d,Opsiphanes cassina,0,EP17F28d,-90.35438997,16.25353703,140.963196
F28d,Opsiphanes cassina,0,EP18F28d,-90.35355002,16.25405503,141.01828
F28d,Opsiphanes cassina,0,EP19F28d,-90.35705097,16.25403701,141.900665
F28d,Opsiphanes cassina,0,EP20F28d,-90.35878996,16.25402,139.546326
F28d,Opsiphanes cassina,0,EP21F28d,-90.35966202,16.254581,135.242706
F28d,Opsiphanes cassina,0,EP22F28d,-90.36054304,16.25500202,133.058624
F28d,Opsiphanes cassina,0,EP23F28d,-90.36055,16.25399804,143.629791
F28d,Opsiphanes cassina,0,EP24F28d,-90.35967199,16.25352002,144.918121
F28d,Opsiphanes cassina,0,EP25F28d,-90.35878602,16.25306496,147.440826
F28d,Opsiphanes cassina,0,EP26F28d,-90.35968197,16.25255601,147.76799
F28d,Opsiphanes cassina,0,EP27F28d,-90.35798103,16.25253104,148.550568
F28d,Opsiphanes cassina,0,EP28F28d,-90.35880597,16.25209099,147.346649
F28d,Opsiphanes cassina,0,EP29F28d,-90.35797901,16.25155002,147.355453
F28e,Opsiphanes cassina,0,EP1F28e,-90.37129702,16.25745297,145.704849
F28e,Opsiphanes cassina,0,EP2F28e,-90.37140699,16.25845604,145.433899
F28e,Opsiphanes cassina,0,EP3F28e,-90.372271,16.25896197,145.790604
F28e,Opsiphanes cassina,0,EP4F28e,-90.37051599,16.25896004,145.179962
F28e,Opsiphanes cassina,0,EP5F28e,-90.36964,16.25944301,144.99823
F28e,Opsiphanes cassina,0,EP6F28e,-90.37052698,16.25796796,145.211548
F28e,Opsiphanes cassina,0,EP7F28e,-90.36967403,16.25846601,144.776459
F28e,Opsiphanes cassina,0,EP8F28e,-90.37052698,16.25700303,146.071823
F28e,Opsiphanes cassina,0,EP9F28e,-90.36972801,16.25745096,144.388397
F28e,Opsiphanes cassina,0,EP10F28e,-90.36965098,16.25651202,146.214249
F28e,Opsiphanes cassina,0,EP11F28e,-90.36878102,16.25699499,145.374832
F28e,Opsiphanes cassina,1,EP12F28e,-90.369597,16.25558004,146.539032
F28e,Opsiphanes cassina,0,EP13F28e,-90.36876602,16.25602797,146.404175
F28e,Opsiphanes cassina,0,EP14F28e,-90.36614299,16.25752003,148.424225
F28e,Opsiphanes cassina,0,EP15F28e,-90.36703097,16.25701603,147.443024
F28e,Opsiphanes cassina,0,EP16F28e,-90.36790696,16.25651504,146.31424
F28e,Opsiphanes cassina,0,EP17F28e,-90.36702904,16.25796201,147.751144
F28e,Opsiphanes cassina,0,EP18F28e,-90.36789598,16.25749497,145.232971
F28e,Opsiphanes cassina,0,EP19F28e,-90.367022,16.25897496,148.21431
F28e,Opsiphanes cassina,0,EP20F28e,-90.36789699,16.25848697,145.960953
F28e,Opsiphanes cassina,0,EP21F28e,-90.36702502,16.259946,149.087341
F28e,Opsiphanes cassina,0,EP22F28e,-90.36789103,16.25946103,146.844315
F28e,Opsiphanes cassina,0,EP23F28e,-90.36877398,16.25896499,146.423874
F28e,Opsiphanes cassina,0,EP24F28e,-90.366878,16.26098804,147.042252
F28e,Opsiphanes cassina,0,EP25F28e,-90.36783102,16.26048404,147.820374
F28e,Opsiphanes cassina,0,EP26F28e,-90.36615397,16.26042,148.964722
F28e,Opsiphanes cassina,0,EP27F28e,-90.36439301,16.25944703,148.504944
F28e,Opsiphanes cassina,0,EP28F28e,-90.36357997,16.25892199,147.934372
F28e,Opsiphanes cassina,0,EP29F28e,-90.36439997,16.25847297,150.258301
F28e,Opsiphanes cassina,0,EP30F28e,-90.36527697,16.25894696,150.353729
F28e,Opsiphanes cassina,0,EP31F28e,-90.36615397,16.25942901,150.819061
F28e,Opsiphanes cassina,0,EP32F28e,-90.36527596,16.25797701,150.567276
F28e,Opsiphanes cassina,0,EP33F28e,-90.36623997,16.25849501,151.34288
F29a,Opsiphanes cassina,0,EP1F29a,-90.37961598,16.23483701,169.960175
F29a,Opsiphanes cassina,0,EP2F29a,-90.37775997,16.23483399,153.556122
F29a,Opsiphanes cassina,0,EP3F29a,-90.37870696,16.23537898,154.348801
F29a,Opsiphanes cassina,0,EP4F29a,-90.377895,16.23588902,153.945541
F29a,Opsiphanes cassina,0,EP5F29a,-90.37695799,16.23536197,156.789429
F29a,Opsiphanes cassina,0,EP6F29a,-90.376988,16.23635497,153.441116
F29a,Opsiphanes cassina,0,EP7F29a,-90.37605601,16.23490901,158.987289
F29a,Opsiphanes cassina,0,EP8F29a,-90.37607898,16.23587402,156.62944
F29a,Opsiphanes cassina,0,EP9F29a,-90.37607102,16.23686601,154.71727
F29a,Opsiphanes cassina,0,EP10F29a,-90.37519201,16.23529499,158.660599
F29a,Opsiphanes cassina,0,EP11F29a,-90.37520399,16.23635899,157.803635
F29a,Opsiphanes cassina,0,EP12F29a,-90.37432699,16.23490297,159.420242
F29a,Opsiphanes cassina,0,EP13F29a,-90.374314,16.23587997,157.03624
F29a,Opsiphanes cassina,0,EP14F29a,-90.374328,16.23679401,153.155716
F29a,Opsiphanes cassina,0,EP15F29a,-90.37344002,16.23540899,158.939713
F29a,Opsiphanes cassina,0,EP16F29a,-90.37344597,16.23638196,156.964676
F29a,Opsiphanes cassina,0,EP17F29a,-90.372588,16.235813,158.246674
F29a,Opsiphanes cassina,0,EP18F29a,-90.37258004,16.23685,159.67244
F29b,Opsiphanes cassina,0,EP1F29b,-90.37592601,16.23245797,165.226425
F29b,Opsiphanes cassina,0,EP2F29b,-90.37504901,16.23294798,164.440842
F29b,Opsiphanes cassina,0,EP3F29b,-90.37412901,16.23345399,163.699249
F29b,Opsiphanes cassina,0,EP4F29b,-90.37328001,16.23391299,172.11232
F29b,Opsiphanes cassina,0,EP5F29b,-90.37240603,16.23449704,172.155182
F29b,Opsiphanes cassina,0,EP6F29b,-90.37160103,16.23487799,171.399887
F29b,Opsiphanes cassina,0,EP7F29b,-90.37066997,16.23521796,184.724518
F29b,Opsiphanes cassina,0,EP8F29b,-90.37066896,16.23621298,181.044586
F29b,Opsiphanes cassina,0,EP9F29b,-90.36984603,16.23676803,180.201599
F29b,Opsiphanes cassina,0,EP10F29b,-90.36972499,16.23577897,147.449799
F29b,Opsiphanes cassina,0,EP11F29b,-90.36891396,16.236332,174.617126
F30a,Opsiphanes cassina,0,EP1F30a,-90.36337201,16.23052301,156.258728
F30a,Opsiphanes cassina,0,EP2F30a,-90.36251597,16.23098603,155.874451
F30a,Opsiphanes cassina,0,EP3F30a,-90.36164199,16.23141099,160.621841
F30a,Opsiphanes cassina,0,EP4F30a,-90.36237398,16.23183,154.359436
F30a,Opsiphanes cassina,0,EP5F30a,-90.36313296,16.23231498,156.157333
F30a,Opsiphanes cassina,0,EP6F30a,-90.36152498,16.23236803,159.898071
F30a,Opsiphanes cassina,0,EP7F30a,-90.36235001,16.232808,155.042664
F30a,Opsiphanes cassina,0,EP8F30a,-90.36315903,16.233297,159.51445
F30a,Opsiphanes cassina,0,EP9F30a,-90.36063499,16.23282099,161.10907
F30a,Opsiphanes cassina,0,EP10F30a,-90.36143504,16.23324998,155.619736
F30a,Opsiphanes cassina,0,EP11F30a,-90.362319,16.23382397,156.669296
F30a,Opsiphanes cassina,0,EP12F30a,-90.35979001,16.23328904,159.285675
F30a,Opsiphanes cassina,0,EP13F30a,-90.36071302,16.23384099,157.096893
F30a,Opsiphanes cassina,0,EP14F30a,-90.361443,16.23428497,153.764343
F30a,Opsiphanes cassina,0,EP15F30a,-90.35893396,16.23369296,159.177994
F30a,Opsiphanes cassina,0,EP16F30a,-90.35989403,16.23431297,156.176559
F30a,Opsiphanes cassina,0,EP17F30a,-90.36071797,16.23481597,155.68428
F30a,Opsiphanes cassina,0,EP18F30a,-90.35887303,16.23464699,155.168137
F30a,Opsiphanes cassina,0,EP19F30a,-90.35971901,16.23513398,153.829819
F30a,Opsiphanes cassina,0,EP20F30a,-90.35801204,16.23507799,155.282822
F30c,Opsiphanes cassina,0,EP1F30c,-90.35840004,16.22499799,146.872452
F30c,Opsiphanes cassina,0,EP2F30c,-90.35923404,16.226596,149.377213
F30c,Opsiphanes cassina,0,EP3F30c,-90.35837699,16.22606702,147.4384
F30c,Opsiphanes cassina,0,EP4F30c,-90.35834304,16.22706799,151.723312
F30c,Opsiphanes cassina,0,EP5F30c,-90.35741701,16.22651202,149.40387
F30c,Opsiphanes cassina,0,EP6F30c,-90.35750804,16.22759102,153.364899
F30c,Opsiphanes cassina,0,EP7F30c,-90.35739597,16.22853599,156.381439
F30c,Opsiphanes cassina,0,EP8F30c,-90.35664897,16.22805504,155.678757
F30c,Opsiphanes cassina,0,EP9F30c,-90.35655702,16.22898703,156.473206
F30c,Opsiphanes cassina,0,EP10F30c,-90.35573903,16.22949304,155.815994
F31a,Opsiphanes cassina,0,EP1F31a,-90.35658603,16.23353798,160.765015
F31a,Opsiphanes cassina,0,EP2F31a,-90.356567,16.23449402,160.049377
F31a,Opsiphanes cassina,0,EP3F31a,-90.35651302,16.235483,154.222122
F31a,Opsiphanes cassina,0,EP4F31a,-90.357416,16.235023,156.24617
F31a,Opsiphanes cassina,0,EP5F31a,-90.3573,16.23596597,152.795654
F31a,Opsiphanes cassina,0,EP6F31a,-90.35547903,16.23887097,153.364456
F31a,Opsiphanes cassina,0,EP7F31a,-90.35554298,16.23788098,153.88208
F31a,Opsiphanes cassina,0,EP8F31a,-90.35631697,16.23835003,155.3228
F31a,Opsiphanes cassina,0,EP9F31a,-90.35640799,16.23741897,152.726166
F31a,Opsiphanes cassina,0,EP10F31a,-90.357287,16.23794401,154.22226
F31a,Opsiphanes cassina,0,EP11F31a,-90.35733302,16.23696702,151.847351
F31a,Opsiphanes cassina,0,EP12F31a,-90.35819904,16.236519,151.924347
F31b,Opsiphanes cassina,0,EP1F31b,-90.35580802,16.23289903,145.56102
F31b,Opsiphanes cassina,0,EP2F31b,-90.35498701,16.23241204,143.590622
F31b,Opsiphanes cassina,0,EP3F31b,-90.35579503,16.23384601,145.831329
F31b,Opsiphanes cassina,0,EP4F31b,-90.354942,16.23334402,141.464264
F31b,Opsiphanes cassina,0,EP5F31b,-90.35487997,16.23430903,143.435196
F31b,Opsiphanes cassina,0,EP6F31b,-90.354022,16.23476501,140.493423
F31b,Opsiphanes cassina,0,EP7F31b,-90.35406098,16.23564502,140.795776
F31b,Opsiphanes cassina,0,EP8F31b,-90.35404597,16.23658799,136.440292
F31b,Opsiphanes cassina,0,EP9F31b,-90.35490504,16.23525803,144.008942
F31b,Opsiphanes cassina,0,EP10F31b,-90.35484603,16.23620401,138.812271
F31b,Opsiphanes cassina,0,EP11F31b,-90.35571498,16.234792,146.38472
F31b,Opsiphanes cassina,0,EP12F31b,-90.35568397,16.235757,142.156189
F31b,Opsiphanes cassina,0,EP13F31b,-90.35564097,16.23668103,140.120941
F31b,Opsiphanes cassina,0,EP14F31b,-90.35475299,16.23807301,137.232315
F31b,Opsiphanes cassina,0,EP15F31b,-90.35479398,16.23712803,136.194458
F31b,Opsiphanes cassina,0,EP16F31b,-90.35393097,16.23759197,137.102631
F32a,Opsiphanes cassina,0,EP1F32a,-90.36737798,16.22679298,159.898499
F32a,Opsiphanes cassina,0,EP2F32a,-90.36653501,16.22731701,163.122147
F32a,Opsiphanes cassina,0,EP3F32a,-90.36563597,16.22683899,161.985352
F32a,Opsiphanes cassina,0,EP4F32a,-90.36568098,16.22782102,159.805603
F32a,Opsiphanes cassina,0,EP5F32a,-90.36478604,16.22733696,159.182968
F32a,Opsiphanes cassina,0,EP6F32a,-90.36478797,16.22839803,158.436722
F32a,Opsiphanes cassina,0,EP7F32a,-90.36389798,16.22685098,165.192322
F32a,Opsiphanes cassina,0,EP8F32a,-90.36390997,16.227846,162.571198
F32a,Opsiphanes cassina,0,EP9F32a,-90.36392597,16.22881704,160.607437
F32a,Opsiphanes cassina,0,EP10F32a,-90.36302903,16.22737602,166.178009
F32a,Opsiphanes cassina,0,EP11F32a,-90.36302903,16.22834003,164.104965
F32a,Opsiphanes cassina,0,EP12F32a,-90.36213904,16.22688199,165.296921
F33a,Opsiphanes cassina,0,EP1F33a,-90.37134899,16.22412401,159.133316
F33a,Opsiphanes cassina,0,EP2F33a,-90.370545,16.22459499,160.785721
F33a,Opsiphanes cassina,0,EP3F33a,-90.369669,16.22409199,157.823395
F33a,Opsiphanes cassina,0,EP4F33a,-90.36966397,16.22507703,160.022705
F33a,Opsiphanes cassina,0,EP5F33a,-90.36875999,16.22462198,157.895294
F33a,Opsiphanes cassina,0,EP6F33a,-90.36879703,16.22558003,159.578308
F33a,Opsiphanes cassina,0,EP7F33a,-90.36792196,16.22411898,159.166016
F33a,Opsiphanes cassina,0,EP8F33a,-90.36790503,16.22509497,161.04718
F33a,Opsiphanes cassina,0,EP9F33a,-90.36789799,16.22614204,162.96434
F33a,Opsiphanes cassina,0,EP10F33a,-90.36701798,16.22459801,159.257202
F33a,Opsiphanes cassina,0,EP11F33a,-90.36698897,16.22558003,162.442352
F33a,Opsiphanes cassina,0,EP12F33a,-90.36615296,16.22403299,159.42012
F33a,Opsiphanes cassina,0,EP13F33a,-90.4034189,16.22885669,0
F33a,Opsiphanes cassina,0,EP14F33a,-90.36615204,16.22607297,164.47908
F33a,Opsiphanes cassina,0,EP15F33a,-90.36527999,16.22459197,166.258972
F33a,Opsiphanes cassina,0,EP16F33a,-90.36527697,16.22566503,167.54686
F33a,Opsiphanes cassina,0,EP17F33a,-90.364376,16.22413499,165.816589
F33a,Opsiphanes cassina,0,EP18F33a,-90.36436804,16.22508902,167.56926
F33a,Opsiphanes cassina,0,EP19F33a,-90.36440299,16.226078,166.144852
F33a,Opsiphanes cassina,0,EP20F33a,-90.36351099,16.22451796,162.480804
F33a,Opsiphanes cassina,0,EP21F33a,-90.36353999,16.22556997,165.463684
F33a,Opsiphanes cassina,0,EP22F33a,-90.36262996,16.22412502,160.580276
F33a,Opsiphanes cassina,0,EP23F33a,-90.36265897,16.22502096,161.395035
F33a,Opsiphanes cassina,0,EP24F33a,-90.36265402,16.226077,164.671005
F33a,Opsiphanes cassina,0,EP25F33a,-90.36176001,16.22462399,159.833542
F33a,Opsiphanes cassina,0,EP26F33a,-90.36178004,16.22558598,162.327515
F34a,Opsiphanes cassina,0,EP1F34a,-90.37315303,16.22148698,160.800613
F34a,Opsiphanes cassina,0,EP2F34a,-90.37228399,16.22201404,158.457626
F34a,Opsiphanes cassina,0,EP3F34a,-90.37227896,16.223044,157.065262
F34a,Opsiphanes cassina,0,EP4F34a,-90.37138,16.22153099,159.015701
F34a,Opsiphanes cassina,0,EP5F34a,-90.37139199,16.22249097,155.100891
F34a,Opsiphanes cassina,0,EP6F34a,-90.37139702,16.22345497,156.953888
F34a,Opsiphanes cassina,0,EP7F34a,-90.370502,16.22200398,159.852646
F34a,Opsiphanes cassina,0,EP8F34a,-90.37052999,16.22299002,159.412384
F34a,Opsiphanes cassina,0,EP9F34a,-90.36962701,16.22153803,159.84697
F34a,Opsiphanes cassina,0,EP10F34a,-90.36961997,16.22250396,159.061371
F34a,Opsiphanes cassina,0,EP11F34a,-90.36963204,16.22356603,157.639893
F34a,Opsiphanes cassina,0,EP12F34a,-90.36876602,16.22201001,155.988068
F34a,Opsiphanes cassina,0,EP13F34a,-90.36874699,16.22296304,156.307541
F34a,Opsiphanes cassina,0,EP14F34a,-90.36785902,16.22160802,154.814163
F34a,Opsiphanes cassina,0,EP15F34a,-90.36787402,16.22249097,152.987305
F34a,Opsiphanes cassina,0,EP16F34a,-90.367871,16.22347701,156.732391
F34a,Opsiphanes cassina,0,EP17F34a,-90.36698604,16.22201697,153.484024
F34a,Opsiphanes cassina,0,EP18F34a,-90.36701999,16.22298399,154.451553
F34a,Opsiphanes cassina,0,EP19F34a,-90.36612203,16.22153199,152.113846
F34a,Opsiphanes cassina,0,EP20F34a,-90.36614902,16.22247797,155.148819
F34a,Opsiphanes cassina,0,EP21F34a,-90.36614098,16.22346997,159.010223
F34a,Opsiphanes cassina,0,EP22F34a,-90.36523196,16.22193801,156.140472
F34a,Opsiphanes cassina,0,EP23F34a,-90.36525803,16.22297703,161.506058
F34a,Opsiphanes cassina,0,EP24F34a,-90.36435203,16.22155404,155.885895
F34a,Opsiphanes cassina,0,EP25F34a,-90.36437801,16.22249901,159.59079
F34a,Opsiphanes cassina,0,EP26F34a,-90.36350504,16.222007,159.812012
F34a,Opsiphanes cassina,0,EP27F34a,-90.36314302,16.22332304,162.129776
F34b,Opsiphanes cassina,0,EP1F34b,-90.36262996,16.22147801,158.07666
F34b,Opsiphanes cassina,0,EP2F34b,-90.36123999,16.22329102,163.004852
F34b,Opsiphanes cassina,0,EP3F34b,-90.36038797,16.22277402,161.757248
F34b,Opsiphanes cassina,0,EP4F34b,-90.360379,16.22360098,159.532852
F34b,Opsiphanes cassina,0,EP5F34b,-90.359516,16.22132898,161.557495
F34b,Opsiphanes cassina,0,EP6F34b,-90.35950704,16.22230799,159.263306
F34b,Opsiphanes cassina,0,EP7F34b,-90.359472,16.22327803,157.459534
F34b,Opsiphanes cassina,0,EP8F34b,-90.35864303,16.22191496,157.497009
F34b,Opsiphanes cassina,0,EP9F34b,-90.35860598,16.22281803,156.357574
F34b,Opsiphanes cassina,0,EP10F34b,-90.35861897,16.22364901,154.274841
F34b,Opsiphanes cassina,0,EP11F34b,-90.35774097,16.22135396,154.792969
F34b,Opsiphanes cassina,0,EP12F34b,-90.35773703,16.22224999,156.754898
F34b,Opsiphanes cassina,0,EP13F34b,-90.35775203,16.22333301,154.375488
F34b,Opsiphanes cassina,0,EP14F34b,-90.356869,16.22183701,155.827377
F34b,Opsiphanes cassina,0,EP15F34b,-90.35687403,16.22282004,153.031265
F34b,Opsiphanes cassina,0,EP16F34b,-90.35599804,16.22330996,153.518265
F34b,Opsiphanes cassina,0,EP17F34b,-90.35950402,16.22436902,158.998627
F34b,Opsiphanes cassina,0,EP18F34b,-90.36038403,16.224826,160.363708
F35a,Opsiphanes cassina,0,EP1F35a,-90.374904,16.21881299,161.445297
F35a,Opsiphanes cassina,0,EP2F35a,-90.37491096,16.21978302,161.442169
F35a,Opsiphanes cassina,0,EP3F35a,-90.37402399,16.21937097,156.570007
F35a,Opsiphanes cassina,0,EP4F35a,-90.37402097,16.22026096,160.018906
F35a,Opsiphanes cassina,0,EP5F35a,-90.373134,16.21880997,159.986664
F35a,Opsiphanes cassina,0,EP6F35a,-90.37312796,16.21978302,159.720779
F35a,Opsiphanes cassina,0,EP7F35a,-90.373149,16.220757,159.902725
F35a,Opsiphanes cassina,0,EP8F35a,-90.37223797,16.21926804,160.812073
F35a,Opsiphanes cassina,0,EP9F35a,-90.37226203,16.22025602,164.39946
F35a,Opsiphanes cassina,0,EP10F35a,-90.37138101,16.21881701,160.813477
F35a,Opsiphanes cassina,0,EP11F35a,-90.37137799,16.21968403,160.423569
F35a,Opsiphanes cassina,1,EP12F35a,-90.37139199,16.22072901,160.590698
F35a,Opsiphanes cassina,0,EP13F35a,-90.37050703,16.21928003,163.895493
F35a,Opsiphanes cassina,0,EP14F35a,-90.37052798,16.22026398,162.53653
F35a,Opsiphanes cassina,0,EP15F35a,-90.36960497,16.218816,163.693237
F35a,Opsiphanes cassina,0,EP16F35a,-90.36963204,16.21978898,162.644394
F35a,Opsiphanes cassina,0,EP17F35a,-90.36962802,16.22076103,161.096878
F35a,Opsiphanes cassina,0,EP18F35a,-90.36875697,16.21931104,161.066101
F35a,Opsiphanes cassina,0,EP19F35a,-90.36876099,16.22019399,161.085907
F35a,Opsiphanes cassina,0,EP20F35a,-90.36786002,16.21882799,160.723907
F35a,Opsiphanes cassina,0,EP21F35a,-90.36785902,16.21977498,160.191177
F35a,Opsiphanes cassina,0,EP22F35a,-90.367886,16.22076304,156.777008
F35a,Opsiphanes cassina,0,EP23F35a,-90.366965,16.21925899,159.058487
F35a,Opsiphanes cassina,0,EP24F35a,-90.36702099,16.22028401,157.631165
F35a,Opsiphanes cassina,0,EP25F35a,-90.36613796,16.21979099,157.514496
F35a,Opsiphanes cassina,0,EP26F35a,-90.366145,16.22076798,152.332932
F35a,Opsiphanes cassina,0,EP27F35a,-90.36522601,16.21928003,153.922546
F35a,Opsiphanes cassina,0,EP28F35a,-90.36526498,16.22029298,151.225861
F35a,Opsiphanes cassina,0,EP29F35a,-90.36436401,16.22076496,153.019547
F35b,Opsiphanes cassina,0,EP1F35b,-90.36453903,16.21884299,132.862732
F35b,Opsiphanes cassina,0,EP2F35b,-90.36366597,16.21933501,134.132111
F35b,Opsiphanes cassina,0,EP3F35b,-90.36369598,16.22036397,136.550308
F35b,Opsiphanes cassina,0,EP4F35b,-90.36279199,16.21883403,136.030823
F35b,Opsiphanes cassina,0,EP5F35b,-90.36281303,16.21979401,136.670898
F35b,Opsiphanes cassina,0,EP6F35b,-90.36279802,16.22070998,139.253281
F35b,Opsiphanes cassina,0,EP7F35b,-90.36192102,16.219319,140.272125
F35b,Opsiphanes cassina,0,EP8F35b,-90.36192697,16.22033799,140.156921
F35b,Opsiphanes cassina,0,EP9F35b,-90.36103103,16.21876496,143.543625
F35b,Opsiphanes cassina,0,EP10F35b,-90.36104,16.21976299,145.539429
F35b,Opsiphanes cassina,0,EP11F35b,-90.361082,16.22079296,144.831131
F35b,Opsiphanes cassina,0,EP12F35b,-90.36016501,16.21932797,150.094452
F35b,Opsiphanes cassina,0,EP13F35b,-90.36015697,16.22029901,150.345322
F35b,Opsiphanes cassina,0,EP14F35b,-90.35927704,16.21884702,150.164337
F35b,Opsiphanes cassina,0,EP15F35b,-90.35927502,16.21983298,149.57962
F35b,Opsiphanes cassina,0,EP16F35b,-90.35927896,16.22080604,151.006485
F35b,Opsiphanes cassina,0,EP17F35b,-90.35840297,16.219261,146.92688
F35b,Opsiphanes cassina,0,EP18F35b,-90.35840599,16.22031,148.488739
F35b,Opsiphanes cassina,0,EP19F35b,-90.35752497,16.21884903,146.518448
F35b,Opsiphanes cassina,0,EP20F35b,-90.35752002,16.21983902,145.678864
F35b,Opsiphanes cassina,0,EP21F35b,-90.35753201,16.2208,147.906296
F36a,Opsiphanes cassina,0,EP1F36a,-90.37488104,16.21611401,98.840195
F36a,Opsiphanes cassina,0,EP2F36a,-90.37487098,16.217104,114.725372
F36a,Opsiphanes cassina,0,EP3F36a,-90.37489001,16.21798703,120.166794
F36a,Opsiphanes cassina,0,EP4F36a,-90.37403304,16.21663101,130.05777
F36a,Opsiphanes cassina,0,EP5F36a,-90.37403396,16.21759501,128.041077
F36a,Opsiphanes cassina,0,EP6F36a,-90.37314104,16.21620001,134.540405
F36a,Opsiphanes cassina,0,EP7F36a,-90.37315403,16.21710802,139.623138
F36a,Opsiphanes cassina,0,EP8F36a,-90.37314498,16.21804596,141.274567
F36a,Opsiphanes cassina,0,EP9F36a,-90.37225499,16.21661299,146.080429
F36a,Opsiphanes cassina,0,EP10F36a,-90.37228198,16.21760298,144.661835
F36a,Opsiphanes cassina,0,EP11F36a,-90.37137698,16.216154,146.136627
F36a,Opsiphanes cassina,0,EP12F36a,-90.371395,16.217104,151.52298
F36a,Opsiphanes cassina,0,EP13F36a,-90.37138998,16.21809298,153.255676
F36a,Opsiphanes cassina,0,EP14F36a,-90.37052597,16.216515,155.678528
F36a,Opsiphanes cassina,0,EP15F36a,-90.37051801,16.21760298,155.497055
F36a,Opsiphanes cassina,0,EP16F36a,-90.36961704,16.21614503,156.351883
F36a,Opsiphanes cassina,0,EP17F36a,-90.36964796,16.21710903,156.977112
F36a,Opsiphanes cassina,0,EP18F36a,-90.36964604,16.21809298,159.71315
F36a,Opsiphanes cassina,0,EP19F36a,-90.36875202,16.216629,156.187042
F36a,Opsiphanes cassina,0,EP20F36a,-90.36875403,16.21759996,153.335312
F36a,Opsiphanes cassina,0,EP21F36a,-90.36787201,16.21617696,155.535538
F36a,Opsiphanes cassina,0,EP22F36a,-90.367886,16.21718497,152.055878
F36a,Opsiphanes cassina,0,EP23F36a,-90.36788299,16.218067,152.912537
F36a,Opsiphanes cassina,0,EP24F36a,-90.36698604,16.21663,151.275391
F36a,Opsiphanes cassina,0,EP25F36a,-90.36701504,16.21758403,151.092606
F37a,Opsiphanes cassina,0,EP1F37a,-90.37486101,16.21331496,165.811813
F37a,Opsiphanes cassina,0,EP2F37a,-90.37490501,16.214256,164.391144
F37a,Opsiphanes cassina,0,EP3F37a,-90.37487601,16.21524598,162.283722
F37a,Opsiphanes cassina,0,EP4F37a,-90.37399499,16.21377798,163.353363
F37a,Opsiphanes cassina,0,EP5F37a,-90.37401301,16.21476,163.919296
F37a,Opsiphanes cassina,0,EP6F37a,-90.37312503,16.21328697,159.248352
F37a,Opsiphanes cassina,1,EP7F37a,-90.37311799,16.21416598,158.668503
F37a,Opsiphanes cassina,0,EP8F37a,-90.37312,16.21531899,157.65358
F37a,Opsiphanes cassina,0,EP9F37a,-90.37223202,16.21369198,155.809326
F37a,Opsiphanes cassina,0,EP10F37a,-90.37224099,16.214759,156.708008
F37a,Opsiphanes cassina,0,EP11F37a,-90.37141303,16.213279,164.213943
F37a,Opsiphanes cassina,0,EP12F37a,-90.37135603,16.21438902,155.548874
F37a,Opsiphanes cassina,0,EP13F37a,-90.37137799,16.21536803,156.368378
F37a,Opsiphanes cassina,0,EP14F37a,-90.37048096,16.21368997,154.729019
F37a,Opsiphanes cassina,0,EP15F37a,-90.37050099,16.21479998,154.862167
F37a,Opsiphanes cassina,0,EP16F37a,-90.36962802,16.21328403,158.55127
F37a,Opsiphanes cassina,0,EP17F37a,-90.36962198,16.21430998,158.53624
F37a,Opsiphanes cassina,0,EP18F37a,-90.36963003,16.21524003,158.076111
F37a,Opsiphanes cassina,0,EP19F37a,-90.36874599,16.21377999,158.923508
F37a,Opsiphanes cassina,0,EP20F37a,-90.36873903,16.21471499,160.954132
F37a,Opsiphanes cassina,0,EP21F37a,-90.36786497,16.21429598,161.052597
F37a,Opsiphanes cassina,0,EP22F37a,-90.367885,16.21517298,161.829941
F37b,Opsiphanes cassina,0,EP1F37b,-90.36730497,16.21332502,157.991425
F37b,Opsiphanes cassina,0,EP2F37b,-90.36639696,16.21387001,156.549957
F37b,Opsiphanes cassina,0,EP3F37b,-90.36641297,16.21489696,156.840057
F37b,Opsiphanes cassina,0,EP4F37b,-90.36554502,16.21344002,154.932907
F37b,Opsiphanes cassina,0,EP5F37b,-90.365527,16.21440897,154.407669
F37b,Opsiphanes cassina,0,EP6F37b,-90.36554703,16.21540499,153.788467
F37b,Opsiphanes cassina,0,EP7F37b,-90.36640601,16.21579902,155.14682
F38a,Opsiphanes cassina,0,EP1F38a,-90.37487903,16.21068103,153.439255
F38a,Opsiphanes cassina,0,EP2F38a,-90.37487903,16.21166398,153.076782
F38a,Opsiphanes cassina,0,EP3F38a,-90.37488196,16.21262203,153.389938
F38a,Opsiphanes cassina,0,EP4F38a,-90.37398602,16.21125997,153.555664
F38a,Opsiphanes cassina,0,EP5F38a,-90.37399197,16.21213999,153.48877
F38a,Opsiphanes cassina,0,EP6F38a,-90.37311397,16.210603,154.340576
F38a,Opsiphanes cassina,0,EP7F38a,-90.37312998,16.211653,153.750626
F38a,Opsiphanes cassina,0,EP8F38a,-90.37312,16.21261901,154.870758
F38a,Opsiphanes cassina,0,EP9F38a,-90.37225298,16.21110801,154.826553
F38a,Opsiphanes cassina,0,EP10F38a,-90.37225197,16.212085,154.583115
F38a,Opsiphanes cassina,0,EP11F38a,-90.37137397,16.21061096,155.360138
F38a,Opsiphanes cassina,0,EP12F38a,-90.37136299,16.21159097,155.050476
F38a,Opsiphanes cassina,0,EP13F38a,-90.37135703,16.21256503,154.846909
F38a,Opsiphanes cassina,0,EP14F38a,-90.370488,16.21118202,157.390945
F38a,Opsiphanes cassina,0,EP15F38a,-90.37049999,16.21206103,154.723633
F38a,Opsiphanes cassina,0,EP16F38a,-90.36963497,16.21060099,157.543793
F38a,Opsiphanes cassina,0,EP17F38a,-90.36961804,16.211581,158.422165
F38a,Opsiphanes cassina,0,EP18F38a,-90.36961201,16.21255103,156.296753
F38a,Opsiphanes cassina,0,EP19F38a,-90.36876996,16.21208601,157.859268
F38b,Opsiphanes cassina,0,EP1F38b,-90.36830099,16.21066804,155.704025
F38b,Opsiphanes cassina,0,EP2F38b,-90.36743104,16.21111404,156.251556
F38b,Opsiphanes cassina,0,EP3F38b,-90.367439,16.21214996,154.43808
F38b,Opsiphanes cassina,0,EP4F38b,-90.36655697,16.210675,155.359024
F38b,Opsiphanes cassina,0,EP5F38b,-90.36656401,16.21167202,153.412872
F38b,Opsiphanes cassina,0,EP6F38b,-90.36656602,16.21263997,153.695084
F38b,Opsiphanes cassina,0,EP7F38b,-90.36569598,16.21118101,151.255768
F38b,Opsiphanes cassina,0,EP8F38b,-90.36569598,16.21223898,151.784912
F39a,Opsiphanes cassina,0,EP1F39a,-90.37485899,16.20792498,155.707428
F39a,Opsiphanes cassina,0,EP2F39a,-90.37487299,16.208878,156.81398
F39a,Opsiphanes cassina,0,EP3F39a,-90.37488003,16.20987997,156.213882
F39a,Opsiphanes cassina,0,EP4F39a,-90.37399901,16.20845002,156.41185
F39a,Opsiphanes cassina,0,EP5F39a,-90.37397697,16.20938201,156.227371
F39a,Opsiphanes cassina,0,EP6F39a,-90.37311296,16.207914,156.781357
F39a,Opsiphanes cassina,0,EP7F39a,-90.37311003,16.20889602,157.529617
F39a,Opsiphanes cassina,0,EP8F39a,-90.37311497,16.20986899,154.466507
F39a,Opsiphanes cassina,0,EP9F39a,-90.372242,16.20837299,159.721771
F39a,Opsiphanes cassina,0,EP10F39a,-90.37225096,16.20937002,158.241409
F39a,Opsiphanes cassina,0,EP11F39a,-90.37136097,16.20792104,160.25708
F39a,Opsiphanes cassina,0,EP12F39a,-90.37135502,16.20881598,160.238205
F39a,Opsiphanes cassina,0,EP13F39a,-90.37137296,16.20984301,158.596725
F39a,Opsiphanes cassina,0,EP14F39a,-90.37046897,16.208403,160.497787
F39a,Opsiphanes cassina,0,EP15F39a,-90.37049202,16.20934596,161.330414
F39a,Opsiphanes cassina,0,EP16F39a,-90.36960999,16.20989397,162.991745
F39b,Opsiphanes cassina,0,EP1F39b,-90.36940103,16.20796002,139.586655
F39b,Opsiphanes cassina,0,EP2F39b,-90.36851398,16.20845103,143.192581
F39b,Opsiphanes cassina,0,EP3F39b,-90.36851398,16.20948996,149.96994
F39b,Opsiphanes cassina,0,EP4F39b,-90.36763203,16.20796203,150.717972
F39b,Opsiphanes cassina,0,EP5F39b,-90.36764201,16.20891497,151.257355
F39b,Opsiphanes cassina,0,EP6F39b,-90.36763103,16.20994996,151.464981
F39b,Opsiphanes cassina,0,EP7F39b,-90.36675897,16.20842496,149.14035
F39b,Opsiphanes cassina,0,EP8F39b,-90.36672796,16.20942802,151.325714
F39b,Opsiphanes cassina,0,EP9F39b,-90.36587602,16.207971,153.525284
F39b,Opsiphanes cassina,0,EP10F39b,-90.36584903,16.20891497,150.24472
F39b,Opsiphanes cassina,0,EP11F39b,-90.36585599,16.20996698,151.79425
F40a,Opsiphanes cassina,0,EP1F40a,-90.37482203,16.20529901,143.772873
F40a,Opsiphanes cassina,0,EP2F40a,-90.37485296,16.20625799,144.114075
F40a,Opsiphanes cassina,0,EP3F40a,-90.37485003,16.20716499,143.853745
F40a,Opsiphanes cassina,0,EP4F40a,-90.37397504,16.20560797,145.306503
F40a,Opsiphanes cassina,0,EP5F40a,-90.37397303,16.20667398,145.141846
F40a,Opsiphanes cassina,0,EP6F40a,-90.37308102,16.20522098,146.338577
F40a,Opsiphanes cassina,0,EP7F40a,-90.37309301,16.20618104,146.902725
F40a,Opsiphanes cassina,0,EP8F40a,-90.37311899,16.20715996,146.224838
F40a,Opsiphanes cassina,0,EP9F40a,-90.37221098,16.20570503,145.838135
F40a,Opsiphanes cassina,0,EP10F40a,-90.37223998,16.20677004,147.456406
F40a,Opsiphanes cassina,0,EP11F40a,-90.37135896,16.20522198,147.296249
F40a,Opsiphanes cassina,0,EP12F40a,-90.37135804,16.206102,148.840088
F40a,Opsiphanes cassina,0,EP13F40a,-90.37136097,16.20716801,149.016785
F40a,Opsiphanes cassina,0,EP14F40a,-90.370489,16.20676199,150.16272
F41a,Opsiphanes cassina,0,EP1F41a,-90.37484097,16.20252804,143.098633
F41a,Opsiphanes cassina,0,EP2F41a,-90.37483896,16.20349598,143.507339
F41a,Opsiphanes cassina,0,EP3F41a,-90.37485204,16.20448303,141.256989
F41a,Opsiphanes cassina,0,EP4F41a,-90.373969,16.20302198,146.137161
F41a,Opsiphanes cassina,0,EP5F41a,-90.37397303,16.20399001,144.611298
F41a,Opsiphanes cassina,0,EP6F41a,-90.37309997,16.20253902,150.385315
F41a,Opsiphanes cassina,0,EP7F41a,-90.37308002,16.20351702,149.331711
F41a,Opsiphanes cassina,0,EP8F41a,-90.37308304,16.20457197,148.558014
F41a,Opsiphanes cassina,0,EP9F41a,-90.37222297,16.20301897,151.314331
F41a,Opsiphanes cassina,0,EP10F41a,-90.37220797,16.20402102,149.49733
F41b,Opsiphanes cassina,0,EP1F41b,-90.37154898,16.20251798,150.690689
F41b,Opsiphanes cassina,0,EP2F41b,-90.37070501,16.20299499,153.013321
F41b,Opsiphanes cassina,0,EP3F41b,-90.37070601,16.20398699,153.631989
F41b,Opsiphanes cassina,0,EP4F41b,-90.36983597,16.20250801,152.357452
F41b,Opsiphanes cassina,0,EP5F41b,-90.36981502,16.20348701,153.108612
F41b,Opsiphanes cassina,0,EP6F41b,-90.36985299,16.20448002,153.694016
F41b,Opsiphanes cassina,0,EP7F41b,-90.36893902,16.20301402,153.939392
F41b,Opsiphanes cassina,0,EP8F41b,-90.36895604,16.20398398,154.624969
F41b,Opsiphanes cassina,0,EP9F41b,-90.36804903,16.20250901,155.44133
F41b,Opsiphanes cassina,0,EP10F41b,-90.36807996,16.20358097,154.468384
F41b,Opsiphanes cassina,0,EP11F41b,-90.36806898,16.204564,157.240997
F41b,Opsiphanes cassina,0,EP12F41b,-90.36718503,16.20301402,154.016464
F41b,Opsiphanes cassina,0,EP13F41b,-90.36721998,16.20408397,155.270172
F41b,Opsiphanes cassina,0,EP14F41b,-90.36629797,16.20251999,156.457321
F41b,Opsiphanes cassina,0,EP15F41b,-90.36631297,16.20350302,156.619461
F41b,Opsiphanes cassina,0,EP16F41b,-90.36629797,16.20447298,155.380203
F42a,Opsiphanes cassina,0,EP1F42a,-90.37253201,16.19979403,152.466095
F42a,Opsiphanes cassina,0,EP2F42a,-90.37169298,16.20028102,153.135345
F42a,Opsiphanes cassina,0,EP3F42a,-90.37169499,16.20126002,153.775116
F42a,Opsiphanes cassina,0,EP4F42a,-90.37082797,16.20078997,160.428894
F42a,Opsiphanes cassina,0,EP5F42a,-90.370848,16.20181398,152.521378
F42a,Opsiphanes cassina,0,EP6F42a,-90.36995399,16.20029099,160.332962
F42a,Opsiphanes cassina,0,EP7F42a,-90.36993697,16.20126103,157.922989
F42a,Opsiphanes cassina,0,EP8F42a,-90.36905603,16.20080296,157.118118
F42a,Opsiphanes cassina,0,EP9F42a,-90.36907104,16.20175799,156.879852
F42a,Opsiphanes cassina,0,EP10F42a,-90.36816998,16.20027197,158.283936
F42a,Opsiphanes cassina,0,EP11F42a,-90.36818901,16.20127897,157.310745
F42a,Opsiphanes cassina,0,EP12F42a,-90.36731897,16.20078703,155.546722
F42a,Opsiphanes cassina,0,EP13F42a,-90.36729701,16.20179504,157.580688
F42a,Opsiphanes cassina,0,EP14F42a,-90.36642797,16.20040599,156.844009
F42a,Opsiphanes cassina,0,EP15F42a,-90.36644499,16.20127796,157.469116
F43a,Opsiphanes cassina,0,EP1F43a,-90.37358997,16.19719799,145.58493
F43a,Opsiphanes cassina,0,EP2F43a,-90.37272404,16.19761197,146.307373
F43a,Opsiphanes cassina,0,EP3F43a,-90.37269998,16.19866398,146.222961
F43a,Opsiphanes cassina,0,EP4F43a,-90.37184101,16.19711702,144.696396
F43a,Opsiphanes cassina,0,EP5F43a,-90.37185802,16.19808001,144.699173
F43a,Opsiphanes cassina,0,EP6F43a,-90.37185802,16.19906204,146.32933
F44a,Opsiphanes cassina,0,EP1F44a,-90.37466403,16.194381,154.801773
F44a,Opsiphanes cassina,0,EP2F44a,-90.37378401,16.19492096,153.626846
F44a,Opsiphanes cassina,0,EP3F44a,-90.373796,16.19585101,152.141449
F44a,Opsiphanes cassina,0,EP4F44a,-90.37294901,16.19438502,152.031372
F44a,Opsiphanes cassina,0,EP5F44a,-90.37293602,16.19533402,151.921722
F44a,Opsiphanes cassina,0,EP6F44a,-90.37292403,16.19632702,153.512939
F44a,Opsiphanes cassina,0,EP7F44a,-90.37209397,16.19483496,151.415878
F44a,Opsiphanes cassina,0,EP8F44a,-90.371179,16.19438804,151.302414
F44b,Opsiphanes cassina,0,EP1F44b,-90.36759398,16.19456003,150.215271
F44b,Opsiphanes cassina,0,EP2F44b,-90.36672704,16.19494904,152.655899
F44b,Opsiphanes cassina,0,EP3F44b,-90.36674799,16.195992,150.829849
F44b,Opsiphanes cassina,0,EP4F44b,-90.36674397,16.19687797,151.724213
F44b,Opsiphanes cassina,0,EP5F44b,-90.36586303,16.19444101,153.793167
F44b,Opsiphanes cassina,0,EP6F44b,-90.36591399,16.19535799,153.835709
F44b,Opsiphanes cassina,0,EP7F44b,-90.36586597,16.19649399,152.205353
F44b,Opsiphanes cassina,0,EP8F44b,-90.36499701,16.19494401,152.617065
F44b,Opsiphanes cassina,0,EP9F44b,-90.36500799,16.19592,150.866394
F44b,Opsiphanes cassina,0,EP10F44b,-90.36496902,16.19681502,150.93782
F44b,Opsiphanes cassina,0,EP11F44b,-90.36410199,16.19454402,150.421951
F44b,Opsiphanes cassina,1,EP12F44b,-90.36409596,16.195445,148.805176
F44b,Opsiphanes cassina,0,EP13F44b,-90.36409001,16.19641696,151.189468
F44b,Opsiphanes cassina,0,EP14F44b,-90.36320698,16.19493403,134.702377
F44b,Opsiphanes cassina,0,EP15F44b,-90.36323698,16.19588203,139.226898
F44b,Opsiphanes cassina,0,EP16F44b,-90.36231204,16.19444696,138.965378
F44b,Opsiphanes cassina,0,EP17F44b,-90.362378,16.19539303,139.165085
F44b,Opsiphanes cassina,0,EP18F44b,-90.36146698,16.19500796,137.700409
F44b,Opsiphanes cassina,0,EP19F44b,-90.36060599,16.19445803,138.79071
F44b,Opsiphanes cassina,0,EP20F44b,-90.35969303,16.19495398,142.846756
F44b,Opsiphanes cassina,0,EP21F44b,-90.358854,16.19437697,138.403839
F44b,Opsiphanes cassina,0,EP22F44b,-90.35795496,16.19419903,140.133148
F44b,Opsiphanes cassina,0,EP23F44b,-90.35708299,16.19423599,140.706329
F44b,Opsiphanes cassina,0,EP24F44b,-90.356207,16.19429902,142.256256
F44b,Opsiphanes cassina,0,EP25F44b,-90.35533503,16.19422903,141.594604
F44b,Opsiphanes cassina,0,EP26F44b,-90.35444797,16.19432299,139.964783
F45a,Opsiphanes cassina,0,EP1F45a,-90.37483603,16.19169401,158.867493
F45a,Opsiphanes cassina,0,EP2F45a,-90.37486796,16.19273596,159.267136
F45a,Opsiphanes cassina,0,EP3F45a,-90.374875,16.19376501,158.429153
F45a,Opsiphanes cassina,0,EP4F45a,-90.37397102,16.19220204,158.819946
F45a,Opsiphanes cassina,0,EP5F45a,-90.37400404,16.193202,157.306686
F45a,Opsiphanes cassina,0,EP6F45a,-90.37312503,16.19180197,159.636169
F45a,Opsiphanes cassina,0,EP7F45a,-90.37308999,16.19269799,157.539688
F45a,Opsiphanes cassina,0,EP8F45a,-90.37311397,16.19367398,155.444839
F45a,Opsiphanes cassina,1,EP9F45a,-90.37222398,16.192224,158.203888
F45a,Opsiphanes cassina,0,EP10F45a,-90.37226002,16.19318699,157.473358
F45a,Opsiphanes cassina,0,EP11F45a,-90.37133298,16.19171396,161.13475
F45a,Opsiphanes cassina,0,EP12F45a,-90.37132703,16.19267503,160.004227
F45a,Opsiphanes cassina,0,EP13F45a,-90.37137296,16.19359603,159.680862
F45a,Opsiphanes cassina,0,EP14F45a,-90.37046302,16.19230899,156.031052
F45a,Opsiphanes cassina,0,EP15F45a,-90.370531,16.19318297,158.955795
F45a,Opsiphanes cassina,0,EP16F45a,-90.36952701,16.19174397,159.647766
F45a,Opsiphanes cassina,0,EP17F45a,-90.36957202,16.19268701,158.461395
F45a,Opsiphanes cassina,0,EP18F45a,-90.36956498,16.19368102,157.236542
F45a,Opsiphanes cassina,0,EP19F45a,-90.36872202,16.19222601,158.37796
F45a,Opsiphanes cassina,0,EP20F45a,-90.36869503,16.19321197,156.164825
F45a,Opsiphanes cassina,0,EP21F45a,-90.36786497,16.19174296,160.118866
F45a,Opsiphanes cassina,0,EP22F45a,-90.367842,16.19277603,157.808151
F45a,Opsiphanes cassina,0,EP23F45a,-90.36783303,16.19366703,159.20491
F45a,Opsiphanes cassina,0,EP24F45a,-90.36695201,16.19220598,159.226059
F45a,Opsiphanes cassina,0,EP25F45a,-90.36697498,16.19318699,158.90773
F45a,Opsiphanes cassina,0,EP26F45a,-90.36605196,16.19172402,163.709488
F45a,Opsiphanes cassina,0,EP27F45a,-90.36606797,16.19270897,163.703232
F45a,Opsiphanes cassina,0,EP28F45a,-90.36607803,16.19368102,163.615051
F45a,Opsiphanes cassina,0,EP29F45a,-90.36516901,16.19232098,168.731888
F45a,Opsiphanes cassina,0,EP30F45a,-90.36518896,16.19328397,166.492691
F45a,Opsiphanes cassina,0,EP31F45a,-90.36431498,16.191735,169.334778
F45a,Opsiphanes cassina,0,EP32F45a,-90.36428103,16.19269799,169.705032
F45a,Opsiphanes cassina,0,EP33F45a,-90.36430098,16.19371103,167.076294
F45a,Opsiphanes cassina,0,EP34F45a,-90.36342398,16.192254,165.861847
F45a,Opsiphanes cassina,0,EP35F45a,-90.36343697,16.19320401,168.38562
F45a,Opsiphanes cassina,0,EP36F45a,-90.36256802,16.19363501,165.749939
F45a,Opsiphanes cassina,0,EP37F45a,-90.36165901,16.19322496,161.803497
F45a,Opsiphanes cassina,0,EP38F45a,-90.36084898,16.19369502,160.997498
F45a,Opsiphanes cassina,0,EP40F45a,-90.35906296,16.19273001,157.961319
F45a,Opsiphanes cassina,0,EP41F45a,-90.35907302,16.193706,158.174088
F45a,Opsiphanes cassina,0,EP42F45a,-90.35822997,16.19233699,156.801575
F45a,Opsiphanes cassina,0,EP43F45a,-90.35821698,16.19322597,156.027084
F45a,Opsiphanes cassina,0,EP44F45a,-90.35734702,16.19270504,154.436417
F45a,Opsiphanes cassina,0,EP39F45a,-90.35994499,16.19320803,159.996124
F45a,Opsiphanes cassina,0,EP46F45a,-90.35645602,16.19226004,154.623596
F45a,Opsiphanes cassina,0,EP45F45a,-90.35735196,16.19369603,157.484116
F45a,Opsiphanes cassina,0,EP47F45a,-90.35641897,16.19317803,156.038223
F45a,Opsiphanes cassina,0,EP48F45a,-90.35555304,16.19184304,150.088974
F45a,Opsiphanes cassina,0,EP49F45a,-90.35555799,16.19273596,151.944107
F45a,Opsiphanes cassina,0,EP50F45a,-90.35555899,16.19372796,151.122375
F45a,Opsiphanes cassina,0,EP51F45a,-90.35466498,16.19232299,151.133713
F45a,Opsiphanes cassina,0,EP52F45a,-90.35472197,16.19322999,150.127121
F45b,Opsiphanes cassina,0,EP1F45b,-90.36273801,16.19274401,162.999115
F45b,Opsiphanes cassina,0,EP2F45b,-90.36183704,16.19227303,158.991577
F45b,Opsiphanes cassina,0,EP3F45b,-90.360968,16.191779,156.341415
F45b,Opsiphanes cassina,0,EP4F45b,-90.36010198,16.19228602,153.981171
F45b,Opsiphanes cassina,0,EP5F45b,-90.35923404,16.19186299,152.902832
F45b,Opsiphanes cassina,0,EP6F45b,-90.35828797,16.19126402,151.85321
F45b,Opsiphanes cassina,0,EP7F45b,-90.357445,16.19125698,151.298767
F45b,Opsiphanes cassina,0,EP8F45b,-90.35660698,16.19102203,152.280075
F45b,Opsiphanes cassina,0,EP9F45b,-90.35568003,16.19102899,150.959641
F46a,Opsiphanes cassina,0,EP1F46a,-90.37486101,16.18908699,154.94075
F46a,Opsiphanes cassina,1,EP2F46a,-90.37482698,16.18995996,153.333115
F46a,Opsiphanes cassina,0,EP3F46a,-90.37491096,16.19093302,153.863983
F46a,Opsiphanes cassina,0,EP4F46a,-90.37402399,16.18946501,154.671234
F46a,Opsiphanes cassina,0,EP5F46a,-90.37402298,16.19046698,154.20256
F46a,Opsiphanes cassina,0,EP6F46a,-90.37308102,16.188888,154.64035
F46a,Opsiphanes cassina,0,EP7F46a,-90.37314297,16.18997899,153.720993
F46a,Opsiphanes cassina,0,EP8F46a,-90.37312604,16.19104601,154.545578
F46a,Opsiphanes cassina,0,EP9F46a,-90.37222004,16.18949099,153.420105
F46a,Opsiphanes cassina,0,EP10F46a,-90.372272,16.19044201,154.920074
F46a,Opsiphanes cassina,0,EP11F46a,-90.37133801,16.18892304,155.189392
F46a,Opsiphanes cassina,0,EP12F46a,-90.37138302,16.19004202,156.510712
F46a,Opsiphanes cassina,0,EP13F46a,-90.37138796,16.19094199,158.306625
F46a,Opsiphanes cassina,0,EP14F46a,-90.370489,16.18949996,159.310791
F46a,Opsiphanes cassina,0,EP15F46a,-90.37050602,16.19037,158.278839
F46a,Opsiphanes cassina,0,EP16F46a,-90.36959298,16.18899898,160.726181
F46a,Opsiphanes cassina,0,EP17F46a,-90.36961201,16.18997203,160.109451
F46a,Opsiphanes cassina,0,EP18F46a,-90.36962399,16.19095397,160.300323
F46a,Opsiphanes cassina,0,EP19F46a,-90.36875001,16.18956601,164.766998
F46a,Opsiphanes cassina,0,EP20F46a,-90.368734,16.19046397,162.510208
F46a,Opsiphanes cassina,0,EP21F46a,-90.36792004,16.18905002,164.632294
F46a,Opsiphanes cassina,0,EP22F46a,-90.36780101,16.18997002,166.414871
F46a,Opsiphanes cassina,0,EP23F46a,-90.36789799,16.19103,164.028763
F46a,Opsiphanes cassina,0,EP24F46a,-90.36695302,16.18949502,165.88736
F46a,Opsiphanes cassina,0,EP25F46a,-90.36697196,16.19048903,167.022293
F46a,Opsiphanes cassina,0,EP26F46a,-90.36606504,16.18900199,166.346924
F46a,Opsiphanes cassina,0,EP27F46a,-90.36611198,16.19007798,166.271698
F46a,Opsiphanes cassina,0,EP28F46a,-90.36610602,16.19095196,166.020065
F46a,Opsiphanes cassina,0,EP29F46a,-90.365211,16.19047101,168.691223
F46a,Opsiphanes cassina,0,EP30F46a,-90.36435798,16.19098004,168.039871
F46b,Opsiphanes cassina,0,EP1F46b,-90.36216401,16.19090896,168.454376
F46b,Opsiphanes cassina,0,EP2F46b,-90.36128601,16.19082497,164.409332
F46b,Opsiphanes cassina,0,EP3F46b,-90.36043198,16.19081701,162.552917
F46b,Opsiphanes cassina,0,EP4F46b,-90.35955104,16.19056497,163.542862
F46b,Opsiphanes cassina,0,EP5F46b,-90.35866398,16.18813204,160.048676
F46b,Opsiphanes cassina,0,EP6F46b,-90.35869097,16.18918003,162.284393
F46b,Opsiphanes cassina,0,EP7F46b,-90.35866097,16.19006599,162.670944
F46b,Opsiphanes cassina,0,EP8F46b,-90.35781196,16.18859597,159.096054
F46b,Opsiphanes cassina,0,EP9F46b,-90.35779201,16.189564,159.505768
F46b,Opsiphanes cassina,0,EP10F46b,-90.35779696,16.19057503,159.308197
F46b,Opsiphanes cassina,0,EP11F46b,-90.35694804,16.18811603,143.912491
F46b,Opsiphanes cassina,0,EP12F46b,-90.35694997,16.18918296,144.051697
F46b,Opsiphanes cassina,0,EP13F46b,-90.35690001,16.19004101,146.970337
F46b,Opsiphanes cassina,0,EP14F46b,-90.35604598,16.187665,151.654495
F46b,Opsiphanes cassina,0,EP15F46b,-90.35607104,16.188643,156.866379
F46b,Opsiphanes cassina,0,EP16F46b,-90.35605797,16.18962896,148.621567
F46b,Opsiphanes cassina,0,EP17F46b,-90.35608202,16.19059497,149.203812
F46b,Opsiphanes cassina,0,EP18F46b,-90.35519304,16.18818199,154.393555
F46b,Opsiphanes cassina,0,EP19F46b,-90.35520804,16.18913502,153.200485
F46b,Opsiphanes cassina,0,EP20F46b,-90.35519103,16.19014797,148.350494
F46b,Opsiphanes cassina,0,EP21F46b,-90.35433297,16.188658,154.949234
F46b,Opsiphanes cassina,0,EP22F46b,-90.35432601,16.18966199,151.923187
F47a,Opsiphanes cassina,0,EP1F47a,-90.37505404,16.18624996,147.340332
F47a,Opsiphanes cassina,0,EP2F47a,-90.37506402,16.18725001,146.729645
F47a,Opsiphanes cassina,0,EP3F47a,-90.375061,16.18822801,145.874603
F47a,Opsiphanes cassina,0,EP4F47a,-90.37418299,16.18673704,145.486801
F47a,Opsiphanes cassina,0,EP5F47a,-90.37417897,16.18773004,144.143875
F47a,Opsiphanes cassina,0,EP6F47a,-90.373322,16.18625198,143.300873
F47a,Opsiphanes cassina,0,EP7F47a,-90.373278,16.18726702,144.269714
F47a,Opsiphanes cassina,0,EP8F47a,-90.373306,16.18831501,144.251999
F47a,Opsiphanes cassina,0,EP9F47a,-90.37245196,16.186716,142.766327
F47a,Opsiphanes cassina,0,EP10F47a,-90.37243998,16.18773297,139.082489
F47a,Opsiphanes cassina,0,EP11F47a,-90.37155703,16.186357,137.357742
F47a,Opsiphanes cassina,0,EP12F47a,-90.37154303,16.187249,136.137436
F47a,Opsiphanes cassina,0,EP13F47a,-90.37153599,16.188241,135.385498
F47a,Opsiphanes cassina,0,EP14F47a,-90.37068103,16.18676696,131.334595
F47a,Opsiphanes cassina,0,EP15F47a,-90.37067098,16.18773197,131.756241
F47a,Opsiphanes cassina,0,EP16F47a,-90.369812,16.186256,148.772522
F47a,Opsiphanes cassina,0,EP17F47a,-90.369784,16.18725898,147.49939
F47a,Opsiphanes cassina,0,EP18F47a,-90.36981502,16.18816297,148.129211
F47a,Opsiphanes cassina,0,EP19F47a,-90.36895302,16.18682404,149.487854
F47a,Opsiphanes cassina,0,EP20F47a,-90.36894699,16.18773901,151.054932
F47a,Opsiphanes cassina,0,EP21F47a,-90.36805004,16.18628802,148.07814
F47a,Opsiphanes cassina,0,EP22F47a,-90.36803202,16.18727298,149.669403
F47a,Opsiphanes cassina,0,EP23F47a,-90.36805498,16.18823497,151.565475
F47a,Opsiphanes cassina,0,EP24F47a,-90.36715703,16.18677903,149.384476
F47a,Opsiphanes cassina,0,EP25F47a,-90.36717203,16.18774999,149.984329
F47a,Opsiphanes cassina,0,EP26F47a,-90.36632999,16.18735101,151.096512
F47a,Opsiphanes cassina,0,EP27F47a,-90.36632999,16.18735101,151.096512
F47a,Opsiphanes cassina,0,EP28F47a,-90.36541603,16.18669496,148.936188
F47a,Opsiphanes cassina,0,EP29F47a,-90.36453299,16.18621803,146.802521
F48a,Opsiphanes cassina,0,EP1F48a,-90.37505102,16.18366901,169.226395
F48a,Opsiphanes cassina,0,EP2F48a,-90.37505203,16.18458699,168.905243
F48a,Opsiphanes cassina,1,EP3F48a,-90.37505798,16.18554303,168.210739
F48a,Opsiphanes cassina,0,EP4F48a,-90.37417696,16.18410503,167.846268
F48a,Opsiphanes cassina,0,EP5F48a,-90.37418098,16.18508002,168.426926
F48a,Opsiphanes cassina,0,EP6F48a,-90.37330398,16.18361997,168.190704
F48a,Opsiphanes cassina,0,EP7F48a,-90.37329602,16.18458297,167.436874
F48a,Opsiphanes cassina,0,EP8F48a,-90.37330901,16.18548797,165.945969
F48a,Opsiphanes cassina,0,EP9F48a,-90.37244098,16.184171,165.946899
F48a,Opsiphanes cassina,0,EP10F48a,-90.37243604,16.18506099,165.993042
F48a,Opsiphanes cassina,0,EP11F48a,-90.37157698,16.18353297,166.030624
F48a,Opsiphanes cassina,0,EP12F48a,-90.371581,16.18462203,165.675812
F48a,Opsiphanes cassina,0,EP13F48a,-90.37155803,16.18557698,164.929596
F48a,Opsiphanes cassina,0,EP14F48a,-90.37071104,16.18411803,166.516373
F48a,Opsiphanes cassina,0,EP15F48a,-90.37070702,16.18509301,165.658508
F48a,Opsiphanes cassina,0,EP16F48a,-90.36984301,16.18354001,149.637665
F48a,Opsiphanes cassina,0,EP17F48a,-90.36985399,16.184603,149.698212
F48a,Opsiphanes cassina,0,EP18F48a,-90.36983899,16.18548897,150.358963
F48a,Opsiphanes cassina,0,EP19F48a,-90.36897398,16.18412096,150.567749
F48a,Opsiphanes cassina,0,EP20F48a,-90.36896903,16.18502503,150.842499
F48a,Opsiphanes cassina,0,EP21F48a,-90.36807996,16.18354999,148.975174
F48a,Opsiphanes cassina,0,EP22F48a,-90.368087,16.184531,151.005951
F48a,Opsiphanes cassina,0,EP23F48a,-90.36809203,16.185509,149.623917
F48a,Opsiphanes cassina,0,EP24F48a,-90.36721302,16.18404401,151.456421
F48a,Opsiphanes cassina,0,EP25F48a,-90.36721503,16.18511598,150.876678
F48a,Opsiphanes cassina,0,EP26F48a,-90.36636704,16.18355401,149.542007
F48a,Opsiphanes cassina,0,EP27F48a,-90.36633502,16.18446303,151.878357
F48a,Opsiphanes cassina,0,EP28F48a,-90.36630803,16.18550699,150.68956
F48a,Opsiphanes cassina,0,EP29F48a,-90.36546397,16.18404703,148.258453
F48a,Opsiphanes cassina,0,EP30F48a,-90.36544796,16.185033,147.791489
F48a,Opsiphanes cassina,0,EP31F48a,-90.36455202,16.18357798,148.01123
F48a,Opsiphanes cassina,0,EP32F48a,-90.36457197,16.18454802,148.125046
F48a,Opsiphanes cassina,0,EP33F48a,-90.36458597,16.18559903,145.759201
F48a,Opsiphanes cassina,0,EP34F48a,-90.36371299,16.18404502,146.474274
F48a,Opsiphanes cassina,0,EP35F48a,-90.36370302,16.18496401,145.101395
F48a,Opsiphanes cassina,0,EP36F48a,-90.36283004,16.18363598,147.792084
F48a,Opsiphanes cassina,0,EP37F48a,-90.36283096,16.18455598,145.548111
F48a,Opsiphanes cassina,0,EP38F48a,-90.36195396,16.18405801,144.005829
F48a,Opsiphanes cassina,0,EP39F48a,-90.361068,16.18357597,144.246872
F49a,Opsiphanes cassina,0,EP1F49a,-90.37522696,16.18070701,169.26265
F49a,Opsiphanes cassina,1,EP2F49a,-90.37523098,16.18177202,165.946686
F49a,Opsiphanes cassina,0,EP3F49a,-90.37524397,16.18272998,159.829544
F49a,Opsiphanes cassina,0,EP4F49a,-90.374371,16.18128704,168.115295
F49a,Opsiphanes cassina,0,EP5F49a,-90.37436798,16.18226102,162.726837
F49a,Opsiphanes cassina,0,EP6F49a,-90.37349199,16.18076904,167.009674
F49a,Opsiphanes cassina,0,EP7F49a,-90.37348201,16.18175601,162.625824
F49a,Opsiphanes cassina,0,EP8F49a,-90.37348302,16.18274398,161.632568
F49a,Opsiphanes cassina,0,EP9F49a,-90.37264198,16.18137899,160.445007
F49a,Opsiphanes cassina,0,EP10F49a,-90.37262497,16.18224199,160.326218
F49a,Opsiphanes cassina,0,EP11F49a,-90.37174302,16.18081103,160.017883
F49a,Opsiphanes cassina,0,EP12F49a,-90.37174897,16.18177503,159.334625
F49a,Opsiphanes cassina,0,EP13F49a,-90.37172802,16.18276997,159.828049
F49a,Opsiphanes cassina,0,EP14F49a,-90.370877,16.18128603,159.526276
F49a,Opsiphanes cassina,0,EP15F49a,-90.37085697,16.18227401,159.414352
F49a,Opsiphanes cassina,0,EP16F49a,-90.36996497,16.18081103,158.881683
F49a,Opsiphanes cassina,0,EP17F49a,-90.36998098,16.18187101,158.701691
F49a,Opsiphanes cassina,0,EP18F49a,-90.36999498,16.182761,157.081345
F49a,Opsiphanes cassina,0,EP19F49a,-90.36911001,16.18131998,159.086227
F49a,Opsiphanes cassina,0,EP20F49a,-90.36909501,16.18228499,158.374313
F49a,Opsiphanes cassina,0,EP21F49a,-90.36824098,16.18079402,156.922318
F49a,Opsiphanes cassina,0,EP22F49a,-90.36819697,16.18179599,157.27243
F49a,Opsiphanes cassina,0,EP23F49a,-90.36822396,16.18276804,158.01973
F49a,Opsiphanes cassina,0,EP24F49a,-90.36737798,16.181252,156.237717
F49a,Opsiphanes cassina,0,EP25F49a,-90.367368,16.18236302,157.819427
F49a,Opsiphanes cassina,0,EP26F49a,-90.36652797,16.18079997,152.580017
F49a,Opsiphanes cassina,0,EP27F49a,-90.36649997,16.18179498,152.586929
F49a,Opsiphanes cassina,0,EP28F49a,-90.36654004,16.18275303,156.12146
F49a,Opsiphanes cassina,0,EP29F49a,-90.36566304,16.18132199,153.833435
F49a,Opsiphanes cassina,0,EP30F49a,-90.36566103,16.18229102,152.958786
F49a,Opsiphanes cassina,0,EP31F49a,-90.36477699,16.18082101,153.280304
F49a,Opsiphanes cassina,0,EP32F49a,-90.36475201,16.18180596,153.941681
F49a,Opsiphanes cassina,0,EP33F49a,-90.36476098,16.18284599,154.968231
F49a,Opsiphanes cassina,0,EP34F49a,-90.36385196,16.18128402,153.839554
F49a,Opsiphanes cassina,0,EP35F49a,-90.36389697,16.18229102,153.248764
F49a,Opsiphanes cassina,0,EP36F49a,-90.36301201,16.18087004,154.491547
F49a,Opsiphanes cassina,0,EP37F49a,-90.362981,16.181783,153.124191
F49a,Opsiphanes cassina,0,EP38F49a,-90.36305501,16.18274197,152.452164
F49a,Opsiphanes cassina,0,EP40F49a,-90.36211699,16.18225104,155.942307
F49a,Opsiphanes cassina,0,EP41F49a,-90.36123496,16.18185299,146.973755
F49a,Opsiphanes cassina,0,EP42F49a,-90.36125701,16.182819,148.022171
F49a,Opsiphanes cassina,0,EP43F49a,-90.36122901,16.18048699,148.70871
F49a,Opsiphanes cassina,0,EP44F49a,-90.35949497,16.18064297,146.35733
F49a,Opsiphanes cassina,0,EP39F49a,-90.36211196,16.181309,147.867813
F49a,Opsiphanes cassina,0,EP45F49a,-90.35772203,16.18064398,150.627243
F50a,Opsiphanes cassina,0,EP1F50a,,,
F50a,Opsiphanes cassina,0,EP2F50a,,,
F50a,Opsiphanes cassina,0,EP3F50a,,,
F50a,Opsiphanes cassina,0,EP4F50a,,,
F50a,Opsiphanes cassina,0,EP5F50a,,,
F50a,Opsiphanes cassina,0,EP6F50a,,,
F50a,Opsiphanes cassina,0,EP7F50a,,,
F50a,Opsiphanes cassina,0,EP8F50a,,,
F50a,Opsiphanes cassina,0,EP9F50a,,,
F50a,Opsiphanes cassina,0,EP10F50a,,,
F50a,Opsiphanes cassina,0,EP11F50a,,,
F50a,Opsiphanes cassina,0,EP12F50a,,,
F50a,Opsiphanes cassina,0,EP13F50a,,,
F50a,Opsiphanes cassina,0,EP14F50a,,,
F50a,Opsiphanes cassina,0,EP15F50a,,,
F50a,Opsiphanes cassina,0,EP16F50a,,,
F50a,Opsiphanes cassina,0,EP17F50a,,,
F50a,Opsiphanes cassina,0,EP18F50a,,,
F50a,Opsiphanes cassina,0,EP19F50a,,,
F50a,Opsiphanes cassina,0,EP20F50a,,,
F50a,Opsiphanes cassina,0,EP21F50a,,,
F50a,Opsiphanes cassina,0,EP22F50a,,,
F50a,Opsiphanes cassina,0,EP23F50a,,,
F50a,Opsiphanes cassina,0,EP24F50a,,,
F50a,Opsiphanes cassina,0,EP25F50a,,,
F50a,Opsiphanes cassina,0,EP26F50a,,,
F50a,Opsiphanes cassina,0,EP27F50a,,,
F50a,Opsiphanes cassina,0,EP28F50a,,,
F50a,Opsiphanes cassina,0,EP29F50a,,,
F50a,Opsiphanes cassina,0,EP30F50a,,,
F50a,Opsiphanes cassina,0,EP31F50a,,,
F50a,Opsiphanes cassina,0,EP32F50a,,,
F50a,Opsiphanes cassina,0,EP33F50a,,,
F50ar,Opsiphanes cassina,0,EP1F50ar,,,
F50ar,Opsiphanes cassina,0,EP2F50ar,,,
F50ar,Opsiphanes cassina,0,EP3F50ar,,,
F50ar,Opsiphanes cassina,0,EP4F50ar,,,
F50ar,Opsiphanes cassina,0,EP5F50ar,,,
F50ar,Opsiphanes cassina,0,EP6F50ar,,,
F50ar,Opsiphanes cassina,0,EP7F50ar,,,
F50ar,Opsiphanes cassina,0,EP8F50ar,,,
F51a,Opsiphanes cassina,0,EP1F51a,-90.36648002,16.17519398,139.050034
F51a,Opsiphanes cassina,0,EP2F51a,-90.36640802,16.17628396,147.223389
F51a,Opsiphanes cassina,0,EP3F51a,-90.36641599,16.177254,148.890823
F51a,Opsiphanes cassina,0,EP4F51a,-90.36553304,16.17578197,154.343826
F51a,Opsiphanes cassina,0,EP5F51a,-90.365526,16.17678403,150.165924
F51a,Opsiphanes cassina,0,EP6F51a,-90.36465302,16.17531301,159.337296
F51a,Opsiphanes cassina,0,EP7F51a,-90.36464397,16.17630802,157.070816
F51a,Opsiphanes cassina,0,EP8F51a,-90.36466702,16.17727596,153.158707
F51a,Opsiphanes cassina,0,EP9F51a,-90.36374702,16.17573503,162.059372
F51a,Opsiphanes cassina,0,EP10F51a,-90.363743,16.176808,154.11293
F51a,Opsiphanes cassina,0,EP11F51a,-90.362909,16.17533899,161.143631
F51a,Opsiphanes cassina,0,EP12F51a,-90.362923,16.17632504,157.044983
F51a,Opsiphanes cassina,0,EP13F51a,-90.36289299,16.17731603,151.978043
F51a,Opsiphanes cassina,0,EP14F51a,-90.36201096,16.17585297,157.741806
F51a,Opsiphanes cassina,0,EP15F51a,-90.36202999,16.17680297,152.686844
F51a,Opsiphanes cassina,0,EP16F51a,-90.36109298,16.17531703,157.784332
F51a,Opsiphanes cassina,0,EP17F51a,-90.36115701,16.17624801,154.31102
F51a,Opsiphanes cassina,0,EP18F51a,-90.36115198,16.17732198,153.783234
F51a,Opsiphanes cassina,0,EP19F51a,-90.36025596,16.17583998,154.088211
F51a,Opsiphanes cassina,0,EP20F51a,-90.36026501,16.17683399,152.090439
F51a,Opsiphanes cassina,0,EP21F51a,-90.35937997,16.17535399,153.506058
F51a,Opsiphanes cassina,0,EP22F51a,-90.35938902,16.17631699,154.063721
F51a,Opsiphanes cassina,0,EP23F51a,-90.35937603,16.177297,152.997818
F51a,Opsiphanes cassina,0,EP24F51a,-90.35851303,16.17584199,151.111526
F51a,Opsiphanes cassina,0,EP25F51a,-90.35850196,16.17670801,152.136398
F53a,Opsiphanes cassina,0,EP1F53a,-90.36625396,16.171184,173.026245
F53a,Opsiphanes cassina,0,EP2F53a,-90.36536599,16.17165397,169.542847
F53a,Opsiphanes cassina,0,EP3F53a,-90.36448102,16.17118198,173.615921
F53a,Opsiphanes cassina,0,EP4F53a,-90.36364803,16.17068997,175.505203
F53a,Opsiphanes cassina,0,EP5F53a,-90.36361501,16.17168699,174.033554
F53a,Opsiphanes cassina,0,EP6F53a,-90.36273298,16.17116304,173.355362
F53a,Opsiphanes cassina,0,EP7F53a,-90.361873,16.17080002,173.530045
F53a,Opsiphanes cassina,0,EP8F53a,-90.36188599,16.17163796,170.742905
F53a,Opsiphanes cassina,0,EP9F53a,-90.361054,16.170178,169.024521
F53a,Opsiphanes cassina,0,EP10F53a,-90.36101201,16.17117402,171.776779
F53a,Opsiphanes cassina,0,EP11F53a,-90.36014599,16.170695,164.574188
F53a,Opsiphanes cassina,1,EP12F53a,-90.36014297,16.17168901,167.305573
F55a,Opsiphanes cassina,0,EP1F55a,-90.36168499,16.16420003,161.119095
F55a,Opsiphanes cassina,0,EP2F55a,-90.36085501,16.16478198,163.310013
F55a,Opsiphanes cassina,0,EP3F55a,-90.36084596,16.16575001,161.337555
F55a,Opsiphanes cassina,0,EP4F55a,-90.35995798,16.16428602,165.882416
F55a,Opsiphanes cassina,0,EP5F55a,-90.35995496,16.16525497,163.246216
F55a,Opsiphanes cassina,0,EP6F55a,-90.35995698,16.166252,163.04451
F55a,Opsiphanes cassina,0,EP7F55a,-90.359098,16.16478098,166.450897
F55a,Opsiphanes cassina,0,EP8F55a,-90.359112,16.16584104,168.690262
F55a,Opsiphanes cassina,0,EP9F55a,-90.35821497,16.16434604,170.723206
F55a,Opsiphanes cassina,0,EP10F55a,-90.358206,16.16525799,172.322052
F55a,Opsiphanes cassina,0,EP11F55a,-90.35819803,16.166237,170.46109
F56a,Opsiphanes cassina,0,EP1F56a,-90.36061303,16.16350299,141.860779
F56a,Opsiphanes cassina,1,EP2F56a,-90.35971801,16.16299102,142.331116
F56a,Opsiphanes cassina,0,EP3F56a,-90.35883204,16.16343803,141.02652
F56a,Opsiphanes cassina,0,EP4F56a,-90.35797097,16.16302103,137.859467
F62a,Opsiphanes cassina,0,EP1F62a,-90.36303598,16.15157403,158.477448
F62a,Opsiphanes cassina,0,EP2F62a,-90.363038,16.15060198,158.828384
F62a,Opsiphanes cassina,0,EP3F62a,-90.36217298,16.15107397,155.013748
F62a,Opsiphanes cassina,0,EP4F62a,-90.36219201,16.150102,158.770859
F62a,Opsiphanes cassina,0,EP5F62a,-90.361298,16.15059,155.661453
F62a,Opsiphanes cassina,0,EP6F62a,-90.361284,16.14960403,159.285385
F62a,Opsiphanes cassina,0,EP7F62a,-90.36045402,16.149081,155.593338
F62a,Opsiphanes cassina,0,EP8F62a,-90.36306197,16.14962599,162.309845
F62a,Opsiphanes cassina,0,EP9F62a,-90.362191,16.14915996,160.018967
F62a,Opsiphanes cassina,0,EP10F62a,-90.36131199,16.14863299,156.714996
F62a,Opsiphanes cassina,0,EP11F62a,-90.36393704,16.14913699,154.064026
F62a,Opsiphanes cassina,0,EP12F62a,-90.363097,16.14865604,156.054367
F62a,Opsiphanes cassina,0,EP13F62a,-90.36481798,16.14866802,159.621887
F62a,Opsiphanes cassina,0,EP14F62a,-90.36481898,16.14769899,157.483246
F62a,Opsiphanes cassina,0,EP15F62a,-90.36397099,16.14817601,157.919006
F62a,Opsiphanes cassina,0,EP16F62a,-90.363888,16.14724402,161.006195
F62a,Opsiphanes cassina,0,EP17F62a,-90.36307798,16.14767896,158.490677
F62a,Opsiphanes cassina,1,EP18F62a,-90.36219796,16.14815002,155.665176
F62a,Opsiphanes cassina,0,EP19F62a,-90.36220903,16.14720203,161.879044
F62a,Opsiphanes cassina,0,EP20F62a,-90.36124804,16.14770997,155.766464
F62a,Opsiphanes cassina,0,EP21F62a,-90.36045201,16.147183,165.726654
F62a,Opsiphanes cassina,0,EP22F62a,-90.359587,16.14763998,163.216721
F62a,Opsiphanes cassina,0,EP23F62a,-90.36047003,16.14813996,154.950485
F62a,Opsiphanes cassina,0,EP24F62a,-90.35877001,16.14816897,167.343414
F62a,Opsiphanes cassina,0,EP25F62a,-90.35956797,16.14865998,159.948578
F62a,Opsiphanes cassina,0,EP26F62a,-90.35875401,16.14914303,159.892166
F62a,Opsiphanes cassina,0,EP27F62a,-90.35956303,16.14668604,169.3703
F62a,Opsiphanes cassina,0,EP28F62a,-90.35959002,16.14563503,163.627396
F62a,Opsiphanes cassina,0,EP29F62a,-90.36045603,16.14620903,167.82547
F62a,Opsiphanes cassina,1,EP30F62a,-90.36132004,16.14670096,170.402649
F62a,Opsiphanes cassina,0,EP31F62a,-90.36219,16.14622202,167.447876
F62a,Opsiphanes cassina,0,EP32F62a,-90.36307203,16.14672602,171.471054
F62a,Opsiphanes cassina,0,EP33F62a,-90.36393997,16.14621699,173.02771
F62a,Opsiphanes cassina,0,EP34F62a,-90.36309801,16.14575196,172.258133
F62a,Opsiphanes cassina,0,EP35F62a,-90.36215303,16.14527302,172.373856
F62a,Opsiphanes cassina,0,EP36F62a,-90.361327,16.14573503,165.645096
F62a,Opsiphanes cassina,0,EP37F62a,-90.36136304,16.14475602,172.530991
F62a,Opsiphanes cassina,0,EP38F62a,-90.36052804,16.14421899,164.873184
F62a,Opsiphanes cassina,0,EP40F62a,-90.359587,16.14473297,163.348541
F62a,Opsiphanes cassina,0,EP41F62a,-90.35960603,16.14376696,163.841537
F62a,Opsiphanes cassina,0,EP42F62a,-90.36038999,16.14322197,163.866562
F62a,Opsiphanes cassina,0,EP39F62a,-90.36048001,16.14523798,163.931076
F63a,Opsiphanes cassina,0,EP1F63a,-90.36605598,16.14755399,165.191559
F63a,Opsiphanes cassina,1,EP2F63a,-90.36605498,16.14852,167.796265
F63a,Opsiphanes cassina,0,EP3F63a,-90.36700498,16.14907103,162.880112
F63a,Opsiphanes cassina,0,EP4F63a,-90.36779699,16.14952499,155.334778
F63a,Opsiphanes cassina,1,EP5F63a,-90.36604702,16.14950999,167.262421
F63a,Opsiphanes cassina,0,EP6F63a,-90.36690499,16.15001198,159.635025
F63a,Opsiphanes cassina,1,EP7F63a,-90.36779104,16.15052403,155.978424
F63a,Opsiphanes cassina,0,EP8F63a,-90.36602103,16.150505,161.487152
F63a,Opsiphanes cassina,0,EP9F63a,-90.36690499,16.150993,156.158005
F63a,Opsiphanes cassina,0,EP10F63a,-90.36774301,16.15149398,156.88237
F63a,Opsiphanes cassina,0,EP11F63a,-90.36609798,16.15153296,158.012299
F63a,Opsiphanes cassina,0,EP12F63a,-90.36685302,16.15194099,149.611176
F63a,Opsiphanes cassina,0,EP13F63a,-90.36776899,16.15245002,152.532425
F63a,Opsiphanes cassina,0,EP14F63a,-90.36687196,16.15294296,150.303741
F63a,Opsiphanes cassina,0,EP15F63a,-90.36688898,16.15392599,132.534973
F63a,Opsiphanes cassina,0,EP16F63a,-90.36601198,16.15343004,139.524658
F63a,Opsiphanes cassina,0,EP17F63a,-90.366015,16.15246603,148.603271
F63a,Opsiphanes cassina,0,EP18F63a,-90.36515803,16.15194099,148.636902
F63a,Opsiphanes cassina,0,EP19F63a,-90.36515803,16.150979,157.466095
F63a,Opsiphanes cassina,0,EP20F63a,-90.365152,16.14999304,167.676361
F63a,Opsiphanes cassina,0,EP21F63a,-90.364318,16.15045999,160.384552
F63a,Opsiphanes cassina,0,EP22F63a,-90.36426402,16.15145501,151.491425
F63a,Opsiphanes cassina,0,EP23F63a,-90.364275,16.152432,147.213531
F63a,Opsiphanes cassina,0,EP24F63a,-90.36517102,16.15290298,140.148605
G18a,Opsiphanes cassina,0,EP1G18a,-90.36057699,16.29412799,137.76886
G18a,Opsiphanes cassina,0,EP2G18a,-90.35969001,16.29460501,136.495682
G18a,Opsiphanes cassina,0,EP3G18a,-90.35967601,16.29558301,136.198288
G18a,Opsiphanes cassina,0,EP4G18a,-90.35884,16.29408499,137.333969
G18a,Opsiphanes cassina,0,EP5G18a,-90.35880798,16.29506903,136.581131
G18a,Opsiphanes cassina,0,EP6G18a,-90.358796,16.29604602,135.74025
G18a,Opsiphanes cassina,0,EP7G18a,-90.35795303,16.29448297,136.10231
G18a,Opsiphanes cassina,0,EP8G18a,-90.35794297,16.29553699,135.619308
G18a,Opsiphanes cassina,0,EP9G18a,-90.35708902,16.29405398,137.318054
G18a,Opsiphanes cassina,0,EP10G18a,-90.35707402,16.29503701,136.663147
G18a,Opsiphanes cassina,0,EP11G18a,-90.35620901,16.29454399,136.331772
G18a,Opsiphanes cassina,0,EP12G18a,-90.35534902,16.29402003,137.479263
G18a,Opsiphanes cassina,0,EP13G18a,-90.35533503,16.29490801,137.248474
G18a,Opsiphanes cassina,0,EP14G18a,-90.35444504,16.29450501,137.001358
G18a,Opsiphanes cassina,0,EP15G18a,-90.35358497,16.29399497,135.018127
G18a,Opsiphanes cassina,0,EP16G18a,-90.35184002,16.293799,134.413773
G18a,Opsiphanes cassina,0,EP17G18a,-90.35182301,16.29487398,135.364914
G18a,Opsiphanes cassina,0,EP18G18a,-90.35094601,16.29436302,134.324829
G18a,Opsiphanes cassina,0,EP19G18a,-90.35091701,16.29533499,133.085556
G18a,Opsiphanes cassina,0,EP20G18a,-90.350915,16.29638499,132.83606
G18a,Opsiphanes cassina,0,EP21G18a,-90.35008603,16.29384401,134.656082
G18a,Opsiphanes cassina,0,EP22G18a,-90.35005501,16.29482796,133.904343
G19a,Opsiphanes cassina,0,EP1G19a,-90.35963997,16.29330698,130.984329
G19a,Opsiphanes cassina,0,EP2G19a,-90.35883497,16.29283198,132.21666
G19a,Opsiphanes cassina,0,EP3G19a,-90.35798203,16.29336298,132.50502
G19a,Opsiphanes cassina,0,EP4G19a,-90.35801296,16.29227601,132.520294
G19a,Opsiphanes cassina,0,EP5G19a,-90.35717301,16.29278798,133.656174
G19a,Opsiphanes cassina,0,EP6G19a,-90.35719103,16.29188198,132.228424
G19a,Opsiphanes cassina,0,EP7G19a,-90.35634102,16.29324504,132.160904
G19a,Opsiphanes cassina,0,EP8G19a,-90.35637396,16.29233401,132.119003
G19a,Opsiphanes cassina,0,EP9G19a,-90.35637899,16.29140002,131.056885
G19a,Opsiphanes cassina,0,EP10G19a,-90.35552002,16.29268102,131.256577
G19a,Opsiphanes cassina,0,EP11G19a,-90.35552404,16.291829,132.358719
G19a,Opsiphanes cassina,0,EP12G19a,-90.35555698,16.29092099,132.179688
G19a,Opsiphanes cassina,0,EP13G19a,-90.35469599,16.29320296,130.10817
G19a,Opsiphanes cassina,0,EP14G19a,-90.35472499,16.29229797,132.296082
G19a,Opsiphanes cassina,0,EP15G19a,-90.35472097,16.29137202,131.371216
G19a,Opsiphanes cassina,0,EP16G19a,-90.35473203,16.29044197,131.668289
G19a,Opsiphanes cassina,0,EP17G19a,-90.35385101,16.292735,129.902481
G19a,Opsiphanes cassina,0,EP18G19a,-90.35389602,16.29181802,132.201935
G19a,Opsiphanes cassina,0,EP19G19a,-90.35390197,16.29082703,131.471359
G19a,Opsiphanes cassina,0,EP20G19a,-90.35391002,16.28988298,129.70874
G19a,Opsiphanes cassina,0,EP21G19a,-90.35292297,16.28940403,129.576691
G19a,Opsiphanes cassina,0,EP22G19a,-90.35291098,16.29025497,131.493622
G19a,Opsiphanes cassina,0,EP23G19a,-90.35290402,16.29125702,132.273926
G19a,Opsiphanes cassina,0,EP24G19a,-90.35289497,16.29225598,131.097656
G19a,Opsiphanes cassina,0,EP25G19a,-90.35286396,16.29316399,131.348175
G19a,Opsiphanes cassina,0,EP26G19a,-90.35227303,16.28993997,132.571777
G19a,Opsiphanes cassina,0,EP27G19a,-90.35225099,16.29085201,132.297119
G19a,Opsiphanes cassina,0,EP28G19a,-90.352238,16.29178299,132.606644
G19a,Opsiphanes cassina,0,EP29G19a,-90.35221,16.29269804,131.973801
G19a,Opsiphanes cassina,0,EP30G19a,-90.35144901,16.28945801,132.061844
G19a,Opsiphanes cassina,0,EP31G19a,-90.35143501,16.29039302,132.609818
G19a,Opsiphanes cassina,0,EP32G19a,-90.35140199,16.29137403,132.652725
G19a,Opsiphanes cassina,0,EP33G19a,-90.35138698,16.29222698,132.802185
G19a,Opsiphanes cassina,0,EP34G19a,-90.35136896,16.29314798,133.245209
G19a,Opsiphanes cassina,0,EP35G19a,-90.35060998,16.28990703,131.036591
G19a,Opsiphanes cassina,0,EP36G19a,-90.35059498,16.29081898,132.890976
G19a,Opsiphanes cassina,0,EP37G19a,-90.35056497,16.29174803,132.149261
G19a,Opsiphanes cassina,0,EP38G19a,-90.35055701,16.29266501,132.231445
G19a,Opsiphanes cassina,0,EP40G19a,-90.34978202,16.29035697,131.938019
G19a,Opsiphanes cassina,0,EP41G19a,-90.34976198,16.29127102,132.554855
G19a,Opsiphanes cassina,0,EP42G19a,-90.349736,16.29219303,133.065369
G19a,Opsiphanes cassina,0,EP43G19a,-90.34971898,16.29311001,132.63533
G19a,Opsiphanes cassina,0,EP44G19a,-90.34895598,16.289872,131.119431
G19a,Opsiphanes cassina,0,EP39G19a,-90.34980297,16.28950101,131.753845
G19a,Opsiphanes cassina,0,EP46G19a,-90.34891499,16.29179397,131.818115
G19a,Opsiphanes cassina,0,EP45G19a,-90.348945,16.29078596,132.467255
G19a,Opsiphanes cassina,0,EP47G19a,-90.34889798,16.29263601,132.726471
G19a,Opsiphanes cassina,0,EP48G19a,-90.34814302,16.28940001,131.068527
G19a,Opsiphanes cassina,0,EP49G19a,-90.34811603,16.29032504,132.198425
G19a,Opsiphanes cassina,0,EP50G19a,-90.34810597,16.29124202,132.65416
G20a,Opsiphanes cassina,0,EP1G20a,-90.35273697,16.28852997,139.200745
G20a,Opsiphanes cassina,0,EP2G20a,-90.35275701,16.28765096,139.283386
G20a,Opsiphanes cassina,0,EP3G20a,-90.35276396,16.28660297,134.704239
G20a,Opsiphanes cassina,0,EP4G20a,-90.352813,16.285601,135.068054
G20a,Opsiphanes cassina,0,EP5G20a,-90.35280797,16.28464001,135.431793
G20a,Opsiphanes cassina,0,EP6G20a,-90.35186098,16.28812403,139.643219
G20a,Opsiphanes cassina,1,EP7G20a,-90.35188001,16.28707403,135.982147
G20a,Opsiphanes cassina,0,EP8G20a,-90.35190197,16.28615898,136.145752
G20a,Opsiphanes cassina,1,EP9G20a,-90.35194002,16.28510898,134.903732
G20a,Opsiphanes cassina,0,EP10G20a,-90.35098197,16.28850399,139.614334
G20a,Opsiphanes cassina,0,EP11G20a,-90.351001,16.28753797,136.097427
G20a,Opsiphanes cassina,0,EP12G20a,-90.351002,16.28656601,136.851898
G20a,Opsiphanes cassina,0,EP13G20a,-90.35103201,16.28550603,136.361969
G20a,Opsiphanes cassina,0,EP14G20a,-90.35106101,16.284782,134.89006
G20a,Opsiphanes cassina,0,EP15G20a,-90.35012199,16.287917,135.110443
G20a,Opsiphanes cassina,0,EP16G20a,-90.35011704,16.28701896,137.185638
G20a,Opsiphanes cassina,0,EP17G20a,-90.35015199,16.28604499,137.513855
G20a,Opsiphanes cassina,0,EP18G20a,-90.35017798,16.28507,136.924347
G20a,Opsiphanes cassina,0,EP19G20a,-90.34924096,16.288478,138.941132
G20a,Opsiphanes cassina,0,EP20G20a,-90.34924801,16.287414,135.063904
G20a,Opsiphanes cassina,0,EP21G20a,-90.34926401,16.28651798,136.88446
G20a,Opsiphanes cassina,0,EP22G20a,-90.34928899,16.28555004,136.029541
G20a,Opsiphanes cassina,0,EP23G20a,-90.34931003,16.28457002,135.498474
G20a,Opsiphanes cassina,0,EP24G20a,-90.34835399,16.28797802,137.033203
G20a,Opsiphanes cassina,0,EP25G20a,-90.34839598,16.28701402,136.58548
G20a,Opsiphanes cassina,0,EP26G20a,-90.34840596,16.28592202,135.228317
G20a,Opsiphanes cassina,0,EP27G20a,-90.34842599,16.28503799,135.098862
G20a,Opsiphanes cassina,0,EP28G20a,-90.34748596,16.28836099,136.64975
G20a,Opsiphanes cassina,0,EP29G20a,-90.34749803,16.28746698,136.313751
G20a,Opsiphanes cassina,0,EP30G20a,-90.34752703,16.28648797,136.671814
G20a,Opsiphanes cassina,0,EP31G20a,-90.34754103,16.28550704,134.833435
G20a,Opsiphanes cassina,0,EP32G20a,-90.34757104,16.28454798,133.827148
G20a,Opsiphanes cassina,0,EP33G20a,-90.34660804,16.28794902,137.176956
G20a,Opsiphanes cassina,0,EP34G20a,-90.34662799,16.28696901,134.82312
G20a,Opsiphanes cassina,0,EP35G20a,-90.34666797,16.28614901,134.822739
G20a,Opsiphanes cassina,0,EP36G20a,-90.346688,16.28501996,133.971817
G20a,Opsiphanes cassina,0,EP37G20a,-90.34578402,16.28645604,135.276474
G21a,Opsiphanes cassina,0,EP1G21a,-90.35069103,16.28086103,131.811996
G21a,Opsiphanes cassina,0,EP2G21a,-90.34893402,16.28082298,134.177582
G21a,Opsiphanes cassina,0,EP3G21a,-90.34983298,16.28131399,132.937561
G21a,Opsiphanes cassina,0,EP4G21a,-90.35066798,16.28179897,130.190674
G21a,Opsiphanes cassina,0,EP5G21a,-90.34893796,16.28179796,133.79216
G21a,Opsiphanes cassina,0,EP6G21a,-90.34978604,16.28229903,131.503372
G21a,Opsiphanes cassina,0,EP7G21a,-90.348989,16.28281301,131.637482
G21a,Opsiphanes cassina,0,EP8G21a,-90.348902,16.28375103,131.441742
G21a,Opsiphanes cassina,0,EP9G21a,-90.34802299,16.28323303,133.549759
G21a,Opsiphanes cassina,0,EP10G21a,-90.34713903,16.28369596,133.839432
G21a,Opsiphanes cassina,0,EP11G21a,-90.34625801,16.28418798,133.894501
G21a,Opsiphanes cassina,0,EP12G21a,-90.34536601,16.28464898,132.133194
G21a,Opsiphanes cassina,0,EP13G21a,-90.348083,16.28129496,137.765198
G21a,Opsiphanes cassina,0,EP14G21a,-90.34719201,16.28087402,138.03096
G21a,Opsiphanes cassina,0,EP15G21a,-90.34715102,16.28175597,136.730286
G21a,Opsiphanes cassina,0,EP16G21a,-90.34630302,16.28126202,136.793243
G21a,Opsiphanes cassina,0,EP17G21a,-90.346285,16.28224002,135.601028
G21a,Opsiphanes cassina,0,EP18G21a,-90.34544597,16.28074,137.01738
G21a,Opsiphanes cassina,0,EP19G21a,-90.34541999,16.28171397,136.155319
G21a,Opsiphanes cassina,0,EP20G21a,-90.345408,16.28262701,134.220459
G21a,Opsiphanes cassina,0,EP21G21a,-90.34455498,16.28129899,134.360229
G21a,Opsiphanes cassina,0,EP22G21a,-90.34453201,16.28219903,134.361191
G21a,Opsiphanes cassina,0,EP23G21a,-90.34450997,16.28315499,132.879974
G21a,Opsiphanes cassina,0,EP24G21a,-90.34369097,16.28064101,135.881775
G21a,Opsiphanes cassina,0,EP25G21a,-90.34367002,16.28169503,134.294189
G21a,Opsiphanes cassina,0,EP26G21a,-90.34364504,16.28267697,133.304062
G22a,Opsiphanes cassina,0,EP1G22a,-90.348802,16.27723804,146.282791
G22a,Opsiphanes cassina,0,EP2G22a,-90.34964497,16.27775696,144.688324
G22a,Opsiphanes cassina,0,EP3G22a,-90.34876102,16.27821101,145.39006
G22a,Opsiphanes cassina,0,EP4G22a,-90.34965201,16.27870596,145.754776
G22a,Opsiphanes cassina,0,EP5G22a,-90.35049397,16.27923,144.057816
G22a,Opsiphanes cassina,0,EP6G22a,-90.34868298,16.27914702,146.013382
G22a,Opsiphanes cassina,0,EP7G22a,-90.34962997,16.27972604,145.465347
G22a,Opsiphanes cassina,0,EP8G22a,-90.35047797,16.28020297,144.44281
G22a,Opsiphanes cassina,0,EP9G22a,-90.34873202,16.28013197,144.098755
G22a,Opsiphanes cassina,0,EP10G22a,-90.34792802,16.27768496,145.966293
G22a,Opsiphanes cassina,0,EP11G22a,-90.34790598,16.27859096,145.248337
G22a,Opsiphanes cassina,0,EP12G22a,-90.34788804,16.27966803,143.779709
G22a,Opsiphanes cassina,0,EP13G22a,-90.34708497,16.27725304,145.483749
G22a,Opsiphanes cassina,0,EP14G22a,-90.34705396,16.27817304,144.569489
G22a,Opsiphanes cassina,0,EP15G22a,-90.34703996,16.27912598,144.633041
G22a,Opsiphanes cassina,0,EP16G22a,-90.34702303,16.28011504,142.105225
G22a,Opsiphanes cassina,0,EP17G22a,-90.34619397,16.27766702,145.085037
G22a,Opsiphanes cassina,0,EP18G22a,-90.34615802,16.27863497,145.129654
G22a,Opsiphanes cassina,0,EP19G22a,-90.34614796,16.27968203,143.653748
G22a,Opsiphanes cassina,0,EP20G22a,-90.34531304,16.27715103,144.37912
G22a,Opsiphanes cassina,0,EP21G22a,-90.34531698,16.27811504,144.113525
G22a,Opsiphanes cassina,0,EP22G22a,-90.34528898,16.27903797,142.858063
G22a,Opsiphanes cassina,0,EP23G22a,-90.34528102,16.28008001,141.971039
G22a,Opsiphanes cassina,0,EP24G22a,-90.344443,16.277707,144.070511
G22a,Opsiphanes cassina,0,EP25G22a,-90.34442497,16.27859901,143.708328
G22a,Opsiphanes cassina,0,EP26G22a,-90.34440201,16.27957298,141.517441
G22a,Opsiphanes cassina,0,EP27G22a,-90.343596,16.27705196,143.002945
G22a,Opsiphanes cassina,0,EP28G22a,-90.343553,16.27808997,142.898956
G22a,Opsiphanes cassina,0,EP29G22a,-90.34353004,16.27907099,141.772232
G22a,Opsiphanes cassina,0,EP30G22a,-90.34350699,16.28012099,141.391525
G22a,Opsiphanes cassina,0,EP31G22a,-90.34282302,16.27768303,141.913254
G22a,Opsiphanes cassina,0,EP32G22a,-90.34180102,16.27807003,140.338898
G22a,Opsiphanes cassina,0,EP33G22a,-90.34264801,16.27857101,141.66362
G22a,Opsiphanes cassina,0,EP34G22a,-90.34177202,16.279043,140.93956
G22a,Opsiphanes cassina,0,EP35G22a,-90.34271096,16.27960199,139.773071
G22a,Opsiphanes cassina,0,EP36G22a,-90.34261901,16.28053204,139.519852
G23a,Opsiphanes cassina,0,EP1G23a,-90.35006901,16.27656103,135.379669
G23a,Opsiphanes cassina,0,EP2G23a,-90.35007404,16.27561497,136.686218
G23a,Opsiphanes cassina,0,EP3G23a,-90.34920501,16.27607002,136.636368
G23a,Opsiphanes cassina,0,EP4G23a,-90.35003599,16.27466697,138.339783
G23a,Opsiphanes cassina,0,EP5G23a,-90.34923602,16.275089,136.053284
G23a,Opsiphanes cassina,0,EP6G23a,-90.350124,16.27364103,141.137878
G23a,Opsiphanes cassina,0,EP7G23a,-90.34924801,16.27412299,139.14856
G23a,Opsiphanes cassina,0,EP8G23a,-90.34838903,16.273636,137.943375
G23a,Opsiphanes cassina,0,EP9G23a,-90.34751999,16.27427202,137.18103
G23a,Opsiphanes cassina,0,EP10G23a,-90.34664199,16.27369601,137.71077
G23a,Opsiphanes cassina,0,EP11G23a,-90.34662103,16.27460704,136.556992
G23a,Opsiphanes cassina,0,EP12G23a,-90.34659798,16.27556199,136.243271
G23a,Opsiphanes cassina,0,EP13G23a,-90.34659396,16.276542,135.172699
G23a,Opsiphanes cassina,0,EP14G23a,-90.34574999,16.27417504,136.781769
G23a,Opsiphanes cassina,0,EP15G23a,-90.34575602,16.27514097,136.521652
G23a,Opsiphanes cassina,0,EP16G23a,-90.34571797,16.27611704,135.126129
G23a,Opsiphanes cassina,0,EP17G23a,-90.34486301,16.27358302,136.240723
G23a,Opsiphanes cassina,0,EP18G23a,-90.344847,16.27456798,137.736221
G23a,Opsiphanes cassina,0,EP19G23a,-90.34485899,16.27545998,137.324188
G23a,Opsiphanes cassina,0,EP20G23a,-90.34482496,16.27651401,133.959213
G23a,Opsiphanes cassina,0,EP21G23a,-90.34400202,16.27413698,135.576401
G23a,Opsiphanes cassina,0,EP22G23a,-90.34400303,16.27503301,134.343002
G23a,Opsiphanes cassina,0,EP23G23a,-90.34398098,16.27601897,134.672302
G23a,Opsiphanes cassina,0,EP24G23a,-90.34314397,16.27347901,136.085754
G23a,Opsiphanes cassina,0,EP25G23a,-90.34312896,16.27461199,134.55188
G23a,Opsiphanes cassina,0,EP26G23a,-90.343092,16.27550097,134.905487
G23a,Opsiphanes cassina,0,EP27G23a,-90.34308898,16.27657796,133.700623
G23a,Opsiphanes cassina,0,EP28G23a,-90.34225699,16.27410002,134.226807
G23a,Opsiphanes cassina,0,EP29G23a,-90.34224803,16.27499403,134.126709
G23a,Opsiphanes cassina,0,EP30G23a,-90.34222196,16.27589299,133.189087
G23a,Opsiphanes cassina,0,EP31G23a,-90.34219799,16.27703402,132.42308
G23a,Opsiphanes cassina,0,EP32G23a,-90.34139399,16.27351899,135.360611
G23a,Opsiphanes cassina,0,EP33G23a,-90.34144102,16.27453001,134.250931
G23a,Opsiphanes cassina,0,EP34G23a,-90.34134798,16.275449,132.665085
G23a,Opsiphanes cassina,0,EP35G23a,-90.34147102,16.27651099,133.55838
G23a,Opsiphanes cassina,0,EP36G23a,-90.34132903,16.27743199,133.742157
G23a,Opsiphanes cassina,0,EP37G23a,-90.34044399,16.27701198,133.588242
G23a,Opsiphanes cassina,0,EP38G23a,-90.34046997,16.27594203,134.937271
G23a,Opsiphanes cassina,0,EP40G23a,-90.33959901,16.27542201,136.011444
G23a,Opsiphanes cassina,1,EP41G23a,-90.34041599,16.27400899,138.413315
G23a,Opsiphanes cassina,0,EP42G23a,-90.33960898,16.27446002,137.209747
G23a,Opsiphanes cassina,0,EP43G23a,-90.33962902,16.27348001,137.597992
G23a,Opsiphanes cassina,0,EP44G23a,-90.33873903,16.273952,137.583542
G23a,Opsiphanes cassina,0,EP39G23a,-90.34046897,16.27495296,137.05722
G23a,Opsiphanes cassina,0,EP46G23a,-90.33789597,16.27248399,137.432953
G23a,Opsiphanes cassina,0,EP45G23a,-90.33876199,16.27297802,137.59938
G23a,Opsiphanes cassina,1,EP47G23a,-90.34830999,16.27659297,147.58728
G23a,Opsiphanes cassina,0,EP48G23a,-90.34744598,16.27606801,148.259766
G23a,Opsiphanes cassina,0,EP49G23a,-90.34825098,16.27565696,147.27121
G23a,Opsiphanes cassina,0,EP50G23a,-90.34730198,16.27518598,148.905975
G24a,Opsiphanes cassina,0,EP1G24a,-90.35012702,16.27296302,148.712479
G24a,Opsiphanes cassina,0,EP2G24a,-90.35023397,16.27192299,149.412537
G24a,Opsiphanes cassina,0,EP3G24a,-90.35018602,16.27099402,149.172318
G24a,Opsiphanes cassina,0,EP4G24a,-90.35019902,16.27003497,148.156113
G24a,Opsiphanes cassina,0,EP5G24a,-90.35019499,16.26905797,146.581375
G24a,Opsiphanes cassina,0,EP6G24a,-90.34931003,16.26951696,147.152435
G24a,Opsiphanes cassina,0,EP7G24a,-90.349305,16.27049102,144.870148
G24a,Opsiphanes cassina,0,EP8G24a,-90.34929603,16.27147498,143.883514
G24a,Opsiphanes cassina,0,EP9G24a,-90.34926301,16.27245096,142.369125
G24a,Opsiphanes cassina,0,EP10G24a,-90.34847201,16.26901598,146.935776
G24a,Opsiphanes cassina,0,EP11G24a,-90.34842297,16.27007101,143.157272
G24a,Opsiphanes cassina,0,EP12G24a,-90.34843203,16.27097097,143.356689
G24a,Opsiphanes cassina,0,EP13G24a,-90.34838903,16.271939,142.763885
G24a,Opsiphanes cassina,0,EP14G24a,-90.34839196,16.272903,143.127289
G24a,Opsiphanes cassina,0,EP15G24a,-90.34757799,16.26949299,145.031097
G24a,Opsiphanes cassina,0,EP16G24a,-90.34755402,16.27046697,142.688675
G24a,Opsiphanes cassina,0,EP17G24a,-90.34751496,16.272342,141.652023
G24a,Opsiphanes cassina,0,EP18G24a,-90.34670996,16.268976,145.093185
G24a,Opsiphanes cassina,0,EP19G24a,-90.34667904,16.26995198,143.495483
G24a,Opsiphanes cassina,0,EP20G24a,-90.34669203,16.27092697,143.205017
G24a,Opsiphanes cassina,0,EP21G24a,-90.34664702,16.27190203,141.670532
G24a,Opsiphanes cassina,0,EP22G24a,-90.34664199,16.272889,141.013626
G24a,Opsiphanes cassina,0,EP23G24a,-90.34582299,16.26946097,144.734634
G24a,Opsiphanes cassina,0,EP24G24a,-90.34581503,16.27050301,143.940262
G24a,Opsiphanes cassina,0,EP25G24a,-90.34577999,16.27140197,142.938416
G24a,Opsiphanes cassina,0,EP26G24a,-90.34577999,16.27237796,141.24028
G24a,Opsiphanes cassina,0,EP27G24a,-90.34495798,16.26893803,144.633026
G24a,Opsiphanes cassina,0,EP28G24a,-90.34494398,16.26991502,143.276672
G24a,Opsiphanes cassina,0,EP29G24a,-90.34491699,16.27088799,142.30603
G24a,Opsiphanes cassina,0,EP30G24a,-90.34489503,16.271868,141.647293
G24a,Opsiphanes cassina,0,EP31G24a,-90.34489101,16.27276604,140.38028
G24a,Opsiphanes cassina,0,EP32G24a,-90.34407503,16.26941001,142.778015
G24a,Opsiphanes cassina,0,EP33G24a,-90.34408199,16.27039304,142.153778
G24a,Opsiphanes cassina,0,EP34G24a,-90.34402801,16.27137297,140.50499
G24a,Opsiphanes cassina,0,EP35G24a,-90.34401602,16.27235197,138.904846
G24a,Opsiphanes cassina,0,EP36G24a,-90.34321203,16.26890802,143.387497
G24a,Opsiphanes cassina,0,EP37G24a,-90.343178,16.26989096,143.05368
G24a,Opsiphanes cassina,0,EP38G24a,-90.34316501,16.27095303,143.633972
G24a,Opsiphanes cassina,0,EP40G24a,-90.34312796,16.272874,138.753494
G24a,Opsiphanes cassina,0,EP41G24a,-90.34227803,16.27230696,137.903061
G24a,Opsiphanes cassina,0,EP42G24a,-90.34229396,16.271336,136.566864
G24a,Opsiphanes cassina,0,EP43G24a,-90.34138796,16.27279001,138.124756
G24a,Opsiphanes cassina,0,EP44G24a,-90.34141403,16.27181897,135.740479
G24a,Opsiphanes cassina,0,EP39G24a,-90.34316601,16.27183297,139.293091
G24a,Opsiphanes cassina,0,EP46G24a,-90.33965701,16.27177304,134.793304
G24a,Opsiphanes cassina,0,EP45G24a,-90.34051498,16.27227704,136.307144
G24a,Opsiphanes cassina,0,EP47G24a,-90.33878898,16.27127297,133.640793
G24a,Opsiphanes cassina,0,EP48G24a,-90.33793302,16.27069202,132.870636
G24a,Opsiphanes cassina,0,EP49G24a,-90.33705804,16.27026396,131.85907
G24a,Opsiphanes cassina,0,EP50G24a,-90.33963396,16.26980002,136.611298
G24a,Opsiphanes cassina,1,EP51G24a,-90.34052404,16.26931898,138.984955
G24a,Opsiphanes cassina,0,EP52G24a,-90.34141503,16.26884096,141.267929
G24a,Opsiphanes cassina,0,EP53G24a,-90.342258,16.26934698,140.856247
G25a,Opsiphanes cassina,0,EP1G25a,-90.34712898,16.26841399,132.461533
G25a,Opsiphanes cassina,0,EP2G25a,-90.34715203,16.26744797,131.914383
G25a,Opsiphanes cassina,0,EP3G25a,-90.34718103,16.26648003,131.675125
G25a,Opsiphanes cassina,0,EP4G25a,-90.34718597,16.265411,128.926208
G25a,Opsiphanes cassina,0,EP5G25a,-90.346271,16.26785098,135.061951
G25a,Opsiphanes cassina,0,EP6G25a,-90.34627302,16.26695403,136.081802
G25a,Opsiphanes cassina,0,EP7G25a,-90.34630696,16.26594502,135.891968
G25a,Opsiphanes cassina,0,EP8G25a,-90.34538697,16.26833101,135.859238
G25a,Opsiphanes cassina,0,EP9G25a,-90.345408,16.26741202,135.926086
G25a,Opsiphanes cassina,0,EP10G25a,-90.34541597,16.26644701,136.432236
G25a,Opsiphanes cassina,0,EP11G25a,-90.34453,16.267898,133.631393
G25a,Opsiphanes cassina,0,EP12G25a,-90.34453603,16.26692997,134.794388
G25a,Opsiphanes cassina,0,EP13G25a,-90.34363599,16.26829203,133.178955
G25a,Opsiphanes cassina,0,EP14G25a,-90.34365501,16.26738796,133.477692
G25a,Opsiphanes cassina,0,EP15G25a,-90.34280098,16.26784,134.013977
G25a,Opsiphanes cassina,0,EP16G25a,-90.34279503,16.26687901,134.415817
G25a,Opsiphanes cassina,0,EP17G25a,-90.34188501,16.26833797,134.728668
G25a,Opsiphanes cassina,0,EP18G25a,-90.34191401,16.26735603,133.63942
G25a,Opsiphanes cassina,0,EP19G25a,-90.34103299,16.26783002,133.344742
G25a,Opsiphanes cassina,0,EP20G25a,-90.34014501,16.26845799,130.922836
G25a,Opsiphanes cassina,0,EP21G25a,-90.34016596,16.26733599,130.736267
G25a,Opsiphanes cassina,0,EP22G25a,-90.33923901,16.26879503,132.933716
G25a,Opsiphanes cassina,0,EP23G25a,-90.33837299,16.26918102,130.022766
G25a,Opsiphanes cassina,0,EP24G25a,-90.33750798,16.26970799,128.716446
G25a,Opsiphanes cassina,0,EP25G25a,-90.33662503,16.26923198,128.979843
G25a,Opsiphanes cassina,0,EP26G25a,-90.33665302,16.26824099,131.63858
G25a,Opsiphanes cassina,0,EP27G25a,-90.33750404,16.26874801,129.522873
G25a,Opsiphanes cassina,0,EP28G25a,-90.33674003,16.26731998,132.432587
G25a,Opsiphanes cassina,0,EP29G25a,-90.33753304,16.26778099,132.785706
G25a,Opsiphanes cassina,0,EP30G25a,-90.33669803,16.26628398,136.251709
G25a,Opsiphanes cassina,0,EP31G25a,-90.33755299,16.26677801,135.197922
G25a,Opsiphanes cassina,0,EP32G25a,-90.33841096,16.26729601,132.153748
G25a,Opsiphanes cassina,0,EP33G25a,-90.33756799,16.26580797,136.098785
G25a,Opsiphanes cassina,0,EP34G25a,-90.33843602,16.26631097,135.927521
G25a,Opsiphanes cassina,1,EP35G25a,-90.33846402,16.26533498,136.782867
G25a,Opsiphanes cassina,0,EP36G25a,-90.33932802,16.26584502,135.752853
G25a,Opsiphanes cassina,0,EP37G25a,-90.33840601,16.26826303,129.665802
G25a,Opsiphanes cassina,1,EP38G25a,-90.33926901,16.26692704,132.848831
G25a,Opsiphanes cassina,0,EP40G25a,-90.340187,16.26537496,139.878662
G25a,Opsiphanes cassina,0,EP41G25a,-90.34016998,16.26645698,138.632599
G25a,Opsiphanes cassina,0,EP42G25a,-90.34106702,16.26586899,140.992798
G25a,Opsiphanes cassina,0,EP43G25a,-90.34105,16.266863,137.112961
G25a,Opsiphanes cassina,0,EP44G25a,-90.34193496,16.26537999,142.434677
G25a,Opsiphanes cassina,0,EP39G25a,-90.33925904,16.26780898,132.721939
G25a,Opsiphanes cassina,0,EP46G25a,-90.34279897,16.265914,143.071198
G25a,Opsiphanes cassina,0,EP45G25a,-90.34192298,16.26646201,139.955261
G25a,Opsiphanes cassina,0,EP47G25a,-90.34368997,16.26544696,146.123032
G25a,Opsiphanes cassina,0,EP48G25a,-90.34365803,16.26639697,141.92981
G25a,Opsiphanes cassina,0,EP49G25a,-90.34455799,16.26588299,146.065826
G25a,Opsiphanes cassina,0,EP50G25a,-90.345436,16.26547202,148.614243
G26a,Opsiphanes cassina,0,EP1G26a,-90.34723601,16.263153,151.907791
G26a,Opsiphanes cassina,0,EP2G26a,-90.34722202,16.26403604,152.881729
G26a,Opsiphanes cassina,0,EP3G26a,-90.34719301,16.26505,149.984192
G26a,Opsiphanes cassina,0,EP4G26a,-90.34635298,16.26254003,150.199829
G26a,Opsiphanes cassina,0,EP5G26a,-90.34636396,16.26360596,152.446472
G26a,Opsiphanes cassina,0,EP6G26a,-90.34636002,16.26451196,153.710007
G26a,Opsiphanes cassina,0,EP7G26a,-90.34550096,16.26199999,149.7556
G26a,Opsiphanes cassina,0,EP8G26a,-90.34549098,16.26303398,149.918121
G26a,Opsiphanes cassina,0,EP9G26a,-90.34550398,16.26401198,152.787674
G26a,Opsiphanes cassina,0,EP10G26a,-90.34544396,16.26494899,151.216217
G26a,Opsiphanes cassina,0,EP11G26a,-90.34462304,16.26252201,148.927063
G26a,Opsiphanes cassina,0,EP12G26a,-90.34459999,16.26356397,151.721069
G26a,Opsiphanes cassina,0,EP13G26a,-90.34459102,16.26445999,152.489807
G26a,Opsiphanes cassina,0,EP14G26a,-90.34379197,16.26202899,147.913727
G26a,Opsiphanes cassina,0,EP15G26a,-90.34373397,16.26298201,151.65477
G26a,Opsiphanes cassina,0,EP16G26a,-90.34371897,16.264001,150.263428
G26a,Opsiphanes cassina,0,EP17G26a,-90.343724,16.26497196,150.9608
G26a,Opsiphanes cassina,0,EP18G26a,-90.34285303,16.262506,148.96489
G26a,Opsiphanes cassina,0,EP19G26a,-90.34285404,16.26348501,150.751282
G26a,Opsiphanes cassina,0,EP20G26a,-90.34283199,16.26445203,149.349014
G26a,Opsiphanes cassina,0,EP21G26a,-90.34200897,16.26201902,146.662506
G26a,Opsiphanes cassina,0,EP22G26a,-90.34201903,16.26294496,147.355499
G26a,Opsiphanes cassina,0,EP23G26a,-90.34196396,16.264044,149.169632
G26a,Opsiphanes cassina,0,EP24G26a,-90.34197503,16.26501001,148.351456
G26a,Opsiphanes cassina,0,EP25G26a,-90.34110004,16.26248203,145.467712
G26a,Opsiphanes cassina,0,EP26G26a,-90.34113097,16.26345903,146.085968
G26a,Opsiphanes cassina,0,EP27G26a,-90.34111798,16.26444298,147.568634
G26a,Opsiphanes cassina,0,EP28G26a,-90.34020502,16.26490801,147.423203
G26a,Opsiphanes cassina,0,EP29G26a,-90.34020703,16.26394602,145.106247
G26a,Opsiphanes cassina,0,EP30G26a,-90.33935501,16.26448204,141.370605
G26a,Opsiphanes cassina,0,EP31G26a,-90.338462,16.26488697,144.858688
G26a,Opsiphanes cassina,0,EP32G26a,-90.33755802,16.26536901,144.93129
G26a,Opsiphanes cassina,0,EP33G26a,-90.33680398,16.26489996,145.003876
G26a,Opsiphanes cassina,0,EP34G26a,-90.33670097,16.265842,144.832306
G26a,Opsiphanes cassina,0,EP35G26a,-90.33402697,16.26534102,136.13707
G26a,Opsiphanes cassina,0,EP36G26a,-90.33583302,16.26531998,146.485687
G26a,Opsiphanes cassina,0,EP37G26a,-90.33493901,16.26580998,141.387054
G26a,Opsiphanes cassina,0,EP38G26a,-90.33580997,16.26629102,142.241745
G26a,Opsiphanes cassina,0,EP40G26a,-90.33573504,16.267309,139.98526
G26a,Opsiphanes cassina,0,EP41G26a,-90.33577602,16.26825096,136.588928
G26a,Opsiphanes cassina,0,EP39G26a,-90.33491797,16.26676703,141.63208
G26b,Opsiphanes cassina,0,EP1G26b,-90.34046,16.26250399,130.888153
G26b,Opsiphanes cassina,0,EP2G26b,-90.33952801,16.26300297,132.602524
G26b,Opsiphanes cassina,0,EP3G26b,-90.33867298,16.26249997,131.766968
G26b,Opsiphanes cassina,0,EP4G26b,-90.33864599,16.26347696,131.603699
G26b,Opsiphanes cassina,0,EP5G26b,-90.33777402,16.26295301,131.768005
G26b,Opsiphanes cassina,0,EP6G26b,-90.33773404,16.26394803,133.359406
G26b,Opsiphanes cassina,0,EP7G26b,-90.33688998,16.26239503,134.149979
G26b,Opsiphanes cassina,0,EP8G26b,-90.336879,16.26335199,132.880386
G26b,Opsiphanes cassina,0,EP9G26b,-90.33683902,16.26435103,132.784363
G26b,Opsiphanes cassina,0,EP10G26b,-90.33428899,16.26282401,127.131279
G26b,Opsiphanes cassina,0,EP11G26b,-90.335196,16.262362,134.805573
G26b,Opsiphanes cassina,0,EP12G26b,-90.336059,16.26197199,135.952286
G26b,Opsiphanes cassina,0,EP13G26b,-90.33602899,16.26294304,132.315979
G26b,Opsiphanes cassina,0,EP14G26b,-90.33599798,16.26391299,131.502289
G26b,Opsiphanes cassina,0,EP15G26b,-90.33512902,16.26342902,128.67363
G26b,Opsiphanes cassina,0,EP16G26b,-90.33509701,16.26438196,128.789505
G26b,Opsiphanes cassina,0,EP17G26b,-90.33424599,16.26392003,126.74781
G26b,Opsiphanes cassina,0,EP18G26b,-90.333342,16.26340002,123.747467
G26b,Opsiphanes cassina,0,EP19G26b,-90.33406997,16.26478597,126.768661
G26b,Opsiphanes cassina,0,EP20G26b,-90.33337997,16.26437802,124.474808
G27a,Opsiphanes cassina,0,EP1G27a,-90.34465003,16.25771097,148.181305
G27a,Opsiphanes cassina,0,EP2G27a,-90.344616,16.25870598,146.569275
G27a,Opsiphanes cassina,0,EP3G27a,-90.34548797,16.25816602,151.439285
G27a,Opsiphanes cassina,0,EP4G27a,-90.34548302,16.259198,146.888596
G27a,Opsiphanes cassina,0,EP5G27a,-90.34635901,16.25965599,146.690292
G27a,Opsiphanes cassina,0,EP6G27a,-90.34633404,16.26162599,146.639709
G27a,Opsiphanes cassina,0,EP7G27a,-90.34634602,16.26063801,146.674286
G27a,Opsiphanes cassina,0,EP8G27a,-90.34544396,16.26100397,145.84787
G27a,Opsiphanes cassina,0,EP9G27a,-90.34547296,16.26014298,144.45903
G27a,Opsiphanes cassina,0,EP10G27a,-90.34456604,16.261613,146.508408
G27a,Opsiphanes cassina,0,EP11G27a,-90.34459999,16.26061203,143.345016
G27a,Opsiphanes cassina,0,EP12G27a,-90.34458901,16.25961903,144.652466
G27a,Opsiphanes cassina,0,EP13G27a,-90.34373104,16.26113003,145.182846
G27a,Opsiphanes cassina,0,EP14G27a,-90.34373498,16.26010501,142.03775
G27a,Opsiphanes cassina,0,EP15G27a,-90.34375903,16.25906699,142.008423
G27a,Opsiphanes cassina,0,EP16G27a,-90.34281397,16.26149196,145.565369
G27a,Opsiphanes cassina,0,EP17G27a,-90.34282403,16.26056199,144.843094
G27a,Opsiphanes cassina,0,EP18G27a,-90.34284499,16.259643,142.532394
G27a,Opsiphanes cassina,0,EP19G27a,-90.341956,16.26108804,144.017776
G27a,Opsiphanes cassina,0,EP20G27a,-90.34197603,16.25993997,141.164795
G27a,Opsiphanes cassina,0,EP21G27a,-90.34106601,16.26154703,142.946411
G27a,Opsiphanes cassina,0,EP22G27a,-90.34110901,16.26054397,141.422607
G27a,Opsiphanes cassina,0,EP23G27a,-90.34111898,16.25950897,139.025009
G27a,Opsiphanes cassina,0,EP24G27a,-90.340202,16.26111603,138.510147
G27a,Opsiphanes cassina,0,EP25G27a,-90.34020997,16.26007802,139.148209
G27a,Opsiphanes cassina,0,EP26G27a,-90.33934697,16.26147897,138.846024
G27a,Opsiphanes cassina,0,EP27G27a,-90.33935803,16.26051304,136.82785
G27a,Opsiphanes cassina,0,EP28G27a,-90.33938401,16.25953102,134.251678
G27a,Opsiphanes cassina,0,EP29G27a,-90.33845304,16.26101201,140.212296
G27a,Opsiphanes cassina,0,EP30G27a,-90.33852001,16.25992798,135.556793
G27b,Opsiphanes cassina,0,EP1G27b,-90.33812698,16.26109399,136.218567
G27b,Opsiphanes cassina,0,EP2G27b,-90.33812103,16.26003603,132.917831
G27b,Opsiphanes cassina,0,EP3G27b,-90.33725199,16.26068001,131.997772
G27b,Opsiphanes cassina,0,EP4G27b,-90.33638799,16.26010601,135.993851
G27b,Opsiphanes cassina,0,EP5G27b,-90.335499,16.26055503,136.450882
G27b,Opsiphanes cassina,0,EP6G27b,-90.33546698,16.26152499,136.187134
G27b,Opsiphanes cassina,0,EP7G27b,-90.33453299,16.26099902,130.099594
G27b,Opsiphanes cassina,0,EP8G27b,-90.33457104,16.26201499,132.738541
G27b,Opsiphanes cassina,0,EP9G27b,-90.33371701,16.26150303,124.736214
G27b,Opsiphanes cassina,0,EP10G27b,-90.33369798,16.26248497,126.424973
G28a,Opsiphanes cassina,0,EP1G28a,-90.34071296,16.25093303,137.136215
G28a,Opsiphanes cassina,0,EP2G28a,-90.34159399,16.25047898,132.311493
G28a,Opsiphanes cassina,0,EP3G28a,-90.342474,16.24999803,126.474548
G28a,Opsiphanes cassina,0,EP4G28a,-90.34149198,16.25147098,137.81459
G28a,Opsiphanes cassina,0,EP5G28a,-90.34243796,16.250957,132.263214
G28a,Opsiphanes cassina,0,EP6G28a,-90.34234802,16.25197599,134.636871
G28a,Opsiphanes cassina,0,EP7G28a,-90.34321404,16.25247203,132.216095
G28a,Opsiphanes cassina,0,EP8G28a,-90.34402398,16.253028,132.089554
G28a,Opsiphanes cassina,0,EP9G28a,-90.344962,16.25349001,131.668533
G28a,Opsiphanes cassina,0,EP10G28a,-90.34493501,16.25445301,135.613632
G28a,Opsiphanes cassina,0,EP11G28a,-90.344904,16.25543403,139.805771
G28a,Opsiphanes cassina,0,EP12G28a,-90.34408702,16.25394397,137.346527
G28a,Opsiphanes cassina,0,EP13G28a,-90.34404703,16.25493798,139.674942
G28a,Opsiphanes cassina,0,EP14G28a,-90.344026,16.25589998,142.535065
G28a,Opsiphanes cassina,0,EP15G28a,-90.34320901,16.25342798,138.436127
G28a,Opsiphanes cassina,0,EP16G28a,-90.34316501,16.25442501,141.962326
G28a,Opsiphanes cassina,0,EP17G28a,-90.34315998,16.25548599,141.495346
G28a,Opsiphanes cassina,0,EP18G28a,-90.34233101,16.25297301,139.254608
G28a,Opsiphanes cassina,0,EP19G28a,-90.342316,16.25393199,140.548447
G28a,Opsiphanes cassina,0,EP20G28a,-90.34229899,16.25489004,138.470871
G28a,Opsiphanes cassina,0,EP21G28a,-90.34410504,16.25200599,132.523666
G28a,Opsiphanes cassina,0,EP22G28a,-90.345853,16.25493002,137.173492
G28a,Opsiphanes cassina,0,EP23G28a,-90.34665297,16.255472,140.863983
G28a,Opsiphanes cassina,0,EP24G28a,-90.34666403,16.25643298,139.022827
G28a,Opsiphanes cassina,0,EP25G28a,-90.34743299,16.25698401,140.648605
G28a,Opsiphanes cassina,0,EP26G28a,-90.34835801,16.25842402,141.001999
G28a,Opsiphanes cassina,0,EP27G28a,-90.34748998,16.25792404,140.813095
G28a,Opsiphanes cassina,0,EP28G28a,-90.346629,16.257429,139.447891
G28a,Opsiphanes cassina,0,EP29G28a,-90.34574403,16.25693103,141.008087
G28a,Opsiphanes cassina,0,EP30G28a,-90.34489,16.25640901,142.384384
G28a,Opsiphanes cassina,0,EP31G28a,-90.34576901,16.25594499,137.988968
G28a,Opsiphanes cassina,0,EP32G28a,-90.34659497,16.25864002,143.732529
G28a,Opsiphanes cassina,0,EP33G28a,-90.34658197,16.259284,139.470108
G28a,Opsiphanes cassina,0,EP34G28a,-90.34748697,16.25890497,140.451691
G28a,Opsiphanes cassina,0,EP35G28a,-90.34919696,16.25991398,143.468185
G28a,Opsiphanes cassina,0,EP36G28a,-90.34834201,16.25941199,141.623627
G28a,Opsiphanes cassina,0,EP37G28a,-90.35005602,16.26136699,145.163239
G28a,Opsiphanes cassina,0,EP38G28a,-90.34917701,16.26091998,143.514786
G28a,Opsiphanes cassina,0,EP40G28a,-90.34821502,16.261312,141.641357
G28a,Opsiphanes cassina,0,EP39G28a,-90.348312,16.26038496,142.01503
G28b,Opsiphanes cassina,0,EP1G28b,-90.34394503,16.25727503,146.998627
G28b,Opsiphanes cassina,0,EP2G28b,-90.34393203,16.25823903,146.82486
G28b,Opsiphanes cassina,0,EP3G28b,-90.34309099,16.25672702,148.807892
G28b,Opsiphanes cassina,0,EP4G28b,-90.343048,16.257817,142.724777
G28b,Opsiphanes cassina,0,EP5G28b,-90.34222498,16.25623299,152.371063
G28b,Opsiphanes cassina,0,EP6G28b,-90.341338,16.25277696,151.946625
G28b,Opsiphanes cassina,0,EP7G28b,-90.34131302,16.25377097,150.070084
G28b,Opsiphanes cassina,0,EP8G28b,-90.34129299,16.25465702,149.156158
G28b,Opsiphanes cassina,0,EP9G28b,-90.34048196,16.25224102,149.656876
G28b,Opsiphanes cassina,0,EP10G28b,-90.34045103,16.25317904,148.536621
G28b,Opsiphanes cassina,0,EP11G28b,-90.33959004,16.25174699,150.509232
G28c,Opsiphanes cassina,0,EP1G28c,-90.340532,16.25898502,134.303284
G28c,Opsiphanes cassina,0,EP2G28c,-90.34143498,16.25835998,134.246201
G28c,Opsiphanes cassina,0,EP3G28c,-90.342301,16.258866,135.947281
G28c,Opsiphanes cassina,0,EP4G28c,-90.34318998,16.25838596,135.621567
G28c,Opsiphanes cassina,0,EP5G28c,-90.34233019,16.25697531,0
G28c,Opsiphanes cassina,1,EP6G28c,-90.34231097,16.257947,136.410324
G28c,Opsiphanes cassina,0,EP7G28c,-90.34144596,16.25736597,143.263672
G28c,Opsiphanes cassina,0,EP8G28c,-90.34057098,16.25695601,143.808685
G28c,Opsiphanes cassina,0,EP9G28c,-90.34055999,16.25789797,140.79129
G28c,Opsiphanes cassina,0,EP10G28c,-90.33967696,16.25823299,142.170715
G28c,Opsiphanes cassina,0,EP11G28c,-90.33881497,16.25877899,140.89122
G28c,Opsiphanes cassina,0,EP12G28c,-90.33791098,16.25824297,139.906219
G28c,Opsiphanes cassina,0,EP13G28c,-90.337123,16.25480999,133.947449
G28c,Opsiphanes cassina,0,EP14G28c,-90.33794702,16.257415,139.049835
G28c,Opsiphanes cassina,0,EP15G28c,-90.33796504,16.25643197,137.203033
G28c,Opsiphanes cassina,0,EP16G28c,-90.338836,16.25684302,137.701263
G28c,Opsiphanes cassina,0,EP17G28c,-90.33972197,16.256336,140.320572
G28c,Opsiphanes cassina,0,EP18G28c,-90.33884497,16.25582001,139.335648
G28c,Opsiphanes cassina,0,EP19G28c,-90.33805003,16.25527703,136.955078
G28c,Opsiphanes cassina,0,EP20G28c,-90.33799304,16.254351,137.248215
G28c,Opsiphanes cassina,0,EP21G28c,-90.33887599,16.25489398,142.639679
G28c,Opsiphanes cassina,0,EP22G28c,-90.33889602,16.25388103,139.138763
G28c,Opsiphanes cassina,0,EP23G28c,-90.33972801,16.25539304,144.981705
G28c,Opsiphanes cassina,0,EP24G28c,-90.33974048,16.25439744,0
G28c,Opsiphanes cassina,0,EP25G28c,-90.34060098,16.25592001,146.707214
G28c,Opsiphanes cassina,0,EP26G28c,-90.34062403,16.25483598,144.449249
G28c,Opsiphanes cassina,0,EP27G28c,-90.34147999,16.25542397,145.843079
G28c,Opsiphanes cassina,0,EP28G28c,-90.33806797,16.25353804,138.41954
G28c,Opsiphanes cassina,0,EP29G28c,-90.33898504,16.25192997,143.250778
G28c,Opsiphanes cassina,0,EP30G28c,-90.33895704,16.25283304,140.344238
G28c,Opsiphanes cassina,0,EP31G28c,-90.33980696,16.25342698,140.835297
G28c,Opsiphanes cassina,0,EP32G28c,-90.34067298,16.25396602,144.433975
G29a,Opsiphanes cassina,0,EP1G29a,-90.33679199,16.25376603,141.095856
G29a,Opsiphanes cassina,0,EP2G29a,-90.33596302,16.253258,144.214966
G29a,Opsiphanes cassina,0,EP3G29a,-90.33687598,16.25283396,145.649918
G29a,Opsiphanes cassina,0,EP4G29a,-90.336017,16.25233004,142.076157
G29a,Opsiphanes cassina,0,EP5G29a,-90.33521997,16.25185403,140.110031
G29a,Opsiphanes cassina,0,EP6G29a,-90.33776597,16.25233599,149.700592
G29a,Opsiphanes cassina,0,EP7G29a,-90.33690196,16.251835,144.960052
G29a,Opsiphanes cassina,0,EP8G29a,-90.33604098,16.25131801,142.234848
G29a,Opsiphanes cassina,0,EP9G29a,-90.33865797,16.25186702,147.816345
G29a,Opsiphanes cassina,0,EP10G29a,-90.33770101,16.25131499,144.35643
G29a,Opsiphanes cassina,0,EP11G29a,-90.33684103,16.25082004,140.637878
G29a,Opsiphanes cassina,0,EP12G29a,-90.33604399,16.25034596,137.387054
G29a,Opsiphanes cassina,0,EP13G29a,-90.33865797,16.25088198,146.602692
G29a,Opsiphanes cassina,0,EP14G29a,-90.337858,16.25042198,143.262527
G29a,Opsiphanes cassina,0,EP15G29a,-90.33868999,16.24989401,144.120987
G29a,Opsiphanes cassina,0,EP16G29a,-90.338692,16.24900603,138.601517
G29a,Opsiphanes cassina,0,EP17G29a,-90.33781098,16.24940098,142.782333
G29a,Opsiphanes cassina,0,EP18G29a,-90.33694899,16.24890503,141.011475
G29a,Opsiphanes cassina,0,EP19G29a,-90.33691403,16.24988303,140.29216
G29a,Opsiphanes cassina,0,EP20G29a,-90.33953799,16.25040698,141.866562
G29a,Opsiphanes cassina,0,EP21G29a,-90.34043401,16.24991898,137.626541
G29a,Opsiphanes cassina,0,EP22G29a,-90.34123398,16.249504,132.814926
G29a,Opsiphanes cassina,0,EP23G29a,-90.33955702,16.24942998,139.60965
G29a,Opsiphanes cassina,0,EP24G29a,-90.34044399,16.24898298,133.112854
G29a,Opsiphanes cassina,0,EP25G29a,-90.339583,16.24845601,134.881134
G29a,Opsiphanes cassina,0,EP26G29a,-90.34030502,16.24805803,131.437103
G29a,Opsiphanes cassina,0,EP27G29a,-90.33870198,16.24795301,133.447067
G29a,Opsiphanes cassina,0,EP28G29a,-90.33957998,16.24749804,130.968765
G29a,Opsiphanes cassina,0,EP29G29a,-90.34042203,16.24599399,136.588165
G29a,Opsiphanes cassina,0,EP30G29a,-90.33960999,16.246413,132.94249
G29a,Opsiphanes cassina,0,EP31G29a,-90.34135703,16.24646598,137.54187
G29a,Opsiphanes cassina,0,EP32G29a,-90.34213202,16.24697601,133.321854
G29a,Opsiphanes cassina,0,EP33G29a,-90.342201,16.24800799,130.960083
G29a,Opsiphanes cassina,0,EP34G29a,-90.34140296,16.24844,132.332291
G29a,Opsiphanes cassina,0,EP35G29a,-90.34308798,16.24849004,135.301025
G29a,Opsiphanes cassina,0,EP36G29a,-90.34217896,16.248987,132.852188
G30a,Opsiphanes cassina,0,EP1G30a,-90.34923501,16.24174998,141.705582
G30a,Opsiphanes cassina,0,EP2G30a,-90.34758897,16.24180597,139.222809
G30a,Opsiphanes cassina,0,EP3G30a,-90.34847704,16.24231702,136.630798
G30a,Opsiphanes cassina,0,EP4G30a,-90.34653897,16.24221099,140.738373
G30a,Opsiphanes cassina,0,EP5G30a,-90.34735302,16.242674,136.802811
G30a,Opsiphanes cassina,0,EP6G30a,-90.34832901,16.24324003,137.353394
G30a,Opsiphanes cassina,0,EP7G30a,-90.34565703,16.24270401,138.857681
G30a,Opsiphanes cassina,0,EP8G30a,-90.34653403,16.24321497,135.244537
G30a,Opsiphanes cassina,0,EP9G30a,-90.347493,16.24377396,132.9478
G30a,Opsiphanes cassina,1,EP10G30a,-90.34562602,16.24371101,134.528717
G30a,Opsiphanes cassina,0,EP11G30a,-90.34651299,16.24420504,129.182892
G30a,Opsiphanes cassina,0,EP12G30a,-90.34739401,16.24471097,135.820007
G30a,Opsiphanes cassina,0,EP13G30a,-90.34472798,16.24420102,134.738617
G30a,Opsiphanes cassina,0,EP14G30a,-90.34561797,16.24470804,129.355484
G30a,Opsiphanes cassina,0,EP15G30a,-90.34658398,16.24525303,134.620163
G30a,Opsiphanes cassina,0,EP16G30a,-90.34478397,16.24522302,133.843994
G30a,Opsiphanes cassina,0,EP17G30a,-90.34575501,16.24576902,129.774292
G30a,Opsiphanes cassina,0,EP18G30a,-90.34663696,16.24627998,131.611313
G30a,Opsiphanes cassina,0,EP19G30a,-90.34484499,16.24625903,128.75116
G30a,Opsiphanes cassina,0,EP20G30a,-90.34580103,16.246816,129.234711
G30a,Opsiphanes cassina,0,EP21G30a,-90.34387001,16.24771697,129.604477
G30a,Opsiphanes cassina,0,EP22G30a,-90.34478498,16.24732303,128.307587
G31a,Opsiphanes cassina,0,EP1G31a,-90.35394698,16.23879603,127.380875
G31a,Opsiphanes cassina,2,EP2G31a,-90.35393198,16.23978199,131.074341
G31a,Opsiphanes cassina,1,EP3G31a,-90.35391103,16.240776,133.342239
G31a,Opsiphanes cassina,0,EP4G31a,-90.35303503,16.23851197,131.06131
G31a,Opsiphanes cassina,0,EP5G31a,-90.35304702,16.23949802,134.964691
G31a,Opsiphanes cassina,0,EP6G31a,-90.35302497,16.24058196,136.44986
G31a,Opsiphanes cassina,0,EP7G31a,-90.35216499,16.23897599,135.034393
G31a,Opsiphanes cassina,0,EP8G31a,-90.35216801,16.23997796,137.903152
G31a,Opsiphanes cassina,0,EP9G31a,-90.35213297,16.24099997,140.25058
G31a,Opsiphanes cassina,0,EP10G31a,-90.35125304,16.23857098,140.946625
G31a,Opsiphanes cassina,2,EP11G31a,-90.35122496,16.23950204,141.231857
G31a,Opsiphanes cassina,0,EP12G31a,-90.35122102,16.24049496,141.437012
G31a,Opsiphanes cassina,0,EP13G31a,-90.35036196,16.23905302,145.499252
G31a,Opsiphanes cassina,0,EP14G31a,-90.35035701,16.24005198,145.021683
G31a,Opsiphanes cassina,0,EP15G31a,-90.35034,16.24105202,144.81163
G31a,Opsiphanes cassina,0,EP16G31a,-90.34948999,16.23846302,148.830688
G31a,Opsiphanes cassina,0,EP17G31a,-90.34942998,16.23948804,148.211487
G31a,Opsiphanes cassina,0,EP18G31a,-90.34948102,16.24045498,146.204254
G31a,Opsiphanes cassina,1,EP19G31a,-90.34858399,16.23888697,152.51268
G31a,Opsiphanes cassina,0,EP20G31a,-90.34857804,16.239955,148.781616
G31a,Opsiphanes cassina,0,EP21G31a,-90.34857301,16.24102201,142.248917
G31a,Opsiphanes cassina,0,EP22G31a,-90.34770004,16.238373,154.702148
G31a,Opsiphanes cassina,0,EP23G31a,-90.34768101,16.23937396,152.703033
G31a,Opsiphanes cassina,0,EP24G31a,-90.34767598,16.24030503,147.582565
G31a,Opsiphanes cassina,0,EP25G31a,-90.34677903,16.23895504,152.423645
G31a,Opsiphanes cassina,0,EP26G31a,-90.34677601,16.23995097,148.667999
G31a,Opsiphanes cassina,0,EP27G31a,-90.34676202,16.240947,146.17894
G31a,Opsiphanes cassina,0,EP28G31a,-90.34589801,16.23843603,151.16687
G31a,Opsiphanes cassina,0,EP29G31a,-90.34579198,16.23941998,147.646027
G31a,Opsiphanes cassina,0,EP30G31a,-90.34496703,16.23992901,143.129791
G31a,Opsiphanes cassina,0,EP31G31a,-90.34591704,16.24048901,145.346283
G31a,Opsiphanes cassina,0,EP32G31a,-90.34409003,16.240415,141.637802
G31a,Opsiphanes cassina,0,EP33G31a,-90.34497701,16.24092403,143.080383
G31a,Opsiphanes cassina,0,EP34G31a,-90.34587001,16.24143097,145.172363
G31a,Opsiphanes cassina,0,EP35G31a,-90.34408098,16.24140901,138.912033
G31a,Opsiphanes cassina,0,EP36G31a,-90.345047,16.24194503,144.814423
G31a,Opsiphanes cassina,0,EP37G31a,-90.34324698,16.24192902,137.026306
G31a,Opsiphanes cassina,0,EP38G31a,-90.34407,16.24240704,141.351791
G31a,Opsiphanes cassina,0,EP40G31a,-90.34315403,16.24291599,139.707794
G31a,Opsiphanes cassina,0,EP41G31a,-90.34404502,16.24342502,140.223297
G31a,Opsiphanes cassina,0,EP42G31a,-90.34225599,16.24341303,138.568909
G31a,Opsiphanes cassina,0,EP43G31a,-90.34313802,16.24392601,142.719086
G31a,Opsiphanes cassina,0,EP44G31a,-90.34395802,16.24437603,140.724884
G31a,Opsiphanes cassina,0,EP39G31a,-90.34494599,16.24292596,139.390961
G31a,Opsiphanes cassina,0,EP46G31a,-90.34225398,16.24439104,141.95726
G31a,Opsiphanes cassina,0,EP45G31a,-90.34135401,16.24387999,137.866699
G31a,Opsiphanes cassina,0,EP47G31a,-90.34321102,16.24492798,141.696777
G31a,Opsiphanes cassina,0,EP48G31a,-90.34128503,16.24483,138.759369
G31a,Opsiphanes cassina,0,EP49G31a,-90.342099,16.24529997,140.585449
G31a,Opsiphanes cassina,0,EP50G31a,-90.343006,16.24583096,137.288559
G31a,Opsiphanes cassina,0,EP51G31a,-90.34229203,16.24643999,133.877686
G31a,Opsiphanes cassina,0,EP52G31a,-90.34298697,16.24682598,128.110504
G32a,Opsiphanes cassina,0,EP1G32a,-90.35411999,16.23205304,152.294312
G32a,Opsiphanes cassina,0,EP2G32a,-90.35166199,16.231572,148.686874
G32a,Opsiphanes cassina,0,EP3G32a,-90.352454,16.23199898,153.091309
G32a,Opsiphanes cassina,0,EP4G32a,-90.35326897,16.23251203,150.827881
G32a,Opsiphanes cassina,0,EP5G32a,-90.35415804,16.23303297,147.092361
G32a,Opsiphanes cassina,0,EP6G32a,-90.35158102,16.23249401,149.508484
G32a,Opsiphanes cassina,0,EP7G32a,-90.352468,16.23302501,148.965302
G32a,Opsiphanes cassina,0,EP8G32a,-90.35322304,16.23345902,147.229019
G32a,Opsiphanes cassina,0,EP9G32a,-90.35156703,16.23341803,147.903641
G32a,Opsiphanes cassina,0,EP10G32a,-90.35238401,16.23393302,144.414932
G32a,Opsiphanes cassina,0,EP11G32a,-90.35314299,16.23437097,141.4655
G32a,Opsiphanes cassina,0,EP12G32a,-90.351606,16.23436997,143.307571
G32a,Opsiphanes cassina,0,EP13G32a,-90.35237898,16.23480901,140.376572
G32a,Opsiphanes cassina,0,EP14G32a,-90.35320996,16.23534302,141.264938
G32a,Opsiphanes cassina,0,EP15G32a,-90.35228301,16.23575801,140.784912
G32a,Opsiphanes cassina,0,EP16G32a,-90.35319303,16.23629001,141.031143
G32a,Opsiphanes cassina,0,EP17G32a,-90.35241997,16.23666996,141.154755
G32a,Opsiphanes cassina,0,EP18G32a,-90.35231402,16.23767101,144.297211
G32b,Opsiphanes cassina,0,EP1G32b,-90.35127299,16.23774301,141.432846
G32b,Opsiphanes cassina,0,EP2G32b,-90.35032701,16.23728201,146.002563
G32b,Opsiphanes cassina,0,EP3G32b,-90.35120904,16.23679603,141.700378
G32b,Opsiphanes cassina,0,EP4G32b,-90.35040798,16.23629596,140.88768
G32b,Opsiphanes cassina,0,EP5G32b,-90.35112002,16.23586404,138.671295
G32b,Opsiphanes cassina,0,EP6G32b,-90.35030496,16.23534897,139.222321
G32b,Opsiphanes cassina,0,EP7G32b,-90.34945504,16.23780403,150.854095
G32b,Opsiphanes cassina,0,EP8G32b,-90.34945303,16.23681497,146.795792
G32b,Opsiphanes cassina,0,EP9G32b,-90.34944297,16.235843,142.656509
G32b,Opsiphanes cassina,0,EP10G32b,-90.34942302,16.23485402,139.516678
G32b,Opsiphanes cassina,0,EP11G32b,-90.34857703,16.23739097,151.289764
G32b,Opsiphanes cassina,0,EP12G32b,-90.34856496,16.23641498,145.216553
G32b,Opsiphanes cassina,0,EP13G32b,-90.348556,16.23543799,142.933929
G32b,Opsiphanes cassina,1,EP14G32b,-90.34683402,16.23749801,154.733032
G32b,Opsiphanes cassina,0,EP15G32b,-90.34770004,16.23700096,150.753113
G32b,Opsiphanes cassina,0,EP16G32b,-90.34696704,16.23643401,150.080978
G32b,Opsiphanes cassina,0,EP17G32b,-90.34784898,16.23593696,145.392624
G32b,Opsiphanes cassina,0,EP18G32b,-90.347751,16.23499802,144.734879
G32b,Opsiphanes cassina,0,EP19G32b,-90.34861802,16.23451598,140.845154
G32b,Opsiphanes cassina,0,EP20G32b,-90.34769501,16.23409596,140.229004
G32b,Opsiphanes cassina,0,EP21G32b,-90.34855499,16.23359498,137.20546
G32b,Opsiphanes cassina,0,EP22G32b,-90.35030496,16.23152498,145.976654
G32b,Opsiphanes cassina,0,EP23G32b,-90.34943199,16.23200501,141.734573
G32b,Opsiphanes cassina,0,EP24G32b,-90.35039498,16.23245998,146.749573
G32b,Opsiphanes cassina,0,EP25G32b,-90.34950701,16.23297304,142.132233
G32b,Opsiphanes cassina,0,EP26G32b,-90.35033396,16.23346397,144.962982
G32b,Opsiphanes cassina,0,EP27G32b,-90.35031997,16.23446401,140.483215
G32b,Opsiphanes cassina,0,EP28G32b,-90.351203,16.23494999,141.472717
G32c,Opsiphanes cassina,0,EP1G32c,-90.345451,16.23751402,150.379349
G32c,Opsiphanes cassina,0,EP2G32c,-90.34550196,16.23649897,149.748474
G32c,Opsiphanes cassina,0,EP3G32c,-90.344631,16.23700398,146.479645
G32c,Opsiphanes cassina,0,EP4G32c,-90.34382902,16.23744202,144.357056
G32c,Opsiphanes cassina,0,EP5G32c,-90.34464098,16.23600704,144.760925
G32c,Opsiphanes cassina,0,EP6G32c,-90.343668,16.23656603,141.612961
G32c,Opsiphanes cassina,0,EP7G32c,-90.34382399,16.235511,140.584137
G32c,Opsiphanes cassina,0,EP8G32c,-90.34366197,16.23451204,139.263336
G32c,Opsiphanes cassina,0,EP9G32c,-90.34367203,16.233628,134.989838
G32c,Opsiphanes cassina,0,EP10G32c,-90.34453402,16.23509601,143.745743
G32c,Opsiphanes cassina,0,EP11G32c,-90.34453503,16.23410904,138.957352
G32c,Opsiphanes cassina,0,EP12G32c,-90.34541002,16.234605,142.665894
G32c,Opsiphanes cassina,0,EP13G32c,-90.34540197,16.233613,136.825073
G32c,Opsiphanes cassina,0,EP14G32c,-90.34549702,16.23538401,147.902084
G32c,Opsiphanes cassina,0,EP15G32c,-90.34630998,16.23605297,150.033905
G32c,Opsiphanes cassina,0,EP16G32c,-90.34638802,16.23512702,146.535492
G32c,Opsiphanes cassina,0,EP17G32c,-90.34638299,16.23414399,140.96257
G32c,Opsiphanes cassina,0,EP18G32c,-90.34702504,16.23354301,136.785492
G32d,Opsiphanes cassina,0,EP1G32d,-90.34694399,16.23212999,139.367218
G32d,Opsiphanes cassina,0,EP2G32d,-90.34782099,16.23064899,147.116455
G32d,Opsiphanes cassina,1,EP3G32d,-90.34693502,16.23114,142.607605
G32d,Opsiphanes cassina,0,EP4G32d,-90.34608099,16.23165398,144.84317
G32d,Opsiphanes cassina,0,EP5G32d,-90.34691398,16.23016602,142.730576
G32d,Opsiphanes cassina,0,EP6G32d,-90.34519401,16.23019502,152.733658
G32d,Opsiphanes cassina,0,EP7G32d,-90.34597898,16.23063499,138.30072
G32d,Opsiphanes cassina,0,EP8G32d,-90.34520097,16.23116699,151.085037
G32d,Opsiphanes cassina,0,EP9G32d,-90.34528001,16.23218799,146.582626
G32d,Opsiphanes cassina,0,EP10G32d,-90.34433001,16.23264204,144.17511
G32d,Opsiphanes cassina,0,EP11G32d,-90.34432498,16.23166102,146.792969
G32d,Opsiphanes cassina,0,EP12G32d,-90.34425901,16.23072401,151.014969
G32d,Opsiphanes cassina,0,EP13G32d,-90.34431802,16.22971499,152.196014
G32d,Opsiphanes cassina,0,EP14G32d,-90.34351403,16.23021699,152.689407
G32d,Opsiphanes cassina,0,EP15G32d,-90.34346198,16.23115098,150.879822
G32d,Opsiphanes cassina,0,EP16G32d,-90.34347698,16.23212596,148.721222
G32d,Opsiphanes cassina,0,EP17G32d,-90.34345997,16.23310899,144.345673
G33b,Opsiphanes cassina,0,EP1G33b,-90.35098298,16.22251402,145.867081
G33b,Opsiphanes cassina,0,EP2G33b,-90.35099404,16.22345799,143.128357
G33b,Opsiphanes cassina,0,EP3G33b,-90.35092003,16.22443398,144.132065
G33b,Opsiphanes cassina,0,EP4G33b,-90.35019902,16.22402301,142.07254
G33b,Opsiphanes cassina,0,EP5G33b,-90.350124,16.22494603,145.082886
G33b,Opsiphanes cassina,0,EP6G33b,-90.350139,16.22592797,147.70961
G33b,Opsiphanes cassina,0,EP7G33b,-90.35005703,16.226869,151.497177
G33b,Opsiphanes cassina,0,EP8G33b,-90.35005501,16.22784499,153.726044
G33b,Opsiphanes cassina,0,EP9G33b,-90.34924599,16.22739396,155.655655
G33b,Opsiphanes cassina,0,EP10G33b,-90.34925597,16.22837699,156.236374
G33b,Opsiphanes cassina,0,EP11G33b,-90.34932998,16.22939799,152.274841
G33b,Opsiphanes cassina,0,EP12G33b,-90.34932797,16.23037096,146.243408
G33b,Opsiphanes cassina,0,EP13G33b,-90.34853697,16.229918,153.250046
G33b,Opsiphanes cassina,0,EP14G33b,-90.35000104,16.23072401,143.902359
G33b,Opsiphanes cassina,0,EP15G33b,-90.35015602,16.22982798,147.705994
G33b,Opsiphanes cassina,0,EP16G33b,-90.35013397,16.228867,150.236847
G33b,Opsiphanes cassina,0,EP17G33b,-90.35093604,16.22930101,149.158157
G33b,Opsiphanes cassina,0,EP18G33b,-90.35093998,16.22832301,151.629684
G33b,Opsiphanes cassina,0,EP19G33b,-90.35101198,16.22739497,149.294769
G33b,Opsiphanes cassina,0,EP20G33b,-90.35190398,16.22591598,144.141449
G33b,Opsiphanes cassina,0,EP21G33b,-90.35187598,16.22494703,138.780838
G33b,Opsiphanes cassina,0,EP22G33b,-90.35186098,16.22397498,136.07106
G33b,Opsiphanes cassina,0,EP23G33b,-90.35187498,16.22299396,136.873306
G33b,Opsiphanes cassina,0,EP24G33b,-90.35273203,16.22348104,135.373276
G34a,Opsiphanes cassina,0,EP1G34a,-90.35620004,16.21474701,147.981934
G34a,Opsiphanes cassina,0,EP2G34a,-90.35620004,16.21572903,148.013641
G34a,Opsiphanes cassina,0,EP3G34a,-90.35620096,16.21669597,144.639252
G34a,Opsiphanes cassina,0,EP4G34a,-90.35707402,16.21623103,146.219833
G34a,Opsiphanes cassina,0,EP5G34a,-90.35707704,16.21728798,145.867828
G34a,Opsiphanes cassina,0,EP6G34a,-90.35555304,16.21716402,144.001083
G34a,Opsiphanes cassina,0,EP7G34a,-90.35605302,16.21777204,144.329605
G34a,Opsiphanes cassina,0,EP8G34a,-90.35692901,16.21826699,146.214798
G34a,Opsiphanes cassina,0,EP9G34a,-90.35613701,16.22065298,152.258041
G34a,Opsiphanes cassina,0,EP10G34a,-90.35546604,16.22005301,152.89325
G34a,Opsiphanes cassina,0,EP11G34a,-90.35641101,16.219535,146.275131
G34a,Opsiphanes cassina,0,EP12G34a,-90.35539202,16.219131,146.256638
G34a,Opsiphanes cassina,0,EP13G34a,-90.35604699,16.21876596,145.949249
G34a,Opsiphanes cassina,0,EP14G34a,-90.35538498,16.21815098,142.031967
G34a,Opsiphanes cassina,0,EP15G34a,-90.35444696,16.21979803,147.804306
G34a,Opsiphanes cassina,0,EP16G34a,-90.354223,16.22065198,150.65448
G34a,Opsiphanes cassina,0,EP17G34a,-90.35442299,16.22174598,153.26297
G34a,Opsiphanes cassina,0,EP18G34a,-90.35441402,16.22269498,149.514923
G34a,Opsiphanes cassina,0,EP19G34a,-90.353562,16.22224001,149.446686
G34a,Opsiphanes cassina,0,EP20G34a,-90.355302,16.22306596,148.514816
G34a,Opsiphanes cassina,0,EP21G34a,-90.35545204,16.22218,152.071014
G34a,Opsiphanes cassina,0,EP22G34a,-90.35560199,16.22126997,151.878448
G34a,Opsiphanes cassina,0,EP23G34a,-90.356164,16.22162101,150.857483
G34b,Opsiphanes cassina,0,EP1G34b,-90.352497,16.22204396,148.391235
G34b,Opsiphanes cassina,0,EP2G34b,-90.35335698,16.22156803,148.917984
G34b,Opsiphanes cassina,0,EP3G34b,-90.35335052,16.22158894,0
G34b,Opsiphanes cassina,0,EP4G34b,-90.35337098,16.22058098,148.056702
G34b,Opsiphanes cassina,0,EP5G34b,-90.35334902,16.21961799,140.961761
G34b,Opsiphanes cassina,0,EP6G34b,-90.35341901,16.21867502,140.128784
G34b,Opsiphanes cassina,0,EP7G34b,-90.354309,16.21914801,141.862015
G34b,Opsiphanes cassina,0,EP8G34b,-90.354238,16.21814797,137.374191
G34b,Opsiphanes cassina,0,EP9G34b,-90.35421101,16.21718396,135.797989
G34b,Opsiphanes cassina,0,EP10G34b,-90.35422199,16.21620596,140.89325
G34b,Opsiphanes cassina,0,EP11G34b,-90.35509396,16.21669496,137.192795
G34b,Opsiphanes cassina,0,EP12G34b,-90.35510897,16.21570297,141.43103
G34b,Opsiphanes cassina,0,EP13G34b,-90.35508499,16.21472798,144.184433
G34b,Opsiphanes cassina,0,EP14G34b,-90.35342798,16.21468498,144.709778
G34b,Opsiphanes cassina,0,EP15G34b,-90.35343703,16.21565301,143.991135
G34b,Opsiphanes cassina,0,EP16G34b,-90.35335103,16.21661098,140.419006
G34b,Opsiphanes cassina,0,EP17G34b,-90.35335396,16.21760298,135.626556
G34b,Opsiphanes cassina,0,EP18G34b,-90.352555,16.21715203,137.273239
G34b,Opsiphanes cassina,0,EP19G34b,-90.35257101,16.218096,140.369919
G34b,Opsiphanes cassina,0,EP20G34b,-90.35248904,16.21902304,144.647095
G34b,Opsiphanes cassina,0,EP21G34b,-90.35254997,16.22003398,147.63797
G34b,Opsiphanes cassina,0,EP22G34b,-90.35169996,16.21957499,148.590088
G34b,Opsiphanes cassina,0,EP23G34b,-90.35169502,16.220556,150.535995
G34b,Opsiphanes cassina,0,EP24G34b,-90.35161103,16.22148103,148.558197
G35a,Opsiphanes cassina,0,EP1G35a,-90.35483102,16.21384696,144.611481
G35a,Opsiphanes cassina,0,EP2G35a,-90.35480998,16.21289,148.165558
G35a,Opsiphanes cassina,0,EP3G35a,-90.35493999,16.21198199,149.124313
G35a,Opsiphanes cassina,0,EP4G35a,-90.35572202,16.21151302,150.218079
G35a,Opsiphanes cassina,0,EP5G35a,-90.35584901,16.21061699,149.430603
G35a,Opsiphanes cassina,0,EP6G35a,-90.35589896,16.20967202,144.938797
G35a,Opsiphanes cassina,0,EP7G35a,-90.35673003,16.21018801,150.008713
G35a,Opsiphanes cassina,0,EP8G35a,-90.35675702,16.20924203,147.086578
G35a,Opsiphanes cassina,0,EP9G35a,-90.35497201,16.21006798,144.961914
G35a,Opsiphanes cassina,0,EP10G35a,-90.35497402,16.211035,146.371567
G35a,Opsiphanes cassina,0,EP11G35a,-90.35420196,16.21055597,141.656082
G35a,Opsiphanes cassina,0,EP12G35a,-90.35419098,16.21151604,145.143784
G35a,Opsiphanes cassina,0,EP13G35a,-90.35408403,16.21242598,143.978241
G35a,Opsiphanes cassina,0,EP14G35a,-90.35323796,16.21191703,140.757233
G35a,Opsiphanes cassina,0,EP15G35a,-90.352411,16.213322,139.813293
G35a,Opsiphanes cassina,0,EP16G35a,-90.35149796,16.21379399,141.487579
G35a,Opsiphanes cassina,0,EP17G35a,-90.35395604,16.21348,146.667664
G35a,Opsiphanes cassina,1,EP18G35a,-90.35316604,16.21389197,145.264481
G36a,Opsiphanes cassina,0,EP1G36a,-90.351074,16.210302,154.675537
G36a,Opsiphanes cassina,0,EP2G36a,-90.35109102,16.20944403,155.817856
G36a,Opsiphanes cassina,0,EP3G36a,-90.35194002,16.20995399,155.309189
G36a,Opsiphanes cassina,0,EP4G36a,-90.35122597,16.208446,153.846878
G36a,Opsiphanes cassina,0,EP5G36a,-90.35198,16.20892704,155.796524
G36a,Opsiphanes cassina,0,EP6G36a,-90.35203801,16.20800201,155.584244
G36a,Opsiphanes cassina,0,EP7G36a,-90.35278399,16.20847299,156.043732
G36a,Opsiphanes cassina,0,EP8G36a,-90.35139101,16.206634,151.355392
G36a,Opsiphanes cassina,0,EP9G36a,-90.35214596,16.20710104,155.858536
G36a,Opsiphanes cassina,0,EP10G36a,-90.35213398,16.20611097,154.825119
G36a,Opsiphanes cassina,0,EP11G36a,-90.35293998,16.20663098,157.521561
G49a,Opsiphanes cassina,0,EP1G49a,-90.357229,16.18095403,147.968445
G49a,Opsiphanes cassina,0,EP2G49a,-90.35677403,16.18062898,148.122757
G49a,Opsiphanes cassina,0,EP3G49a,-90.35605403,16.18070802,147.541748
G50a,Opsiphanes cassina,0,EP1G50a,-90.35697302,16.18009999,147.782104
G50a,Opsiphanes cassina,0,EP2G50a,-90.35703798,16.17913096,149.957458
G50a,Opsiphanes cassina,0,EP3G50a,-90.356999,16.178145,148.434128
G51a,Opsiphanes cassina,0,EP1G51a,-90.35702004,16.177326,131.136398
G51a,Opsiphanes cassina,0,EP2G51a,-90.35700303,16.17635999,131.089645
G51a,Opsiphanes cassina,0,EP3G51a,-90.35698601,16.17386797,133.498672
G51a,Opsiphanes cassina,0,EP4G51a,-90.35613298,16.17433098,134.577805
G53a,Opsiphanes cassina,0,EP1G53a,-90.35694201,16.16985002,160.51088
G53a,Opsiphanes cassina,0,EP2G53a,-90.35699196,16.17084696,158.7612
G53a,Opsiphanes cassina,0,EP3G53a,-90.35697201,16.17179403,158.598694
G53a,Opsiphanes cassina,0,EP4G53a,-90.35609401,16.17033902,162.974289
G53a,Opsiphanes cassina,0,EP5G53a,-90.35609803,16.17132599,166.317505
G53a,Opsiphanes cassina,0,EP6G53a,-90.356121,16.17230298,158.510132
G54a,Opsiphanes cassina,0,EP1G54a,-90.35694301,16.16699296,167.263931
G54a,Opsiphanes cassina,0,EP2G54a,-90.35695801,16.16795403,166.215942
G54a,Opsiphanes cassina,0,EP3G54a,-90.35697604,16.16893798,163.47525
G54a,Opsiphanes cassina,0,EP4G54a,-90.356078,16.16747903,159.639694
G54a,Opsiphanes cassina,0,EP5G54a,-90.356064,16.16845502,158.922882
G54a,Opsiphanes cassina,0,EP6G54a,-90.35521299,16.16691501,166.144028
G54a,Opsiphanes cassina,0,EP7G54a,-90.35521399,16.16797398,160.53064
G54a,Opsiphanes cassina,0,EP8G54a,-90.35519899,16.16884603,156.934326
G54a,Opsiphanes cassina,0,EP9G54a,-90.35433196,16.167489,161.452362
G54a,Opsiphanes cassina,0,EP10G54a,-90.35345497,16.16693202,156.375168
G54a,Opsiphanes cassina,0,EP11G54a,-90.35345396,16.16798596,159.1707
G54a,Opsiphanes cassina,0,EP12G54a,-90.352583,16.16751197,157.072754
G54a,Opsiphanes cassina,0,EP13G54a,-90.35258702,16.16848703,153.857941
G54a,Opsiphanes cassina,0,EP14G54a,-90.352584,16.16938499,157.401367
G54a,Opsiphanes cassina,0,EP15G54a,-90.35172704,16.16701199,162.256927
G54a,Opsiphanes cassina,0,EP16G54a,-90.35171698,16.16801497,158.399139
G54a,Opsiphanes cassina,0,EP17G54a,-90.35170801,16.16890303,151.097687
G54a,Opsiphanes cassina,0,EP18G54a,-90.35170902,16.16995797,151.345703
G54a,Opsiphanes cassina,0,EP19G54a,-90.35172704,16.17093799,150.091965
G54a,Opsiphanes cassina,0,EP20G54a,-90.350815,16.16742999,159.491608
G54a,Opsiphanes cassina,0,EP21G54a,-90.35083101,16.16842501,157.857315
G54a,Opsiphanes cassina,0,EP22G54a,-90.35082003,16.16949496,151.010498
G54a,Opsiphanes cassina,0,EP23G54a,-90.35083302,16.17045603,150.443863
G54a,Opsiphanes cassina,0,EP24G54a,-90.34994496,16.16791598,153.352188
G54a,Opsiphanes cassina,0,EP25G54a,-90.349075,16.16742798,152.191284
G55a,Opsiphanes cassina,0,EP1G55a,-90.35695801,16.16423397,168.337265
G55a,Opsiphanes cassina,0,EP2G55a,-90.35695198,16.16522103,166.425629
G55a,Opsiphanes cassina,0,EP3G55a,-90.356955,16.16617396,163.909821
G55a,Opsiphanes cassina,0,EP4G55a,-90.35608596,16.16473798,168.700089
G55a,Opsiphanes cassina,0,EP5G55a,-90.35608102,16.16572503,163.040588
G55a,Opsiphanes cassina,0,EP6G55a,-90.35519597,16.16425199,170.686966
G55a,Opsiphanes cassina,0,EP7G55a,-90.35519999,16.16521298,170.172699
G55a,Opsiphanes cassina,0,EP8G55a,-90.35520997,16.16627497,166.439407
G55a,Opsiphanes cassina,0,EP9G55a,-90.35431797,16.16474703,165.385818
G55a,Opsiphanes cassina,0,EP10G55a,-90.35431897,16.165719,162.333771
G55a,Opsiphanes cassina,0,EP11G55a,-90.35344499,16.16417103,172.923492
G55a,Opsiphanes cassina,0,EP12G55a,-90.35347098,16.165231,166.598389
G55a,Opsiphanes cassina,0,EP13G55a,-90.35346,16.16620699,161.158829
G55a,Opsiphanes cassina,0,EP14G55a,-90.35257998,16.16474301,165.817337
G55a,Opsiphanes cassina,0,EP15G55a,-90.352555,16.16571799,165.539398
G55a,Opsiphanes cassina,0,EP16G55a,-90.35169703,16.16523502,161.208893
G55a,Opsiphanes cassina,0,EP17G55a,-90.35173299,16.16621001,160.77092
G55a,Opsiphanes cassina,0,EP18G55a,-90.35083604,16.16573098,157.772919
G55a,Opsiphanes cassina,0,EP19G55a,-90.34995804,16.16623096,161.268524
G56a,Opsiphanes cassina,0,EP1G56a,-90.35696103,16.16205904,150.753372
G56a,Opsiphanes cassina,0,EP2G56a,-90.35694402,16.16302103,153.574539
G56a,Opsiphanes cassina,0,EP3G56a,-90.35605897,16.16156702,155.081177
G56a,Opsiphanes cassina,0,EP4G56a,-90.35608102,16.162542,158.635468
G56a,Opsiphanes cassina,0,EP5G56a,-90.35607297,16.16358697,163.168091
G56a,Opsiphanes cassina,0,EP6G56a,-90.35519999,16.16302698,158.282883
G56a,Opsiphanes cassina,0,EP7G56a,-90.35434001,16.16351397,160.036667
H28a,Opsiphanes cassina,0,EP1H28a,-90.33949197,16.227761,151.524139
H28a,Opsiphanes cassina,0,EP2H28a,-90.33947797,16.22877404,154.813705
H28a,Opsiphanes cassina,0,EP3H28a,-90.33932802,16.22967501,158.1828
H28a,Opsiphanes cassina,0,EP4H28a,-90.33862,16.23021103,157.784805
H28a,Opsiphanes cassina,0,EP5H28a,-90.338605,16.23120999,156.886642
H28a,Opsiphanes cassina,0,EP6H28a,-90.33856301,16.23212798,154.133942
H28a,Opsiphanes cassina,0,EP7H28a,-90.33791902,16.23269702,154.784134
H28a,Opsiphanes cassina,0,EP8H28a,-90.33775901,16.23359397,149.742599
H28a,Opsiphanes cassina,0,EP9H28a,-90.33783797,16.23464699,146.214706
H29a,Opsiphanes cassina,0,EP1H29a,-90.34568201,16.22817901,150.112167
H29a,Opsiphanes cassina,0,EP2H29a,-90.34571403,16.22907604,144.935562
H29a,Opsiphanes cassina,0,EP3H29a,-90.34482102,16.22772002,151.441895
H29a,Opsiphanes cassina,0,EP4H29a,-90.34483904,16.22868503,147.645416
H29a,Opsiphanes cassina,0,EP5H29a,-90.34396296,16.228177,149.37468
H29a,Opsiphanes cassina,1,EP6H29a,-90.34309703,16.22769596,154.082794
H29a,Opsiphanes cassina,1,EP7H29a,-90.34308203,16.22867103,153.538132
H29a,Opsiphanes cassina,0,EP8H29a,-90.34223202,16.227199,154.815918
H29a,Opsiphanes cassina,0,EP9H29a,-90.34223302,16.22818496,156.566208
H29a,Opsiphanes cassina,0,EP10H29a,-90.34131504,16.22671,153.671722
H29a,Opsiphanes cassina,0,EP11H29a,-90.34132702,16.22761197,155.753723
H29a,Opsiphanes cassina,0,EP12H29a,-90.340461,16.22631596,151.323257
H29a,Opsiphanes cassina,0,EP13H29a,-90.34044902,16.22722599,153.537231
H30a,Opsiphanes cassina,0,EP1H30a,-90.34648399,16.22563804,155.648514
H30a,Opsiphanes cassina,0,EP2H30a,-90.34558997,16.22515398,156.645721
H30a,Opsiphanes cassina,0,EP3H30a,-90.34559299,16.22606702,156.217758
H30a,Opsiphanes cassina,0,EP4H30a,-90.34558997,16.22710001,155.358185
H30a,Opsiphanes cassina,0,EP5H30a,-90.34471599,16.22473002,155.483185
H30a,Opsiphanes cassina,0,EP6H30a,-90.34472899,16.22564499,156.383301
H30a,Opsiphanes cassina,0,EP7H30a,-90.34474298,16.22661201,153.073792
H30a,Opsiphanes cassina,0,EP8H30a,-90.34383799,16.22514501,154.519012
H30a,Opsiphanes cassina,0,EP9H30a,-90.34385199,16.22614698,151.723724
H30a,Opsiphanes cassina,0,EP10H30a,-90.34385299,16.226955,152.761536
H30a,Opsiphanes cassina,0,EP11H30a,-90.34298899,16.22465501,153.177216
H30a,Opsiphanes cassina,0,EP12H30a,-90.34296602,16.22563703,150.614059
H30a,Opsiphanes cassina,0,EP13H30a,-90.34296803,16.22652903,152.025253
H30a,Opsiphanes cassina,0,EP14H30a,-90.34209204,16.22418101,153.314392
H30a,Opsiphanes cassina,0,EP15H30a,-90.34208902,16.22513504,149.200455
H30a,Opsiphanes cassina,0,EP16H30a,-90.34212599,16.22612896,149.881393
H30a,Opsiphanes cassina,0,EP17H30a,-90.341222,16.22368203,153.212997
H30a,Opsiphanes cassina,0,EP18H30a,-90.34124899,16.22457303,150.388596
H30a,Opsiphanes cassina,0,EP19H30a,-90.34122703,16.22564399,148.229584
H30a,Opsiphanes cassina,0,EP20H30a,-90.34035003,16.22515096,150.518143
H31a,Opsiphanes cassina,0,EP1H31a,-90.34720902,16.22295599,148.361328
H31a,Opsiphanes cassina,0,EP2H31a,-90.34633404,16.22244897,148.587936
H31a,Opsiphanes cassina,0,EP3H31a,-90.34635399,16.22340803,151.558472
H31a,Opsiphanes cassina,0,EP4H31a,-90.34634602,16.22441403,154.555176
H31a,Opsiphanes cassina,0,EP5H31a,-90.34547003,16.22204203,143.124451
H31a,Opsiphanes cassina,0,EP6H31a,-90.34546198,16.22286396,147.532104
H31a,Opsiphanes cassina,0,EP7H31a,-90.34546399,16.22392704,152.484009
H31a,Opsiphanes cassina,0,EP8H31a,-90.34461399,16.222482,143.494644
H31a,Opsiphanes cassina,0,EP9H31a,-90.34462698,16.22342203,146.868607
H31a,Opsiphanes cassina,0,EP10H31a,-90.34460703,16.22432099,151.175507
H31a,Opsiphanes cassina,0,EP11H31a,-90.34370899,16.22197598,146.061478
H31a,Opsiphanes cassina,0,EP12H31a,-90.34370002,16.22296404,145.660065
H31a,Opsiphanes cassina,0,EP13H31a,-90.34372098,16.22391304,148.45752
H31a,Opsiphanes cassina,0,EP14H31a,-90.34282998,16.22148103,142.767136
H31a,Opsiphanes cassina,0,EP15H31a,-90.34282596,16.22246901,149.388901
H31a,Opsiphanes cassina,0,EP16H31a,-90.34285697,16.22352999,150.739471
H31a,Opsiphanes cassina,0,EP17H31a,-90.34194703,16.22102497,140.365265
H31a,Opsiphanes cassina,0,EP18H31a,-90.34196799,16.22198797,145.854645
H31a,Opsiphanes cassina,0,EP19H31a,-90.34194896,16.22295901,150.620026
H32a,Opsiphanes cassina,0,EP1H32a,-90.34771303,16.22161397,143.674561
H32a,Opsiphanes cassina,0,EP2H32a,-90.34685397,16.22209199,147.249466
H32a,Opsiphanes cassina,0,EP3H32a,-90.34685296,16.22111499,142.428741
H32a,Opsiphanes cassina,0,EP4H32a,-90.34597403,16.221634,144.964478
H32a,Opsiphanes cassina,0,EP5H32a,-90.34505596,16.22120401,148.945679
H32a,Opsiphanes cassina,0,EP6H32a,-90.34421098,16.22063898,154.543411
H32a,Opsiphanes cassina,0,EP7H32a,-90.343337,16.220181,152.887589
H32a,Opsiphanes cassina,0,EP8H32a,-90.34244601,16.22065499,149.495453
H32a,Opsiphanes cassina,0,EP9H32a,-90.34245204,16.21967004,147.989136
H35a,Opsiphanes cassina,0,EP1H35a,-90.352095,16.21233503,140.530365
H35a,Opsiphanes cassina,0,EP2H35a,-90.35040697,16.21228701,145.758575
H35a,Opsiphanes cassina,0,EP3H35a,-90.35118598,16.21193002,145.358459
H35a,Opsiphanes cassina,0,EP4H35a,-90.352137,16.211409,143.691315
H35a,Opsiphanes cassina,0,EP5H35a,-90.35298499,16.21099502,142.101715
H35a,Opsiphanes cassina,0,EP6H35a,-90.35044201,16.21134496,146.339508
H35a,Opsiphanes cassina,0,EP7H35a,-90.35130803,16.21090198,147.153458
H35a,Opsiphanes cassina,0,EP8H35a,-90.35211797,16.21051901,152.277298
H35a,Opsiphanes cassina,0,EP9H35a,-90.34957197,16.21177403,147.432953
H35a,Opsiphanes cassina,0,EP10H35a,-90.34941497,16.21263997,147.450043
H35a,Opsiphanes cassina,0,EP11H35a,-90.34866697,16.21313701,146.24295
H35a,Opsiphanes cassina,0,EP12H35a,-90.34946099,16.21361797,144.947708
H35a,Opsiphanes cassina,0,EP13H35a,-90.35036799,16.21321597,143.312561
H36a,Opsiphanes cassina,0,EP1H36a,-90.34813598,16.20570604,152.939331
H36a,Opsiphanes cassina,0,EP2H36a,-90.34895799,16.20622203,152.108688
H36a,Opsiphanes cassina,0,EP3H36a,-90.34889303,16.20723196,149.181839
H36a,Opsiphanes cassina,0,EP4H36a,-90.349794,16.205714,154.556915
H36a,Opsiphanes cassina,0,EP5H36a,-90.34974497,16.206735,150.551376
H36a,Opsiphanes cassina,0,EP6H36a,-90.34970096,16.20767201,148.609406
H36a,Opsiphanes cassina,0,EP7H36a,-90.35060604,16.20631004,151.891495
H36a,Opsiphanes cassina,0,EP8H36a,-90.35057704,16.20722802,146.497803
H36a,Opsiphanes cassina,0,EP9H36a,-90.35053002,16.20816696,150.383057
H36a,Opsiphanes cassina,0,EP10H36a,-90.34966299,16.20858598,148.698105
H36a,Opsiphanes cassina,0,EP11H36a,-90.348916,16.20815598,150.470642
H36a,Opsiphanes cassina,0,EP12H36a,-90.34879999,16.20903298,149.033035
H36a,Opsiphanes cassina,0,EP13H36a,-90.35041602,16.20913298,150.288559
H36a,Opsiphanes cassina,0,EP14H36a,-90.34960901,16.20954604,148.66983
H36a,Opsiphanes cassina,0,EP15H36a,-90.35038702,16.21009396,150.912186
H36a,Opsiphanes cassina,0,EP16H36a,-90.34957599,16.21048699,149.901352
H37a,Opsiphanes cassina,0,EP1H37a,-90.35317702,16.20498201,156.46907
H37a,Opsiphanes cassina,0,EP2H37a,-90.35322798,16.203974,150.777908
H37a,Opsiphanes cassina,0,EP3H37a,-90.35233498,16.20446996,156.321747
H37a,Opsiphanes cassina,0,EP4H37a,-90.35146703,16.20489299,155.639984
H37a,Opsiphanes cassina,0,EP5H37a,-90.35152202,16.20396503,154.00824
H37a,Opsiphanes cassina,0,EP6H37a,-90.35066103,16.20454104,154.539062
H37a,Opsiphanes cassina,0,EP7H37a,-90.34981403,16.20482502,155.57019
H37a,Opsiphanes cassina,0,EP8H37a,-90.34986198,16.20389697,150.20549
H37a,Opsiphanes cassina,0,EP9H37a,-90.34897199,16.20430198,153.256363
H37a,Opsiphanes cassina,0,EP10H37a,-90.348125,16.20466903,156.364975
H40a,Opsiphanes cassina,0,EP1H40a,-90.33333203,16.20498301,142.620972
H40a,Opsiphanes cassina,1,EP2H40a,-90.33329104,16.20586596,145.326965
H40a,Opsiphanes cassina,0,EP3H40a,-90.33252896,16.20539297,140.107407
H40a,Opsiphanes cassina,0,EP4H40a,-90.33316498,16.20667398,148.441574
H40a,Opsiphanes cassina,0,EP5H40a,-90.33242896,16.20620702,137.991592
H40a,Opsiphanes cassina,0,EP6H40a,-90.33181398,16.20672402,136.796783
H40a,Opsiphanes cassina,2,EP7H40a,-90.33484899,16.20692099,151.937241
H40a,Opsiphanes cassina,0,EP8H40a,-90.33416502,16.20642001,150.563965
H40a,Opsiphanes cassina,0,EP9H40a,-90.33497396,16.20602497,147.36116
H40a,Opsiphanes cassina,0,EP10H40a,-90.33413401,16.205513,145.454514
H40a,Opsiphanes cassina,0,EP11H40a,-90.33669502,16.20612597,151.925079
H40a,Opsiphanes cassina,0,EP12H40a,-90.33582003,16.20558098,146.970001
H40a,Opsiphanes cassina,0,EP13H40a,-90.33654297,16.207009,154.396606
H40a,Opsiphanes cassina,0,EP14H40a,-90.33585297,16.20658304,150.210526
H40a,Opsiphanes cassina,0,EP15H40a,-90.33573202,16.20744897,155.350922
H40a,Opsiphanes cassina,0,EP16H40a,-90.337512,16.20567704,152.888565
H40a,Opsiphanes cassina,0,EP17H40a,-90.33746699,16.20652696,157.199173
H40a,Opsiphanes cassina,0,EP18H40a,-90.33833996,16.206159,158.139603
H40a,Opsiphanes cassina,0,EP19H40a,-90.33826998,16.207094,159.662354
H40a,Opsiphanes cassina,0,EP20H40a,-90.33916902,16.205814,155.208527
H40a,Opsiphanes cassina,0,EP21H40a,-90.339123,16.20683801,160.189178
H40a,Opsiphanes cassina,0,EP22H40a,-90.33910104,16.20762398,163.813171
H40a,Opsiphanes cassina,0,EP23H40a,-90.33998902,16.20623996,156.907715
H40a,Opsiphanes cassina,0,EP24H40a,-90.33994904,16.207196,163.005615
H40a,Opsiphanes cassina,0,EP25H40a,-90.34082796,16.20677498,158.037598
H40a,Opsiphanes cassina,0,EP26H40a,-90.34079301,16.20777796,160.149155
H40a,Opsiphanes cassina,0,EP27H40a,-90.34167202,16.20645203,154.36377
H40a,Opsiphanes cassina,0,EP28H40a,-90.34161896,16.20748602,157.666214
H40a,Opsiphanes cassina,0,EP29H40a,-90.34158703,16.208187,157.886536
H41a,Opsiphanes cassina,0,EP1H41a,-90.33245796,16.20421498,135.785507
H41a,Opsiphanes cassina,0,EP2H41a,-90.33249803,16.20338098,135.196365
H41a,Opsiphanes cassina,0,EP3H41a,-90.33327201,16.20380997,137.41832
H41a,Opsiphanes cassina,0,EP4H41a,-90.33410903,16.20432696,138.166229
H41a,Opsiphanes cassina,0,EP5H41a,-90.33414298,16.20345499,141.833649
H41a,Opsiphanes cassina,0,EP6H41a,-90.334953,16.20473701,140.533081
H41a,Opsiphanes cassina,0,EP7H41a,-90.33500397,16.20386797,142.966049
H41a,Opsiphanes cassina,0,EP8H41a,-90.33582204,16.20424599,144.034378
H41a,Opsiphanes cassina,0,EP9H41a,-90.33586898,16.20352297,147.297195
H41a,Opsiphanes cassina,0,EP10H41a,-90.33662796,16.20483197,144.973312
H41a,Opsiphanes cassina,0,EP11H41a,-90.33664104,16.20390099,148.849304
H41a,Opsiphanes cassina,0,EP12H41a,-90.33748602,16.20448002,148.155121
H41a,Opsiphanes cassina,0,EP13H41a,-90.33833301,16.20491001,150.789688
H41a,Opsiphanes cassina,0,EP14H41a,-90.33836,16.20404801,149.69397
H41a,Opsiphanes cassina,0,EP15H41a,-90.33922803,16.20453802,150.133316
H41a,Opsiphanes cassina,0,EP16H41a,-90.33996597,16.20501101,147.654633
H41a,Opsiphanes cassina,0,EP17H41a,-90.34005096,16.20411398,144.561356
H41a,Opsiphanes cassina,0,EP18H41a,-90.34081598,16.20546799,152.992126
H41a,Opsiphanes cassina,0,EP19H41a,-90.34083601,16.20448798,149.325134
H41a,Opsiphanes cassina,0,EP20H41a,-90.341712,16.20507304,150.341736
I27a,Opsiphanes cassina,0,EP1I27a,-90.33685402,16.23370302,101.470924
I27a,Opsiphanes cassina,0,EP2I27a,-90.33688897,16.23465302,101.193016
I27a,Opsiphanes cassina,0,EP3I27a,-90.33602597,16.233282,112.775391
I27a,Opsiphanes cassina,0,EP4I27a,-90.336046,16.234189,106.850372
I27a,Opsiphanes cassina,0,EP5I27a,-90.33600602,16.23516298,101.876396
I27a,Opsiphanes cassina,0,EP6I27a,-90.33515601,16.233685,116.445099
I27a,Opsiphanes cassina,0,EP7I27a,-90.335154,16.23467004,113.113678
I27a,Opsiphanes cassina,0,EP8I27a,-90.33426703,16.233226,127.407135
I27a,Opsiphanes cassina,0,EP9I27a,-90.33427499,16.23425497,117.973061
I27a,Opsiphanes cassina,0,EP10I27a,-90.33339003,16.23272602,129.251022
I27a,Opsiphanes cassina,0,EP11I27a,-90.33338601,16.23375298,127.53595
I27a,Opsiphanes cassina,0,EP12I27a,-90.333399,16.23469703,122.681038
I27a,Opsiphanes cassina,0,EP13I27a,-90.33251697,16.23313498,131.82048
I27a,Opsiphanes cassina,0,EP14I27a,-90.33251798,16.23419797,126.841087
I27a,Opsiphanes cassina,0,EP15I27a,-90.331631,16.23274002,131.881653
I27a,Opsiphanes cassina,0,EP16I27a,-90.33163997,16.23371702,130.222168
I27a,Opsiphanes cassina,0,EP17I27a,-90.33166001,16.23469502,125.694366
I27a,Opsiphanes cassina,0,EP18I27a,-90.33076499,16.23225597,133.389328
I27a,Opsiphanes cassina,0,EP19I27a,-90.33077496,16.23324302,132.698151
I27a,Opsiphanes cassina,0,EP20I27a,-90.33076398,16.23421499,131.664597
I27a,Opsiphanes cassina,0,EP21I27a,-90.32988204,16.23174802,129.793457
I27a,Opsiphanes cassina,0,EP22I27a,-90.32989997,16.23274203,131.678146
I27a,Opsiphanes cassina,0,EP23I27a,-90.32991297,16.23381098,131.641541
I27a,Opsiphanes cassina,0,EP24I27a,-90.32901803,16.23227097,131.017609
I27a,Opsiphanes cassina,0,EP25I27a,-90.329012,16.23323799,130.262878
I27a,Opsiphanes cassina,0,EP26I27a,-90.32813801,16.23170704,131.27478
I27a,Opsiphanes cassina,0,EP27I27a,-90.32814296,16.23275704,131.355011
I27a,Opsiphanes cassina,0,EP28I27a,-90.32815201,16.23371903,132.055283
I27a,Opsiphanes cassina,0,EP29I27a,-90.32725004,16.23129599,131.58078
I27a,Opsiphanes cassina,0,EP30I27a,-90.32726001,16.23228002,132.500107
I27a,Opsiphanes cassina,0,EP31I27a,-90.32723797,16.23324604,130.549316
I27a,Opsiphanes cassina,0,EP32I27a,-90.32638703,16.23089902,131.995056
I27a,Opsiphanes cassina,0,EP33I27a,-90.32638896,16.23179102,132.023972
I27a,Opsiphanes cassina,0,EP34I27a,-90.32640204,16.23284999,131.694397
I27a,Opsiphanes cassina,0,EP35I27a,-90.32549897,16.23129699,132.504868
I27a,Opsiphanes cassina,0,EP36I27a,-90.32551599,16.23235999,131.352783
I27a,Opsiphanes cassina,0,EP37I27a,-90.32550802,16.23325199,131.590088
I27a,Opsiphanes cassina,0,EP38I27a,-90.32460404,16.23081302,132.686172
I27a,Opsiphanes cassina,0,EP40I27a,-90.32463698,16.23275796,132.865402
I27a,Opsiphanes cassina,0,EP41I27a,-90.32374799,16.23032897,131.725845
I27a,Opsiphanes cassina,0,EP42I27a,-90.32376098,16.231312,131.942307
I27a,Opsiphanes cassina,0,EP43I27a,-90.32375101,16.23228304,132.840515
I27a,Opsiphanes cassina,0,EP39I27a,-90.32463698,16.23179999,133.167755
I28a,Opsiphanes cassina,0,EP1I28a,-90.33592002,16.23252603,148.054932
I28a,Opsiphanes cassina,0,EP2I28a,-90.33505099,16.23212202,149.733261
I28a,Opsiphanes cassina,0,EP3I28a,-90.33419503,16.23179404,150.914185
I28a,Opsiphanes cassina,0,EP4I28a,-90.33329699,16.23205204,149.628647
I28a,Opsiphanes cassina,0,EP5I28a,-90.33243097,16.23154904,145.364029
I28a,Opsiphanes cassina,0,EP6I28a,-90.33153503,16.231083,143.692047
I28a,Opsiphanes cassina,1,EP7I28a,-90.33069198,16.23147704,140.201447
I28a,Opsiphanes cassina,0,EP8I28a,-90.32980903,16.23106398,136.552719
I28a,Opsiphanes cassina,0,EP9I28a,-90.32890303,16.23058403,135.506256
I28a,Opsiphanes cassina,0,EP10I28a,-90.32805696,16.23100103,134.266403
I28a,Opsiphanes cassina,0,EP11I28a,-90.32804799,16.23010701,134.326569
I28a,Opsiphanes cassina,0,EP12I28a,-90.327186,16.23060004,134.36763
I28a,Opsiphanes cassina,0,EP13I28a,-90.32717703,16.22962397,133.333344
I28a,Opsiphanes cassina,0,EP14I28a,-90.32629299,16.23013099,132.352203
I28a,Opsiphanes cassina,0,EP15I28a,-90.32629902,16.22913497,131.673431
I28a,Opsiphanes cassina,0,EP16I28a,-90.32542697,16.22946002,132.16951
I28a,Opsiphanes cassina,0,EP17I28a,-90.32452902,16.23003996,131.79567
I28a,Opsiphanes cassina,0,EP18I28a,-90.32455299,16.22914603,131.661804
I28a,Opsiphanes cassina,0,EP19I28a,-90.32368002,16.22955398,129.80191
I28a,Opsiphanes cassina,0,EP20I28a,-90.32365697,16.228595,130.949265
I29a,Opsiphanes cassina,0,EP1I29a,-90.34163103,16.21955303,136.020599
I29a,Opsiphanes cassina,0,EP2I29a,-90.34078002,16.21907501,136.540146
I29a,Opsiphanes cassina,0,EP3I29a,-90.34169096,16.22052801,140.565125
I29a,Opsiphanes cassina,0,EP4I29a,-90.34077097,16.22004001,139.261185
I29a,Opsiphanes cassina,0,EP5I29a,-90.34068497,16.22099203,145.620728
I29a,Opsiphanes cassina,0,EP6I29a,-90.340776,16.22198696,148.791473
I29a,Opsiphanes cassina,0,EP7I29a,-90.33988299,16.22151397,144.957733
I29a,Opsiphanes cassina,0,EP8I29a,-90.34069997,16.22293001,155.47258
I29a,Opsiphanes cassina,0,EP9I29a,-90.33980303,16.22242601,151.930496
I29a,Opsiphanes cassina,1,EP10I29a,-90.339928,16.22346201,154.122223
I29a,Opsiphanes cassina,0,EP11I29a,-90.33997402,16.22438,152.180618
I29a,Opsiphanes cassina,0,EP12I29a,-90.33911303,16.22391396,152.934875
I29a,Opsiphanes cassina,0,EP13I29a,-90.33991199,16.22532698,144.670837
I29a,Opsiphanes cassina,0,EP14I29a,-90.33896098,16.22480202,147.244293
I29a,Opsiphanes cassina,0,EP15I29a,-90.33904396,16.225919,142.822189
I29a,Opsiphanes cassina,0,EP16I29a,-90.33918897,16.22696003,142.483948
I29a,Opsiphanes cassina,0,EP17I29a,-90.33826402,16.22641001,142.093704
I29a,Opsiphanes cassina,0,EP18I29a,-90.33897498,16.22781004,145.627213
I29a,Opsiphanes cassina,0,EP19I29a,-90.33811902,16.22728902,142.438217
I29a,Opsiphanes cassina,0,EP20I29a,-90.33817501,16.22832402,147.726257
I29a,Opsiphanes cassina,0,EP21I29a,-90.33817903,16.22928601,153.040634
I29a,Opsiphanes cassina,0,EP22I29a,-90.337369,16.22887999,148.777725
I29a,Opsiphanes cassina,0,EP23I29a,-90.33729298,16.22981097,147.117874
I29a,Opsiphanes cassina,0,EP24I29a,-90.33732601,16.23078897,152.587418
I29a,Opsiphanes cassina,0,EP25I29a,-90.33732902,16.23175599,151.3125
I29a,Opsiphanes cassina,0,EP26I29a,-90.33731603,16.232722,152.989395
I29a,Opsiphanes cassina,0,EP27I29a,-90.33642998,16.23225404,152.393982
I40a,Opsiphanes cassina,0,EP1I40a,-90.33066097,16.20462301,138.668686
I40a,Opsiphanes cassina,0,EP2I40a,-90.331415,16.20506901,133.602417
I40a,Opsiphanes cassina,0,EP3I40a,-90.33060296,16.20555198,136.572327
I40a,Opsiphanes cassina,0,EP4I40a,-90.32955598,16.20691697,131.593719
I40a,Opsiphanes cassina,0,EP5I40a,-90.32869197,16.20741896,131.830734
I40a,Opsiphanes cassina,0,EP6I40a,-90.32713696,16.20727597,134.843796
I40a,Opsiphanes cassina,0,EP7I40a,-90.32713101,16.20630702,142.69043
I40a,Opsiphanes cassina,0,EP8I40a,-90.32788203,16.20678697,136.595245
I40a,Opsiphanes cassina,0,EP9I40a,-90.327158,16.20534,145.121582
I40a,Opsiphanes cassina,0,EP10I40a,-90.32806199,16.20592003,142.024811
I40a,Opsiphanes cassina,0,EP11I40a,-90.32724199,16.20449703,147.409683
I40a,Opsiphanes cassina,0,EP12I40a,-90.32804003,16.204995,151.127548
I40a,Opsiphanes cassina,0,EP13I40a,-90.32888501,16.20451103,153.971573
I40a,Opsiphanes cassina,0,EP14I40a,-90.32883899,16.20600603,141.455994
I40a,Opsiphanes cassina,0,EP15I40a,-90.32976503,16.20470298,150.671875
I40a,Opsiphanes cassina,0,EP16I40a,-90.32969302,16.20565298,144.309143
I41a,Opsiphanes cassina,0,EP1I41a,-90.32747903,16.20353404,149.455048
I41a,Opsiphanes cassina,0,EP2I41a,-90.32752697,16.20268101,151.818527
I41a,Opsiphanes cassina,0,EP3I41a,-90.328337,16.20303397,152.547394
I41a,Opsiphanes cassina,0,EP4I41a,-90.329142,16.20360101,146.878128
I41a,Opsiphanes cassina,0,EP5I41a,-90.32919397,16.20266802,147.920197
I41a,Opsiphanes cassina,0,EP6I41a,-90.32999502,16.20393796,142.272751
I41a,Opsiphanes cassina,0,EP7I41a,-90.33001699,16.20319398,140.392548
I41a,Opsiphanes cassina,0,EP8I41a,-90.33083296,16.20368399,137.298004
I41a,Opsiphanes cassina,0,EP9I41a,-90.33085803,16.20291897,136.503418
M10a,Opsiphanes cassina,0,EP1M10a,,,
M10a,Opsiphanes cassina,0,EP3M10a,,,
M10a,Opsiphanes cassina,0,EP5M10a,,,
M10a,Opsiphanes cassina,0,EP7M10a,,,
M10a,Opsiphanes cassina,0,EP9M10a,,,
M10a,Opsiphanes cassina,0,EP11M10a,,,
M10a,Opsiphanes cassina,0,EP13M10a,,,
M10a,Opsiphanes cassina,0,EP15M10a,,,
M10a,Opsiphanes cassina,0,EP17M10a,,,
M10a,Opsiphanes cassina,0,EP19M10a,,,
M10a,Opsiphanes cassina,0,EP21M10a,,,
M11a,Opsiphanes cassina,0,EP1M11a,,,
M11a,Opsiphanes cassina,0,EP3M11a,,,
M11a,Opsiphanes cassina,0,EP5M11a,,,
M11a,Opsiphanes cassina,0,EP7M11a,,,
M11a,Opsiphanes cassina,0,EP9M11a,,,
M11a,Opsiphanes cassina,0,EP11M11a,,,
M11a,Opsiphanes cassina,0,EP13M11a,,,
M11a,Opsiphanes cassina,0,EP15M11a,,,
M11a,Opsiphanes cassina,0,EP17M11a,,,
M11a,Opsiphanes cassina,0,EP19M11a,,,
M11a,Opsiphanes cassina,0,EP21M11a,,,
M11a,Opsiphanes cassina,0,EP23M11a,,,
M11a,Opsiphanes cassina,0,EP25M11a,,,
M11a,Opsiphanes cassina,0,EP27M11a,,,
M12a,Opsiphanes cassina,0,EP1M12a,,,
M12a,Opsiphanes cassina,0,EP3M12a,,,
M12a,Opsiphanes cassina,0,EP5M12a,,,
M12a,Opsiphanes cassina,0,EP7M12a,,,
M12a,Opsiphanes cassina,0,EP9M12a,,,
M12a,Opsiphanes cassina,0,EP11M12a,,,
M12a,Opsiphanes cassina,0,EP13M12a,,,
M12a,Opsiphanes cassina,0,EP15M12a,,,
M12a,Opsiphanes cassina,0,EP17M12a,,,
M12a,Opsiphanes cassina,0,EP19M12a,,,
M12a,Opsiphanes cassina,0,EP21M12a,,,
M12a,Opsiphanes cassina,0,EP23M12a,,,
M12a,Opsiphanes cassina,0,EP25M12a,,,
M12a,Opsiphanes cassina,0,EP27M12a,,,
M12a,Opsiphanes cassina,0,EP29M12a,,,
M12a,Opsiphanes cassina,0,EP31M12a,,,
M12a,Opsiphanes cassina,0,EP32M12a,,,
M1a,Opsiphanes cassina,0,EP1M1a,,,
M1a,Opsiphanes cassina,0,EP3M1a,,,
M1a,Opsiphanes cassina,0,EP5M1a,,,
M1a,Opsiphanes cassina,0,EP7M1a,,,
M1a,Opsiphanes cassina,0,EP9M1a,,,
M1a,Opsiphanes cassina,0,EP11M1a,,,
M1a,Opsiphanes cassina,0,EP13M1a,,,
M1a,Opsiphanes cassina,0,EP15M1a,,,
M1a,Opsiphanes cassina,0,EP17M1a,,,
M1a,Opsiphanes cassina,0,EP19M1a,,,
M2a,Opsiphanes cassina,0,EP1M2a,,,
M2a,Opsiphanes cassina,0,EP3M2a,,,
M2a,Opsiphanes cassina,0,EP5M2a,,,
M2a,Opsiphanes cassina,0,EP6M2a,,,
M2a,Opsiphanes cassina,0,EP8M2a,,,
M2a,Opsiphanes cassina,0,EP9M2a,,,
M2a,Opsiphanes cassina,0,EP12M2a,,,
M2a,Opsiphanes cassina,0,EP14M2a,,,
M2a,Opsiphanes cassina,0,EP16M2a,,,
M2a,Opsiphanes cassina,0,EP17M2a,,,
M2a,Opsiphanes cassina,0,EP20M2a,,,
M2a,Opsiphanes cassina,0,EP21M2a,,,
M2a,Opsiphanes cassina,0,EP22M2a,,,
M2a,Opsiphanes cassina,0,EP24M2a,,,
M2a,Opsiphanes cassina,0,EP26M2a,,,
M2a,Opsiphanes cassina,0,EP27M2a,,,
M2a,Opsiphanes cassina,0,EP30M2a,,,
M2a,Opsiphanes cassina,0,EP31M2a,,,
M2a,Opsiphanes cassina,0,EP33M2a,,,
M2a,Opsiphanes cassina,0,EP35M2a,,,
M2a,Opsiphanes cassina,0,EP37M2a,,,
M3a,Opsiphanes cassina,0,EP1M3a,,,
M3a,Opsiphanes cassina,0,EP3M3a,,,
M3a,Opsiphanes cassina,0,EP5M3a,,,
M3a,Opsiphanes cassina,0,EP7M3a,,,
M3a,Opsiphanes cassina,0,EP9M3a,,,
M3a,Opsiphanes cassina,0,EP11M3a,,,
M3a,Opsiphanes cassina,0,EP13M3a,,,
M3a,Opsiphanes cassina,0,EP15M3a,,,
M3a,Opsiphanes cassina,0,EP17M3a,,,
M3a,Opsiphanes cassina,0,EP19M3a,,,
M3a,Opsiphanes cassina,0,EP21M3a,,,
M4a,Opsiphanes cassina,0,EP1M4a,,,
M4a,Opsiphanes cassina,0,EP4M4a,,,
M4a,Opsiphanes cassina,0,EP6M4a,,,
M4a,Opsiphanes cassina,0,EP8M4a,,,
M4a,Opsiphanes cassina,0,EP10M4a,,,
M4a,Opsiphanes cassina,0,EP12M4a,,,
M4a,Opsiphanes cassina,0,EP14M4a,,,
M4a,Opsiphanes cassina,0,EP16M4a,,,
M4a,Opsiphanes cassina,0,EP18M4a,,,
M4a,Opsiphanes cassina,0,EP19M4a,,,
M4a,Opsiphanes cassina,0,EP21M4a,,,
M5a,Opsiphanes cassina,0,EP1M5a,,,
M5a,Opsiphanes cassina,0,EP3M5a,,,
M5a,Opsiphanes cassina,0,EP5M5a,,,
M5a,Opsiphanes cassina,0,EP7M5a,,,
M5a,Opsiphanes cassina,0,EP9M5a,,,
M5a,Opsiphanes cassina,0,EP11M5a,,,
M5a,Opsiphanes cassina,0,EP13M5a,,,
M5a,Opsiphanes cassina,0,EP15M5a,,,
M5a,Opsiphanes cassina,0,EP17M5a,,,
M5a,Opsiphanes cassina,0,EP19M5a,,,
M5a,Opsiphanes cassina,0,EP21M5a,,,
M5a,Opsiphanes cassina,0,EP23M5a,,,
M5a,Opsiphanes cassina,0,EP25M5a,,,
M6a,Opsiphanes cassina,0,EP1M6a,,,
M6a,Opsiphanes cassina,0,EP3M6a,,,
M6a,Opsiphanes cassina,0,EP5M6a,,,
M6a,Opsiphanes cassina,0,EP7M6a,,,
M6a,Opsiphanes cassina,0,EP8M6a,,,
M6a,Opsiphanes cassina,0,EP9M6a,,,
M6a,Opsiphanes cassina,0,EP11M6a,,,
M6a,Opsiphanes cassina,0,EP13M6a,,,
M6a,Opsiphanes cassina,0,EP15M6a,,,
M6a,Opsiphanes cassina,0,EP20M6a,,,
M6a,Opsiphanes cassina,0,EP22M6a,,,
M6a,Opsiphanes cassina,0,EP24M6a,,,
M6a,Opsiphanes cassina,0,EP26M6a,,,
M6a,Opsiphanes cassina,0,EP28M6a,,,
M6a,Opsiphanes cassina,0,EP30M6a,,,
M6a,Opsiphanes cassina,0,EP32M6a,,,
M6a,Opsiphanes cassina,0,EP34M6a,,,
M6a,Opsiphanes cassina,0,EP36M6a,,,
M7a,Opsiphanes cassina,0,EP1M7a,,,
M7a,Opsiphanes cassina,0,EP3M7a,,,
M7a,Opsiphanes cassina,0,EP5M7a,,,
M7a,Opsiphanes cassina,0,EP7M7a,,,
M7a,Opsiphanes cassina,0,EP9M7a,,,
M7a,Opsiphanes cassina,0,EP11M7a,,,
M7a,Opsiphanes cassina,0,EP13M7a,,,
M7a,Opsiphanes cassina,0,EP15M7a,,,
M7a,Opsiphanes cassina,0,EP17M7a,,,
M7a,Opsiphanes cassina,0,EP19M7a,,,
M7a,Opsiphanes cassina,0,EP21M7a,,,
M7a,Opsiphanes cassina,0,EP23M7a,,,
M7a,Opsiphanes cassina,0,EP25M7a,,,
M7a,Opsiphanes cassina,0,EP27M7a,,,
M7a,Opsiphanes cassina,0,EP29M7a,,,
M7a,Opsiphanes cassina,0,EP31M7a,,,
M7a,Opsiphanes cassina,0,EP33M7a,,,
M7a,Opsiphanes cassina,0,EP35M7a,,,
M8a,Opsiphanes cassina,0,EP1M8a,,,
M8a,Opsiphanes cassina,0,EP3M8a,,,
M8a,Opsiphanes cassina,0,EP5M8a,,,
M8a,Opsiphanes cassina,0,EP7M8a,,,
M8a,Opsiphanes cassina,0,EP9M8a,,,
M8a,Opsiphanes cassina,0,EP11M8a,,,
M8a,Opsiphanes cassina,0,EP13M8a,,,
M8a,Opsiphanes cassina,0,EP15M8a,,,
M8a,Opsiphanes cassina,0,EP17M8a,,,
M8a,Opsiphanes cassina,0,EP19M8a,,,
M8a,Opsiphanes cassina,0,EP21M8a,,,
M8a,Opsiphanes cassina,0,EP23M8a,,,
M8a,Opsiphanes cassina,0,EP25M8a,,,
M8a,Opsiphanes cassina,0,EP27M8a,,,
M8a,Opsiphanes cassina,0,EP29M8a,,,
M9a,Opsiphanes cassina,0,EP1M9a,,,
M9a,Opsiphanes cassina,0,EP3M9a,,,
M9a,Opsiphanes cassina,0,EP5M9a,,,
M9a,Opsiphanes cassina,0,EP7M9a,,,
M9a,Opsiphanes cassina,0,EP9M9a,,,
M9a,Opsiphanes cassina,0,EP11M9a,,,
M9a,Opsiphanes cassina,0,EP13M9a,,,
M9a,Opsiphanes cassina,0,EP15M9a,,,
M9a,Opsiphanes cassina,0,EP17M9a,,,
M9a,Opsiphanes cassina,0,EP19M9a,,,
M9a,Opsiphanes cassina,0,EP21M9a,,,
M9a,Opsiphanes cassina,0,EP23M9a,,,
M9a,Opsiphanes cassina,0,EP25M9a,,,
M9a,Opsiphanes cassina,0,EP27M9a,,,
M9a,Opsiphanes cassina,0,EP29M9a,,,
M9a,Opsiphanes cassina,0,EP31M9a,,,
M9a,Opsiphanes cassina,0,EP33M9a,,,
M9a,Opsiphanes cassina,0,EP35M9a,,,
M9a,Opsiphanes cassina,0,EP37M9a,,,
M9a,Opsiphanes cassina,0,EP41M9a,,,
M9a,Opsiphanes cassina,0,EP42M9a,,,
M9a,Opsiphanes cassina,0,EP39M9a,,,
N1a,Opsiphanes cassina,0,EP1N1a,-90.25039603,15.93062597,218.775253
N1a,Opsiphanes cassina,0,EP2N1a,-90.25121796,15.93109402,220.525986
N1a,Opsiphanes cassina,0,EP3N1a,-90.25043299,15.93158302,209.085541
N1a,Opsiphanes cassina,0,EP4N1a,-90.25124604,15.93205702,210.745911
N1a,Opsiphanes cassina,0,EP5N1a,-90.25035999,15.93254602,213.229416
N1a,Opsiphanes cassina,0,EP6N1a,-90.25123003,15.93306502,215.436508
N1a,Opsiphanes cassina,0,EP7N1a,-90.25079903,15.93374404,210.451477
N1a,Opsiphanes cassina,0,EP8N1a,-90.25071798,15.93463797,204.953247
N1a,Opsiphanes cassina,0,EP9N1a,-90.25064003,15.93559602,207.275162
N1a,Opsiphanes cassina,0,EP10N1a,-90.25043299,15.936469,208.123291
N1a,Opsiphanes cassina,0,EP11N1a,-90.25016896,15.93740199,211.016602
N1a,Opsiphanes cassina,0,EP12N1a,-90.24985397,15.93815703,211.60347
N1a,Opsiphanes cassina,0,EP13N1a,-90.24976697,15.94017103,227.914154
N1a,Opsiphanes cassina,0,EP14N1a,-90.24977602,15.939158,218.181671
N2a,Opsiphanes cassina,0,EP1N2a,-90.24216701,15.92962299,209.026215
N2a,Opsiphanes cassina,0,EP2N2a,-90.24333696,15.92962299,207.545197
N2a,Opsiphanes cassina,0,EP3N2a,-90.24431697,15.92974696,205.688217
N2a,Opsiphanes cassina,0,EP4N2a,-90.24609997,15.92984696,207.817017
N2a,Opsiphanes cassina,0,EP5N2a,-90.24878302,15.9303,214.785797
N2a,Opsiphanes cassina,0,EP6N2a,-90.24966496,15.93087098,216.639618
N2a,Opsiphanes cassina,0,EP7N2a,-90.24966303,15.93183003,219.807434
N2a,Opsiphanes cassina,0,EP8N2a,-90.24870104,15.93227997,217.98053
N2a,Opsiphanes cassina,0,EP9N2a,-90.24875703,15.93128596,214.917389
N2a,Opsiphanes cassina,0,EP10N2a,-90.24785296,15.93180103,213.631256
N2a,Opsiphanes cassina,0,EP11N2a,-90.24786998,15.93071398,211.708344
N2a,Opsiphanes cassina,0,EP12N2a,-90.24694202,15.93226497,207.70723
N2a,Opsiphanes cassina,0,EP13N2a,-90.246954,15.931206,208.824188
N2a,Opsiphanes cassina,0,EP14N2a,-90.24698996,15.93029204,209.846359
N2a,Opsiphanes cassina,0,EP15N2a,-90.24615697,15.93179399,210.977936
N2a,Opsiphanes cassina,0,EP16N2a,-90.24611003,15.93081197,211.888275
N2a,Opsiphanes cassina,0,EP17N2a,-90.24520797,15.93226598,213.170715
N2a,Opsiphanes cassina,0,EP18N2a,-90.24523102,15.93118102,212.963684
N2a,Opsiphanes cassina,0,EP19N2a,-90.24522197,15.93026597,211.101456
N2a,Opsiphanes cassina,0,EP20N2a,-90.24429702,15.930774,210.142944
N2a,Opsiphanes cassina,0,EP21N2a,-90.24338398,15.93125001,212.271545
N2a,Opsiphanes cassina,0,EP22N2a,-90.24340401,15.93027997,209.132263
N2a,Opsiphanes cassina,0,EP23N2a,-90.24246801,15.93070602,207.637817
N2a,Opsiphanes cassina,0,EP24N2a,-90.24157802,15.93125504,206.09993
N2a,Opsiphanes cassina,0,EP25N2a,-90.24157098,15.93231199,206.905228
N2a,Opsiphanes cassina,0,EP26N2a,-90.24152496,15.93301096,204.93779
N2a,Opsiphanes cassina,0,EP27N2a,-90.24238301,15.93182802,193.160904
N2a,Opsiphanes cassina,0,EP28N2a,-90.24240003,15.93280904,193.052856
N2a,Opsiphanes cassina,0,EP29N2a,-90.24239198,15.93369702,190.436447
N2a,Opsiphanes cassina,0,EP30N2a,-90.24338398,15.93229498,200.232178
N2a,Opsiphanes cassina,0,EP31N2a,-90.24337904,15.93315203,195.803406
N2a,Opsiphanes cassina,0,EP32N2a,-90.24434899,15.93182299,199.178345
N2a,Opsiphanes cassina,0,EP33N2a,-90.244293,15.93275003,196.250443
N2a,Opsiphanes cassina,0,EP34N2a,-90.24430398,15.93372501,195.683929
N2a,Opsiphanes cassina,0,EP35N2a,-90.24518701,15.93323601,198.552185
N2a,Opsiphanes cassina,0,EP36N2a,-90.24610902,15.93276302,201.879639
N2a,Opsiphanes cassina,0,EP37N2a,-90.24607197,15.93383197,197.404739
N2a,Opsiphanes cassina,0,EP38N2a,-90.24697102,15.93324096,200.322479
N2a,Opsiphanes cassina,0,EP40N2a,-90.24784802,15.93376198,201.553009
N2a,Opsiphanes cassina,0,EP41N2a,-90.24875804,15.93336803,208.235397
N2a,Opsiphanes cassina,0,EP42N2a,-90.24965004,15.93281197,215.953201
N2a,Opsiphanes cassina,0,EP43N2a,-90.24965096,15.93381101,209.815155
N2a,Opsiphanes cassina,0,EP39N2a,-90.24789998,15.93277099,199.816742
N3a,Opsiphanes cassina,0,EP1N3a,-90.24906096,15.93568001,175.398331
N3a,Opsiphanes cassina,0,EP2N3a,-90.24960704,15.93640496,174.412216
N3a,Opsiphanes cassina,0,EP3N3a,-90.24987099,15.93557197,186.649643
N3a,Opsiphanes cassina,0,EP4N3a,-90.24988901,15.934543,191.089462
N3a,Opsiphanes cassina,0,EP5N3a,-90.24909097,15.93436397,195.69368
N3a,Opsiphanes cassina,0,EP6N3a,-90.24811104,15.93490401,190.180984
N3a,Opsiphanes cassina,0,EP7N3a,-90.24810601,15.93586399,192.531891
N3a,Opsiphanes cassina,0,EP8N3a,-90.247169,15.93436003,197.445679
N3a,Opsiphanes cassina,0,EP9N3a,-90.24716497,15.93541699,193.606796
N3a,Opsiphanes cassina,0,EP10N3a,-90.24717998,15.93638602,192.50206
N3a,Opsiphanes cassina,0,EP11N3a,-90.24620298,15.93471601,197.909775
N3a,Opsiphanes cassina,0,EP12N3a,-90.24620198,15.93584597,196.17926
N3a,Opsiphanes cassina,0,EP13N3a,-90.24620097,15.93692003,197.728287
N3a,Opsiphanes cassina,0,EP14N3a,-90.24526496,15.93427101,199.814651
N3a,Opsiphanes cassina,0,EP15N3a,-90.24527502,15.93519696,198.454178
N3a,Opsiphanes cassina,0,EP16N3a,-90.245242,15.93679002,192.407181
N3a,Opsiphanes cassina,0,EP17N3a,-90.24453398,15.93481299,201.922394
N3a,Opsiphanes cassina,0,EP18N3a,-90.24356897,15.93435299,201.513199
N3a,Opsiphanes cassina,0,EP19N3a,-90.24354802,15.93535001,194.203537
N3a,Opsiphanes cassina,0,EP20N3a,-90.24409099,15.935794,194.912933
N3a,Opsiphanes cassina,0,EP21N3a,-90.24362798,15.93644402,197.124939
N3a,Opsiphanes cassina,0,EP22N3a,-90.24201999,15.93430898,203.365677
N3a,Opsiphanes cassina,0,EP23N3a,-90.24156896,15.93479002,204.010498
N3a,Opsiphanes cassina,0,EP24N3a,-90.24156301,15.93577196,204.088364
N3a,Opsiphanes cassina,0,EP25N3a,-90.24266004,15.93491499,201.723404
N3a,Opsiphanes cassina,0,EP26N3a,-90.242653,15.93588503,201.640213
N4a,Opsiphanes cassina,0,EP1N4a,-90.23962202,15.92933298,209.595367
N4a,Opsiphanes cassina,0,EP2N4a,-90.24059599,15.92988602,204.581528
N4a,Opsiphanes cassina,0,EP3N4a,-90.24145899,15.93035197,202.87439
N4a,Opsiphanes cassina,0,EP4N4a,-90.23957499,15.93036002,213.734009
N4a,Opsiphanes cassina,0,EP5N4a,-90.24053003,15.93087802,207.54895
N4a,Opsiphanes cassina,0,EP6N4a,-90.24118599,15.93144396,206.278976
N4a,Opsiphanes cassina,0,EP7N4a,-90.239591,15.93143801,214.816467
N4a,Opsiphanes cassina,0,EP8N4a,-90.24054302,15.93194202,208.179001
N4a,Opsiphanes cassina,0,EP9N4a,-90.24118801,15.93249497,206.452164
N4a,Opsiphanes cassina,0,EP10N4a,-90.23959603,15.93252003,205.163818
N4a,Opsiphanes cassina,0,EP11N4a,-90.240468,15.93299403,207.704773
N4a,Opsiphanes cassina,0,EP12N4a,-90.24117703,15.93355101,209.164505
N4a,Opsiphanes cassina,0,EP13N4a,-90.23958304,15.93354698,206.334412
N4a,Opsiphanes cassina,0,EP14N4a,-90.24051997,15.934096,204.694534
N4a,Opsiphanes cassina,0,EP15N4a,-90.2411,15.93468298,203.700226
N4a,Opsiphanes cassina,0,EP16N4a,-90.239548,15.93457301,209.141022
N4a,Opsiphanes cassina,0,EP17N4a,-90.24050899,15.93513804,206.971146
N4a,Opsiphanes cassina,0,EP18N4a,-90.24052299,15.93624202,218.940384
N4a,Opsiphanes cassina,0,EP19N4a,-90.24056196,15.93725204,217.133392
N4a,Opsiphanes cassina,0,EP20N4a,-90.239548,15.93575997,214.475174
N4a,Opsiphanes cassina,0,EP21N4a,-90.239706,15.93683202,213.641785
N4a,Opsiphanes cassina,0,EP22N4a,-90.238526,15.93634503,214.660919
N4a,Opsiphanes cassina,0,EP23N4a,-90.23860303,15.93727802,214.082733
N4a,Opsiphanes cassina,0,EP24N4a,-90.23955798,15.93778797,214.097244
N4a,Opsiphanes cassina,0,EP25N4a,-90.240209,15.938339,213.983154
N4a,Opsiphanes cassina,0,EP26N4a,-90.23866799,15.93838301,213.701675
N4a,Opsiphanes cassina,0,EP27N4a,-90.239475,15.93884703,220.039505
N4a,Opsiphanes cassina,0,EP28N4a,-90.23882397,15.93911097,211.411575
N5a,Opsiphanes cassina,0,EP1N5a,-90.23843296,15.92899402,221.950012
N5a,Opsiphanes cassina,0,EP2N5a,-90.23866497,15.92983799,219.242996
N5a,Opsiphanes cassina,0,EP3N5a,-90.23769401,15.92931597,224.4935
N5a,Opsiphanes cassina,0,EP4N5a,-90.23770398,15.93036303,222.063614
N5a,Opsiphanes cassina,0,EP5N5a,-90.23864502,15.93099897,218.916443
N5a,Opsiphanes cassina,0,EP6N5a,-90.23866103,15.931939,214.227966
N5a,Opsiphanes cassina,0,EP7N5a,-90.23864502,15.93303602,214.015198
N5a,Opsiphanes cassina,0,EP8N5a,-90.23767004,15.93246798,219.474014
N5a,Opsiphanes cassina,0,EP9N5a,-90.23768202,15.93141102,220.254898
N5a,Opsiphanes cassina,0,EP10N5a,-90.23693997,15.93092102,222.735092
N5a,Opsiphanes cassina,0,EP11N5a,-90.23671802,15.93194797,218.516266
N5a,Opsiphanes cassina,0,EP12N5a,-90.23628602,15.934312,214.833496
N5a,Opsiphanes cassina,0,EP13N5a,-90.23670997,15.93299998,215.710342
N5a,Opsiphanes cassina,0,EP14N5a,-90.23678298,15.93409197,214.122467
N5a,Opsiphanes cassina,0,EP15N5a,-90.23766803,15.93347196,218.023895
N5a,Opsiphanes cassina,0,EP16N5a,-90.23765998,15.93458902,212.761765
N5a,Opsiphanes cassina,0,EP17N5a,-90.23860403,15.93405501,213.202072
N5a,Opsiphanes cassina,0,EP18N5a,-90.23857897,15.93504902,222.915848
N5a,Opsiphanes cassina,0,EP19N5a,-90.237678,15.93671903,204.481339
N5a,Opsiphanes cassina,0,EP20N5a,-90.23765302,15.93566802,206.959229
N5a,Opsiphanes cassina,0,EP21N5a,-90.23671702,15.936125,212.300262
N5a,Opsiphanes cassina,0,EP22N5a,-90.23674803,15.93538698,212.037186
N5a,Opsiphanes cassina,0,EP23N5a,-90.23647,15.93856104,214.115646
N5a,Opsiphanes cassina,0,EP24N5a,-90.23577003,15.93802703,223.187622
N5a,Opsiphanes cassina,0,EP25N5a,-90.23583801,15.936714,204.059723
N5a,Opsiphanes cassina,0,EP26N5a,-90.23669799,15.93722999,203.501205
N5a,Opsiphanes cassina,0,EP27N5a,-90.23692204,15.93792904,201.285507
N5a,Opsiphanes cassina,0,EP28N5a,-90.23765101,15.93776803,201.563873
N5a,Opsiphanes cassina,0,EP29N5a,-90.23767599,15.93878701,220.300797
N6a,Opsiphanes cassina,0,EP1N6a,-90.24597097,15.93991798,204.400818
N6a,Opsiphanes cassina,0,EP2N6a,-90.246867,15.93949202,206.875031
N6a,Opsiphanes cassina,0,EP3N6a,-90.24776101,15.939936,209.861298
N6a,Opsiphanes cassina,0,EP4N6a,-90.24864698,15.94034303,213.485687
N6a,Opsiphanes cassina,0,EP5N6a,-90.24865704,15.93951699,210.955444
N6a,Opsiphanes cassina,0,EP6N6a,-90.24870004,15.93833699,211.739822
N6a,Opsiphanes cassina,0,EP7N6a,-90.24780099,15.93892196,205.773392
N6a,Opsiphanes cassina,0,EP8N6a,-90.24695199,15.93840698,201.442459
N6a,Opsiphanes cassina,0,EP9N6a,-90.246034,15.938886,199.35965
N6a,Opsiphanes cassina,0,EP10N6a,-90.24517704,15.93831704,195.669067
N6a,Opsiphanes cassina,0,EP11N6a,-90.24510001,15.93936503,195.862701
N6a,Opsiphanes cassina,0,EP12N6a,-90.24424799,15.93888701,196.043839
N6a,Opsiphanes cassina,0,EP13N6a,-90.24419602,15.93972201,196.889313
N6a,Opsiphanes cassina,0,EP14N6a,-90.24338096,15.93838803,195.467834
N6a,Opsiphanes cassina,0,EP15N6a,-90.24331701,15.93936997,197.026047
N6a,Opsiphanes cassina,0,EP16N6a,-90.242567,15.93788898,198.400757
N6a,Opsiphanes cassina,0,EP17N6a,-90.24256901,15.93893596,197.654739
N6a,Opsiphanes cassina,0,EP18N6a,-90.24158799,15.93928599,200.764389
N6a,Opsiphanes cassina,0,EP19N6a,-90.24156997,15.93836498,200.6492
N6a,Opsiphanes cassina,0,EP20N6a,-90.24083798,15.93884996,201.778778
N6a,Opsiphanes cassina,0,EP21N6a,-90.24155304,15.93741196,203.124023
N6a,Opsiphanes cassina,0,EP22N6a,-90.24158799,15.93627202,204.24559
N6a,Opsiphanes cassina,0,EP23N6a,-90.24260002,15.93683696,202.208694
N6a,Opsiphanes cassina,0,EP24N6a,-90.24343997,15.93739302,199.917694
N6a,Opsiphanes cassina,0,EP25N6a,-90.24428202,15.93795503,195.751877
N6a,Opsiphanes cassina,0,EP26N6a,-90.24525197,15.93749,195.410461
N6a,Opsiphanes cassina,0,EP27N6a,-90.24611003,15.93791597,196.84436
N6a,Opsiphanes cassina,0,EP28N6a,-90.24707797,15.93755898,199.894287
N6a,Opsiphanes cassina,0,EP29N6a,-90.24780904,15.93783198,204.420547
N6a,Opsiphanes cassina,0,EP30N6a,-90.24781499,15.93708197,199.283722
N6a,Opsiphanes cassina,0,EP31N6a,-90.24869299,15.93751397,210.066193
N6a,Opsiphanes cassina,0,EP32N6a,-90.24937402,15.93740299,223.060135
N7a,Opsiphanes cassina,0,EP1N7a,-90.25165197,15.94102004,229.874207
N7a,Opsiphanes cassina,0,EP2N7a,-90.25159498,15.94203902,227.90918
N7a,Opsiphanes cassina,0,EP3N7a,-90.25062997,15.94145497,226.245956
N7a,Opsiphanes cassina,0,EP4N7a,-90.25010602,15.942092,224.098099
N7a,Opsiphanes cassina,0,EP5N7a,-90.25060901,15.94255401,219.891068
N7a,Opsiphanes cassina,0,EP6N7a,-90.24989203,15.94302298,216.043289
N7a,Opsiphanes cassina,0,EP7N7a,-90.25149297,15.943027,223.357635
N7a,Opsiphanes cassina,0,EP8N7a,-90.24962196,15.94402696,215.193802
N7a,Opsiphanes cassina,0,EP9N7a,-90.25053802,15.94365497,220.093506
N7a,Opsiphanes cassina,0,EP10N7a,-90.25250902,15.94361801,224.379532
N7a,Opsiphanes cassina,0,EP11N7a,-90.25255102,15.94151398,230.036255
N7a,Opsiphanes cassina,0,EP12N7a,-90.25251397,15.94256901,227.363098
N7a,Opsiphanes cassina,0,EP13N7a,-90.25246896,15.94582999,236.646255
N7a,Opsiphanes cassina,0,EP14N7a,-90.25247801,15.94467798,230.416992
N7a,Opsiphanes cassina,0,EP15N7a,-90.25152901,15.94519104,233.657211
N7a,Opsiphanes cassina,1,EP16N7a,-90.25154301,15.94415403,231.700272
N7a,Opsiphanes cassina,0,EP17N7a,-90.25056199,15.94573402,221.88559
N7a,Opsiphanes cassina,0,EP18N7a,-90.25056803,15.94465703,229.663528
N7a,Opsiphanes cassina,0,EP19N7a,-90.24961601,15.94520403,217.036346
N7a,Opsiphanes cassina,0,EP20N7a,-90.24960998,15.94628303,224.269562
N7a,Opsiphanes cassina,0,EP21N7a,-90.25051497,15.94673901,234.346237
N7a,Opsiphanes cassina,0,EP22N7a,-90.24953697,15.94836099,246.984085
N7a,Opsiphanes cassina,0,EP23N7a,-90.24956002,15.947341,239.470398
N7a,Opsiphanes cassina,0,EP24N7a,-90.249557,15.94940303,222.50351
N7a,Opsiphanes cassina,0,EP25N7a,-90.25051103,15.94889802,237.823151
N7a,Opsiphanes cassina,0,EP26N7a,-90.25052,15.94784098,238.340637
N7a,Opsiphanes cassina,0,EP27N7a,-90.25249301,15.94676298,216.397949
N7a,Opsiphanes cassina,0,EP28N7a,-90.25150403,15.94623299,221.771866
N7a,Opsiphanes cassina,0,EP29N7a,-90.25245203,15.94785003,223.775436
N7a,Opsiphanes cassina,0,EP30N7a,-90.251499,15.94728601,227.05545
N7a,Opsiphanes cassina,0,EP31N7a,-90.252347,15.94891001,229.300446
N7a,Opsiphanes cassina,0,EP32N7a,-90.25153999,15.94838002,223.042084
N7a,Opsiphanes cassina,0,EP33N7a,-90.25234801,15.94993997,225.633347
N7a,Opsiphanes cassina,1,EP34N7a,-90.25142197,15.94938601,213.518143
N7a,Opsiphanes cassina,0,EP35N7a,-90.25052302,15.94993101,207.439987
N7a,Opsiphanes cassina,2,EP36N7a,-90.24953999,15.95045102,202.00853
N7a,Opsiphanes cassina,0,EP37N7a,-90.25046501,15.95074296,206.732803
N7a,Opsiphanes cassina,0,EP38N7a,-90.251397,15.95043803,213.25946
N7a,Opsiphanes cassina,0,EP40N7a,-90.25323699,15.95102803,232.504181
N7a,Opsiphanes cassina,0,EP39N7a,-90.252376,15.95098101,215.826492
N8a,Opsiphanes cassina,0,EP1N8a,-90.25336498,15.94135699,240.516861
N8a,Opsiphanes cassina,0,EP2N8a,-90.25358803,15.94195697,238.169464
N8a,Opsiphanes cassina,0,EP3N8a,-90.25442898,15.94148003,233.621735
N8a,Opsiphanes cassina,0,EP4N8a,-90.25447902,15.94227497,229.369263
N8a,Opsiphanes cassina,0,EP5N8a,-90.25346599,15.94304896,228.676819
N8a,Opsiphanes cassina,0,EP6N8a,-90.25359398,15.94403098,237.54776
N8a,Opsiphanes cassina,0,EP7N8a,-90.253497,15.94510001,242.245422
N8a,Opsiphanes cassina,0,EP8N8a,-90.25446502,15.94459098,240.51181
N8a,Opsiphanes cassina,0,EP9N8a,-90.25542199,15.94407298,241.471603
N8a,Opsiphanes cassina,0,EP10N8a,-90.25545602,15.94304603,237.053162
N8a,Opsiphanes cassina,0,EP11N8a,-90.25446796,15.94352899,234.31839
N8a,Opsiphanes cassina,0,EP12N8a,-90.25543003,15.94196401,229.855423
N8a,Opsiphanes cassina,0,EP13N8a,-90.25659202,15.94399796,237.352417
N8a,Opsiphanes cassina,1,EP14N8a,-90.25701396,15.94351801,239.616806
N8a,Opsiphanes cassina,0,EP15N8a,-90.25654499,15.94300403,234.284027
N8a,Opsiphanes cassina,0,EP16N8a,-90.25705604,15.94248,237.128128
N8a,Opsiphanes cassina,0,EP17N8a,-90.25647601,15.94192796,228.975098
N8a,Opsiphanes cassina,0,EP18N8a,-90.25644299,15.94607499,233.484268
N8a,Opsiphanes cassina,0,EP19N8a,-90.25639596,15.94515198,242.457703
N8a,Opsiphanes cassina,0,EP20N8a,-90.25537999,15.94511803,238.724487
N8a,Opsiphanes cassina,0,EP21N8a,-90.25444399,15.94564199,241.543503
N8a,Opsiphanes cassina,0,EP22N8a,-90.25528997,15.94622897,237.43251
N8a,Opsiphanes cassina,0,EP23N8a,-90.25440803,15.94668,237.110962
N8a,Opsiphanes cassina,0,EP24N8a,-90.25345903,15.94719197,227.637695
N8a,Opsiphanes cassina,0,EP25N8a,-90.25347797,15.94614498,238.866379
N8a,Opsiphanes cassina,0,EP26N8a,-90.25343003,15.94829,236.218246
N8a,Opsiphanes cassina,0,EP27N8a,-90.25440099,15.94776697,228.052002
N8a,Opsiphanes cassina,0,EP28N8a,-90.25428498,15.94885502,232.497223
N8a,Opsiphanes cassina,0,EP29N8a,-90.25339197,15.949341,234.545853
N8a,Opsiphanes cassina,0,EP30N8a,-90.25340203,15.95038103,233.584717
N8a,Opsiphanes cassina,0,EP31N8a,-90.25434298,15.95092099,229.29686
N8a,Opsiphanes cassina,0,EP32N8a,-90.25532601,15.95144704,236.318787
N8a,Opsiphanes cassina,0,EP33N8a,-90.25531998,15.95039503,238.616669
N8a,Opsiphanes cassina,0,EP34N8a,-90.25533498,15.94935399,238.690948
N8a,Opsiphanes cassina,0,EP35N8a,-90.25436201,15.94985599,231.799911
N8a,Opsiphanes cassina,0,EP36N8a,-90.25534999,15.94831003,231.288803
N8a,Opsiphanes cassina,0,EP37N8a,-90.25543196,15.947298,231.238358
N8a,Opsiphanes cassina,0,EP38N8a,-90.25637602,15.947256,234.221817
N8a,Opsiphanes cassina,0,EP40N8a,-90.25635003,15.94937503,234.071747
N8a,Opsiphanes cassina,0,EP41N8a,-90.25610997,15.95030501,236.23764
N8a,Opsiphanes cassina,0,EP42N8a,-90.25609296,15.95127496,235.907181
N8a,Opsiphanes cassina,0,EP39N8a,-90.25638197,15.948319,238.405304
P10a,Opsiphanes cassina,0,EP1P10a,,,
P10a,Opsiphanes cassina,0,EP2P10a,,,
P10a,Opsiphanes cassina,0,EP3P10a,,,
P10a,Opsiphanes cassina,0,EP4P10a,,,
P10a,Opsiphanes cassina,0,EP5P10a,,,
P10a,Opsiphanes cassina,0,EP6P10a,,,
P10a,Opsiphanes cassina,0,EP7P10a,,,
P10a,Opsiphanes cassina,0,EP8P10a,,,
P10a,Opsiphanes cassina,0,EP9P10a,,,
P10a,Opsiphanes cassina,0,EP11P10a,,,
P10a,Opsiphanes cassina,0,EP12P10a,,,
P10a,Opsiphanes cassina,0,EP13P10a,,,
P10a,Opsiphanes cassina,0,EP14P10a,,,
P10a,Opsiphanes cassina,0,EP15P10a,,,
P10a,Opsiphanes cassina,0,EP16P10a,,,
P11a,Opsiphanes cassina,0,EP1P11a,-90.49034603,16.02443296,143.250183
P11a,Opsiphanes cassina,0,EP2P11a,-90.49037402,16.02348397,142.014099
P11a,Opsiphanes cassina,0,EP3P11a,-90.49118003,16.02493797,142.884766
P11a,Opsiphanes cassina,0,EP4P11a,-90.49117701,16.02396601,144.193848
P11a,Opsiphanes cassina,0,EP5P11a,-90.49199802,16.02445199,144.148193
P11a,Opsiphanes cassina,0,EP6P11a,-90.49199299,16.02352403,143.705429
P11a,Opsiphanes cassina,1,EP7P11a,-90.49281701,16.02489498,143.651596
P11a,Opsiphanes cassina,0,EP8P11a,-90.49282799,16.02398696,144.197998
P11a,Opsiphanes cassina,1,EP9P11a,-90.493677,16.02441897,145.324142
P11a,Opsiphanes cassina,0,EP10P11a,-90.49447102,16.02487997,145.149948
P11a,Opsiphanes cassina,0,EP11P11a,-90.49445601,16.02397598,144.546783
P11a,Opsiphanes cassina,0,EP12P11a,-90.49528599,16.02441302,157.630753
P11a,Opsiphanes cassina,0,EP13P11a,-90.496122,16.02481401,147.449188
P11a,Opsiphanes cassina,0,EP14P11a,-90.497042,16.026194,145.101379
P11a,Opsiphanes cassina,1,EP15P11a,-90.49612602,16.025776,146.893127
P11a,Opsiphanes cassina,0,EP16P11a,-90.496123,16.02668996,146.56871
P11a,Opsiphanes cassina,0,EP17P11a,-90.49529697,16.02534198,147.648712
P11a,Opsiphanes cassina,0,EP18P11a,-90.495317,16.02624899,145.930359
P11a,Opsiphanes cassina,0,EP19P11a,-90.49440002,16.02580701,146.731491
P11a,Opsiphanes cassina,0,EP20P11a,-90.49445199,16.02671804,146.697449
P11a,Opsiphanes cassina,0,EP21P11a,-90.49367197,16.02578698,144.506485
P11a,Opsiphanes cassina,0,EP22P11a,-90.49364297,16.02673598,144.351532
P11a,Opsiphanes cassina,0,EP23P11a,-90.49286697,16.02535103,145.151047
P11a,Opsiphanes cassina,2,EP24P11a,-90.49283898,16.02627103,144.761978
P11a,Opsiphanes cassina,1,EP25P11a,-90.49199299,16.02534601,148.156326
P11a,Opsiphanes cassina,3,EP26P11a,-90.49198997,16.02626299,147.23584
P11a,Opsiphanes cassina,1,EP27P11a,-90.49122697,16.02578798,148.508987
P11a,Opsiphanes cassina,0,EP28P11a,-90.49119604,16.02668904,147.465515
P11a,Opsiphanes cassina,0,EP29P11a,-90.490369,16.02532203,146.664261
P11a,Opsiphanes cassina,0,EP30P11a,-90.49036698,16.02625502,145.735962
P12a,Opsiphanes cassina,0,EP1P12a,-90.47542398,16.03191197,146.139069
P12a,Opsiphanes cassina,1,EP2P12a,-90.47542901,16.03290204,145.681168
P12a,Opsiphanes cassina,0,EP3P12a,-90.47458403,16.032407,144.01889
P12a,Opsiphanes cassina,0,EP4P12a,-90.473688,16.03191298,143.516037
P12a,Opsiphanes cassina,2,EP5P12a,-90.47027296,16.03093003,142.291534
P12a,Opsiphanes cassina,0,EP6P12a,-90.46940602,16.03044497,141.489853
P12a,Opsiphanes cassina,0,EP7P12a,-90.47021102,16.029918,145.161743
P12a,Opsiphanes cassina,0,EP8P12a,-90.47114703,16.03044103,142.463348
P12a,Opsiphanes cassina,0,EP9P12a,-90.471933,16.030968,142.359848
P12a,Opsiphanes cassina,1,EP10P12a,-90.47193199,16.02998304,141.682663
P12a,Opsiphanes cassina,0,EP11P12a,-90.47281997,16.03144099,141.699509
P12a,Opsiphanes cassina,1,EP12P12a,-90.47281302,16.030465,141.918961
P12a,Opsiphanes cassina,1,EP13P12a,-90.47368197,16.03094302,142.700668
P12a,Opsiphanes cassina,0,EP14P12a,-90.47369001,16.02996703,141.385513
P12a,Opsiphanes cassina,0,EP15P12a,-90.47457498,16.03143898,144.3349
P12a,Opsiphanes cassina,2,EP16P12a,-90.47457296,16.03044698,145.510147
P12a,Opsiphanes cassina,0,EP17P12a,-90.47543203,16.03087303,149.120926
P12a,Opsiphanes cassina,0,EP18P12a,-90.47546103,16.02997902,145.282318
P12a,Opsiphanes cassina,0,EP19P12a,-90.47367099,16.028035,151.921066
P12a,Opsiphanes cassina,0,EP20P12a,-90.47371499,16.02900202,151.556091
P12a,Opsiphanes cassina,0,EP21P12a,-90.473112,16.02851998,151.210358
P12a,Opsiphanes cassina,0,EP22P12a,-90.47311099,16.02948901,152.514069
P12b,Opsiphanes cassina,0,EP1P12b,,,
P12b,Opsiphanes cassina,0,EP2P12b,,,
P12b,Opsiphanes cassina,1,EP3P12b,,,
P12b,Opsiphanes cassina,0,EP4P12b,,,
P12b,Opsiphanes cassina,0,EP5P12b,,,
P12b,Opsiphanes cassina,0,EP6P12b,,,
P12b,Opsiphanes cassina,1,EP7P12b,,,
P12b,Opsiphanes cassina,0,EP8P12b,,,
P12b,Opsiphanes cassina,0,EP9P12b,,,
P12b,Opsiphanes cassina,0,EP10P12b,,,
P12b,Opsiphanes cassina,0,EP11P12b,,,
P12b,Opsiphanes cassina,0,EP12P12b,,,
P12b,Opsiphanes cassina,0,EP13P12b,,,
P12b,Opsiphanes cassina,1,EP14P12b,,,
P12b,Opsiphanes cassina,0,EP15P12b,,,
P12b,Opsiphanes cassina,0,EP16P12b,,,
P12b,Opsiphanes cassina,0,EP17P12b,,,
P12b,Opsiphanes cassina,0,EP18P12b,,,
P12b,Opsiphanes cassina,0,EP19P12b,,,
P12b,Opsiphanes cassina,0,EP20P12b,,,
P12b,Opsiphanes cassina,0,EP21P12b,,,
P12b,Opsiphanes cassina,0,EP22P12b,,,
P12b,Opsiphanes cassina,0,EP23P12b,,,
P12b,Opsiphanes cassina,0,EP24P12b,,,
P12b,Opsiphanes cassina,0,EP25P12b,,,
P12b,Opsiphanes cassina,2,EP26P12b,,,
P12b,Opsiphanes cassina,0,EP27P12b,,,
P12b,Opsiphanes cassina,0,EP28P12b,,,
P12b,Opsiphanes cassina,0,EP29P12b,,,
P12b,Opsiphanes cassina,0,EP30P12b,,,
P12b,Opsiphanes cassina,0,EP31P12b,,,
P12b,Opsiphanes cassina,0,EP32P12b,,,
P12b,Opsiphanes cassina,0,EP33P12b,,,
P12b,Opsiphanes cassina,0,EP34P12b,,,
P12b,Opsiphanes cassina,0,EP35P12b,,,
P12b,Opsiphanes cassina,0,EP36P12b,,,
P12b,Opsiphanes cassina,1,EP37P12b,,,
P12c,Opsiphanes cassina,0,EP1P12c,,,
P12c,Opsiphanes cassina,0,EP2P12c,,,
P12c,Opsiphanes cassina,0,EP3P12c,,,
P12c,Opsiphanes cassina,0,EP4P12c,,,
P12c,Opsiphanes cassina,0,EP5P12c,,,
P12c,Opsiphanes cassina,0,EP6P12c,,,
P12c,Opsiphanes cassina,0,EP7P12c,,,
P12c,Opsiphanes cassina,0,EP8P12c,,,
P12c,Opsiphanes cassina,0,EP9P12c,,,
P12c,Opsiphanes cassina,0,EP10P12c,,,
P12c,Opsiphanes cassina,0,EP11P12c,,,
P12c,Opsiphanes cassina,0,EP12P12c,,,
P12c,Opsiphanes cassina,0,EP13P12c,,,
P12c,Opsiphanes cassina,0,EP14P12c,,,
P12c,Opsiphanes cassina,0,EP15P12c,,,
P12c,Opsiphanes cassina,0,EP16P12c,,,
P12c,Opsiphanes cassina,0,EP17P12c,,,
P12c,Opsiphanes cassina,0,EP18P12c,,,
P12c,Opsiphanes cassina,0,EP19P12c,,,
P12c,Opsiphanes cassina,0,EP20P12c,,,
P12c,Opsiphanes cassina,0,EP21P12c,,,
P12c,Opsiphanes cassina,0,EP22P12c,,,
P14a,Opsiphanes cassina,0,EP1P14a,,,
P14a,Opsiphanes cassina,0,EP2P14a,,,
P14a,Opsiphanes cassina,0,EP3P14a,,,
P14a,Opsiphanes cassina,0,EP4P14a,,,
P14a,Opsiphanes cassina,0,EP5P14a,,,
P14a,Opsiphanes cassina,0,EP6P14a,,,
P14a,Opsiphanes cassina,1,EP7P14a,,,
P14a,Opsiphanes cassina,0,EP8P14a,,,
P14a,Opsiphanes cassina,0,EP9P14a,,,
P14a,Opsiphanes cassina,1,EP10P14a,,,
P14a,Opsiphanes cassina,0,EP11P14a,,,
P14a,Opsiphanes cassina,0,EP12P14a,,,
P14a,Opsiphanes cassina,0,EP13P14a,,,
P14a,Opsiphanes cassina,1,EP14P14a,,,
P14a,Opsiphanes cassina,2,EP15P14a,,,
P14a,Opsiphanes cassina,0,EP16P14a,,,
P14a,Opsiphanes cassina,1,EP17P14a,,,
P14a,Opsiphanes cassina,0,EP18P14a,,,
P14a,Opsiphanes cassina,0,EP19P14a,,,
P14a,Opsiphanes cassina,0,EP20P14a,,,
P14a,Opsiphanes cassina,0,EP21P14a,,,
P14a,Opsiphanes cassina,0,EP22P14a,,,
P14a,Opsiphanes cassina,0,EP23P14a,,,
P14a,Opsiphanes cassina,0,EP24P14a,,,
P14a,Opsiphanes cassina,0,EP25P14a,,,
P14a,Opsiphanes cassina,1,EP26P14a,,,
P14a,Opsiphanes cassina,0,EP27P14a,,,
P14a,Opsiphanes cassina,0,EP28P14a,,,
P14a,Opsiphanes cassina,1,EP29P14a,,,
P14a,Opsiphanes cassina,1,EP30P14a,,,
P14a,Opsiphanes cassina,0,EP31P14a,,,
P14a,Opsiphanes cassina,0,EP32P14a,,,
P1a,Opsiphanes cassina,0,EP1P1a,-90.45653402,16.02094903,150.473114
P1a,Opsiphanes cassina,0,EP2P1a,-90.457351,16.02049598,144.15799
P1a,Opsiphanes cassina,0,EP3P1a,-90.45826002,16.020024,141.817245
P1a,Opsiphanes cassina,0,EP4P1a,-90.458171,16.01912697,138.056122
P1a,Opsiphanes cassina,0,EP5P1a,-90.45821702,16.01821602,139.440582
P1a,Opsiphanes cassina,0,EP6P1a,-90.45737003,16.01959803,136.970276
P1a,Opsiphanes cassina,0,EP7P1a,-90.45737699,16.01865599,136.376495
P1a,Opsiphanes cassina,1,EP8P1a,-90.45656,16.01911398,136.220963
P1a,Opsiphanes cassina,0,EP9P1a,-90.45652698,16.02003297,135.868164
P2a,Opsiphanes cassina,0,EP1P2a,-90.46818998,16.05428201,149.547882
P2a,Opsiphanes cassina,2,EP2P2a,-90.46820104,16.05329798,151.276672
P2a,Opsiphanes cassina,0,EP3P2a,-90.46821001,16.05235401,150.245117
P2a,Opsiphanes cassina,0,EP4P2a,-90.469071,16.05387901,151.112839
P2a,Opsiphanes cassina,0,EP5P2a,-90.46907502,16.05283102,147.782089
P2a,Opsiphanes cassina,0,EP6P2a,-90.46907301,16.05183399,148.016907
P2a,Opsiphanes cassina,1,EP7P2a,-90.46995797,16.05444898,149.037064
P2a,Opsiphanes cassina,0,EP8P2a,-90.46994196,16.05337903,150.410629
P2a,Opsiphanes cassina,0,EP9P2a,-90.46994599,16.05235199,150.47525
P2a,Opsiphanes cassina,1,EP10P2a,-90.46995303,16.05529102,146.778717
P2a,Opsiphanes cassina,1,EP11P2a,-90.469962,16.05638604,145.589172
P2a,Opsiphanes cassina,2,EP12P2a,-90.46905901,16.05487302,145.874695
P2a,Opsiphanes cassina,0,EP13P2a,-90.46904401,16.05576502,145.086212
P2a,Opsiphanes cassina,0,EP14P2a,-90.46905398,16.05670597,145.403137
P2a,Opsiphanes cassina,0,EP15P2a,-90.46819098,16.05525096,143.024414
P2a,Opsiphanes cassina,0,EP16P2a,-90.46819702,16.056308,143.140396
P2a,Opsiphanes cassina,2,EP17P2a,-90.46820196,16.05728298,140.559723
P2a,Opsiphanes cassina,0,EP18P2a,-90.46732597,16.05669801,169.965637
P2a,Opsiphanes cassina,0,EP19P2a,-90.46643699,16.05623701,166.262833
P2a,Opsiphanes cassina,0,EP20P2a,-90.46644202,16.05721199,164.257248
P2a,Opsiphanes cassina,0,EP21P2a,-90.46555202,16.05679499,159.252029
P2a,Opsiphanes cassina,0,EP22P2a,-90.46467,16.05623801,160.728668
P2a,Opsiphanes cassina,0,EP23P2a,-90.46467301,16.057213,158.720612
P2a,Opsiphanes cassina,0,EP24P2a,-90.46382996,16.05671402,154.479843
P2a,Opsiphanes cassina,0,EP25P2a,-90.46292597,16.05621002,156.794754
P2a,Opsiphanes cassina,0,EP26P2a,-90.46296,16.05729799,154.492752
P2a,Opsiphanes cassina,0,EP27P2a,-90.46206096,16.056711,151.832153
P2a,Opsiphanes cassina,0,EP28P2a,-90.46206004,16.055588,150.830231
P2a,Opsiphanes cassina,0,EP29P2a,-90.46204797,16.05477897,150.454773
P2a,Opsiphanes cassina,0,EP30P2a,-90.46292497,16.05528398,148.102783
P2a,Opsiphanes cassina,0,EP31P2a,-90.463879,16.05573703,140.806564
P2a,Opsiphanes cassina,1,EP32P2a,-90.46389702,16.05468996,143.831009
P2a,Opsiphanes cassina,1,EP33P2a,-90.46473202,16.05533998,144.508041
P2a,Opsiphanes cassina,3,EP34P2a,-90.46559502,16.05576402,150.953674
P2a,Opsiphanes cassina,0,EP35P2a,-90.46561204,16.05477202,149.44516
P2a,Opsiphanes cassina,0,EP36P2a,-90.46644,16.05527401,154.336609
P2a,Opsiphanes cassina,0,EP37P2a,-90.46737702,16.05585001,152.383728
P2a,Opsiphanes cassina,1,EP38P2a,-90.46733301,16.05486799,155.699997
P2a,Opsiphanes cassina,0,EP40P2a,-90.46650697,16.05820198,152.375992
P2a,Opsiphanes cassina,0,EP41P2a,-90.46555898,16.05864999,148.724213
P2a,Opsiphanes cassina,0,EP42P2a,-90.46641402,16.05911703,147.20166
P2a,Opsiphanes cassina,1,EP43P2a,-90.46553702,16.05960997,147.22522
P2a,Opsiphanes cassina,0,EP44P2a,-90.46643103,16.06120102,145.990723
P2a,Opsiphanes cassina,0,EP39P2a,-90.46567004,16.05772203,155.270035
P2a,Opsiphanes cassina,0,EP46P2a,-90.46640899,16.06208196,151.555283
P2a,Opsiphanes cassina,0,EP45P2a,-90.46641201,16.060248,145.737228
P2a,Opsiphanes cassina,0,EP47P2a,-90.465576,16.06152004,147.716949
P2b,Opsiphanes cassina,0,EP1P2b,-90.464929,16.05964098,147.190704
P2b,Opsiphanes cassina,0,EP2P2b,-90.46499102,16.058739,146.200195
P2b,Opsiphanes cassina,0,EP3P2b,-90.46431201,16.059256,148.659195
P2b,Opsiphanes cassina,0,EP4P2b,-90.46348496,16.05873297,148.320526
P2b,Opsiphanes cassina,0,EP5P2b,-90.46347599,16.059587,150.640533
P2b,Opsiphanes cassina,0,EP6P2b,-90.462642,16.05919196,149.575912
P2b,Opsiphanes cassina,0,EP7P2b,-90.46222298,16.05819401,148.514389
P2b,Opsiphanes cassina,0,EP8P2b,-90.46306503,16.05774198,149.548111
P2b,Opsiphanes cassina,0,EP9P2b,-90.46388503,16.05821304,149.376984
P2b,Opsiphanes cassina,0,EP10P2b,-90.464714,16.05775304,148.922058
P2c,Opsiphanes cassina,0,EP1P2c,-90.47007004,16.05099496,157.309158
P2c,Opsiphanes cassina,0,EP2P2c,-90.47002997,16.05015501,159.144592
P2c,Opsiphanes cassina,0,EP3P2c,-90.47003198,16.04919696,157.889969
P2c,Opsiphanes cassina,0,EP4P2c,-90.46922799,16.04964204,153.683655
P2c,Opsiphanes cassina,0,EP5P2c,-90.46827396,16.04938799,150.32283
P2c,Opsiphanes cassina,0,EP6P2c,-90.46836097,16.050224,151.919388
P2c,Opsiphanes cassina,0,EP7P2c,-90.46651997,16.04923904,150.973999
P2c,Opsiphanes cassina,0,EP8P2c,-90.46742697,16.04972804,147.598343
P2c,Opsiphanes cassina,0,EP9P2c,-90.46743804,16.05069799,152.395493
P2c,Opsiphanes cassina,0,EP10P2c,-90.466554,16.05119697,146.167175
P2c,Opsiphanes cassina,0,EP11P2c,-90.465678,16.05070696,147.144455
P2c,Opsiphanes cassina,0,EP12P2c,-90.46653799,16.05021997,141.938522
P2c,Opsiphanes cassina,2,EP13P2c,-90.465691,16.04973399,124.90519
P2c,Opsiphanes cassina,0,EP14P2c,-90.46488399,16.04921498,127.838226
P2c,Opsiphanes cassina,0,EP15P2c,-90.46306101,16.04929998,131.891495
P2c,Opsiphanes cassina,0,EP16P2c,-90.46217697,16.04882497,134.600815
P2c,Opsiphanes cassina,0,EP17P2c,-90.46213497,16.04975201,136.458069
P2c,Opsiphanes cassina,0,EP18P2c,-90.46218703,16.05073303,137.781189
P2c,Opsiphanes cassina,0,EP19P2c,-90.463909,16.05073001,169.024002
P2c,Opsiphanes cassina,0,EP20P2c,-90.46312697,16.05025199,175.458939
P2c,Opsiphanes cassina,0,EP21P2c,-90.46394798,16.04983298,137.586227
P2c,Opsiphanes cassina,0,EP22P2c,-90.46480101,16.05024696,144.31279
P2c,Opsiphanes cassina,0,EP23P2c,-90.46483403,16.05119596,144.363861
P2c,Opsiphanes cassina,0,EP24P2c,-90.46663698,16.05210297,146.499283
P2c,Opsiphanes cassina,0,EP25P2c,-90.46746201,16.05167599,146.281403
P2c,Opsiphanes cassina,0,EP26P2c,-90.46744198,16.05260404,147.653641
P2c,Opsiphanes cassina,0,EP27P2c,-90.46662097,16.05311802,151.265411
P2c,Opsiphanes cassina,0,EP28P2c,-90.46577498,16.05349001,148.188721
P2c,Opsiphanes cassina,0,EP29P2c,-90.46495599,16.05305096,150.910507
P2c,Opsiphanes cassina,0,EP30P2c,-90.46572704,16.052627,149.851959
P2c,Opsiphanes cassina,1,EP31P2c,-90.46496797,16.05395202,149.096161
P2c,Opsiphanes cassina,0,EP32P2c,-90.465792,16.05433297,148.494354
P2c,Opsiphanes cassina,0,EP33P2c,-90.46660999,16.053963,150.969879
P2c,Opsiphanes cassina,1,EP34P2c,-90.46744198,16.05375404,151.618362
P2d,Opsiphanes cassina,0,EP1P2d,-90.4692,16.04727902,147.258514
P2d,Opsiphanes cassina,1,EP2P2d,-90.46842199,16.04769099,146.838013
P2d,Opsiphanes cassina,0,EP3P2d,-90.46917804,16.04642699,145.185135
P2d,Opsiphanes cassina,0,EP4P2d,-90.46832099,16.04684902,143.117218
P2d,Opsiphanes cassina,0,EP5P2d,-90.46743804,16.04636799,143.878174
P2d,Opsiphanes cassina,0,EP6P2d,-90.46747098,16.04820203,151.132401
P2e,Opsiphanes cassina,0,EP1P2e,,,
P2e,Opsiphanes cassina,0,EP2P2e,,,
P2e,Opsiphanes cassina,0,EP3P2e,,,
P2e,Opsiphanes cassina,0,EP4P2e,,,
P2e,Opsiphanes cassina,0,EP5P2e,,,
P2e,Opsiphanes cassina,0,EP6P2e,,,
P3a,Opsiphanes cassina,0,EP1P3a,-90.469919,16.064707,167.538818
P3a,Opsiphanes cassina,0,EP2P3a,-90.46992696,16.06377703,165.421921
P3a,Opsiphanes cassina,0,EP3P3a,-90.469949,16.06285402,157.925415
P3a,Opsiphanes cassina,1,EP4P3a,-90.46909899,16.06237801,159.457275
P3a,Opsiphanes cassina,1,EP5P3a,-90.46909003,16.063311,157.560516
P3a,Opsiphanes cassina,0,EP6P3a,-90.46909103,16.06424399,155.460678
P3a,Opsiphanes cassina,0,EP7P3a,-90.46827103,16.064706,152.790833
P3a,Opsiphanes cassina,0,EP8P3a,-90.46819903,16.06381198,157.389557
P3a,Opsiphanes cassina,0,EP9P3a,-90.468252,16.06285603,151.261597
P4a,Opsiphanes cassina,0,EP1P4a,-90.46215702,16.06853896,152.291031
P4a,Opsiphanes cassina,0,EP2P4a,-90.46305497,16.068935,148.378006
P4a,Opsiphanes cassina,0,EP3P4a,-90.46393096,16.06860903,145.723328
P4a,Opsiphanes cassina,0,EP4P4a,-90.46479397,16.069006,161.374588
P4a,Opsiphanes cassina,0,EP5P4a,-90.46565898,16.06843896,155.677521
P4a,Opsiphanes cassina,0,EP6P4a,-90.46743301,16.06851096,153.019806
P4a,Opsiphanes cassina,0,EP7P4a,-90.466525,16.06901396,152.375275
P4a,Opsiphanes cassina,0,EP8P4a,-90.46741096,16.06948301,155.653458
P4a,Opsiphanes cassina,0,EP9P4a,-90.46565303,16.06947999,159.987045
P4a,Opsiphanes cassina,0,EP10P4a,-90.46654603,16.06997998,156.585037
P4a,Opsiphanes cassina,0,EP11P4a,-90.46745497,16.07051197,158.365677
P4a,Opsiphanes cassina,0,EP12P4a,-90.46482498,16.06996103,160.501434
P4a,Opsiphanes cassina,0,EP13P4a,-90.46568798,16.07044601,157.918182
P4a,Opsiphanes cassina,0,EP14P4a,-90.463923,16.06949802,144.783844
P4a,Opsiphanes cassina,0,EP15P4a,-90.46390699,16.070473,145.198013
P4a,Opsiphanes cassina,0,EP16P4a,-90.46303804,16.06997503,145.224274
P4a,Opsiphanes cassina,0,EP17P4a,-90.46303997,16.07090601,144.253967
P4a,Opsiphanes cassina,1,EP18P4a,-90.46217403,16.06948804,150.431702
P4a,Opsiphanes cassina,0,EP19P4a,-90.46216699,16.070474,149.141861
P4b,Opsiphanes cassina,0,EP1P4b,-90.46407798,16.07361102,121.343704
P4b,Opsiphanes cassina,0,EP2P4b,-90.46416197,16.072644,125.316292
P4b,Opsiphanes cassina,0,EP3P4b,-90.46326402,16.073162,133.644012
P4b,Opsiphanes cassina,0,EP4P4b,-90.46240998,16.07266302,135.132431
P4b,Opsiphanes cassina,0,EP5P4b,-90.46242096,16.07368503,138.105255
P4b,Opsiphanes cassina,0,EP6P4b,-90.46244804,16.07177999,143.215271
P4b,Opsiphanes cassina,0,EP7P4b,-90.46318799,16.07134899,141.797897
P4b,Opsiphanes cassina,1,EP8P4b,-90.46328799,16.07223798,143.526276
P4b,Opsiphanes cassina,0,EP9P4b,-90.46408301,16.071796,144.388916
P5a,Opsiphanes cassina,0,EP1P5a,-90.47110696,16.06967798,157.676804
P5a,Opsiphanes cassina,0,EP2P5a,-90.47110101,16.06872101,158.733826
P5a,Opsiphanes cassina,0,EP3P5a,-90.47195203,16.069135,158.732407
P5a,Opsiphanes cassina,0,EP4P5a,-90.471977,16.068244,158.037857
P5a,Opsiphanes cassina,0,EP5P5a,-90.47284897,16.06971703,157.929382
P5a,Opsiphanes cassina,0,EP6P5a,-90.47284403,16.06872202,158.819458
P5a,Opsiphanes cassina,0,EP7P5a,-90.47284202,16.07066302,157.837769
P5a,Opsiphanes cassina,1,EP8P5a,-90.47406603,16.06978702,154.680618
P5a,Opsiphanes cassina,0,EP9P5a,-90.47376604,16.07115101,157.870407
P5a,Opsiphanes cassina,1,EP10P5a,-90.47372597,16.07212599,153.840164
P5a,Opsiphanes cassina,0,EP11P5a,-90.47459501,16.07164596,152.513412
P5a,Opsiphanes cassina,0,EP12P5a,-90.47546899,16.07115998,153.779907
P5a,Opsiphanes cassina,0,EP13P5a,-90.475456,16.07214502,152.038666
P5a,Opsiphanes cassina,1,EP14P5a,-90.47458302,16.07263997,152.706543
P5a,Opsiphanes cassina,0,EP15P5a,-90.47458897,16.073609,157.215179
P5a,Opsiphanes cassina,0,EP16P5a,-90.47530998,16.07319502,155.049408
P5a,Opsiphanes cassina,0,EP17P5a,-90.47369404,16.07314004,159.175003
P5a,Opsiphanes cassina,0,EP18P5a,-90.47281402,16.07262799,160.701721
P5a,Opsiphanes cassina,1,EP19P5a,-90.47284503,16.07368897,160.27916
P5a,Opsiphanes cassina,0,EP20P5a,-90.47196602,16.07312202,158.545883
P5a,Opsiphanes cassina,0,EP21P5a,-90.47194901,16.07212901,157.942886
P5a,Opsiphanes cassina,0,EP22P5a,-90.47186301,16.07119703,158.382492
P5a,Opsiphanes cassina,0,EP23P5a,-90.47107603,16.07064902,158.982498
P5a,Opsiphanes cassina,0,EP24P5a,-90.47188698,16.07020402,159.515152
P5a,Opsiphanes cassina,0,EP25P5a,-90.47111702,16.07162501,157.114471
P5a,Opsiphanes cassina,0,EP26P5a,-90.47104301,16.07258197,155.794006
P5a,Opsiphanes cassina,0,EP27P5a,-90.47112901,16.07355402,149.55336
P5b,Opsiphanes cassina,0,EP1P5b,-90.47408396,16.068705,156.70874
P5b,Opsiphanes cassina,0,EP2P5b,-90.47487102,16.06918101,160.091522
P5b,Opsiphanes cassina,0,EP3P5b,-90.47487999,16.06826303,158.171127
P5b,Opsiphanes cassina,0,EP4P5b,-90.47570804,16.06873099,152.437531
P5b,Opsiphanes cassina,0,EP5P5b,-90.47570301,16.06964604,151.364227
P5b,Opsiphanes cassina,0,EP6P5b,-90.47571399,16.07057199,155.781143
P5b,Opsiphanes cassina,0,EP7P5b,-90.474866,16.07013504,152.140396
P5b,Opsiphanes cassina,0,EP8P5b,-90.47405019,16.06981866,0
P5b,Opsiphanes cassina,0,EP9P5b,-90.47405798,16.07056403,154.693024
P5c,Opsiphanes cassina,0,EP1P5c,-90.469215,16.073048,165.74176
P5c,Opsiphanes cassina,0,EP2P5c,-90.46848401,16.07344103,164.701981
P5c,Opsiphanes cassina,0,EP3P5c,-90.46839299,16.07256504,160.481171
P5c,Opsiphanes cassina,0,EP4P5c,-90.46839198,16.07167203,159.049911
P5c,Opsiphanes cassina,0,EP5P5c,-90.46929597,16.07116601,158.893967
P5c,Opsiphanes cassina,0,EP6P5c,-90.46914803,16.07213496,151.804901
P5c,Opsiphanes cassina,0,EP7P5c,-90.47004498,16.07257501,149.884247
P5c,Opsiphanes cassina,0,EP8P5c,-90.47002603,16.07348001,148.62326
P5c,Opsiphanes cassina,2,EP9P5c,-90.47004104,16.07165401,151.857391
P5d,Opsiphanes cassina,0,EP1P5d,-90.47694999,16.070416,149.555695
P5d,Opsiphanes cassina,0,EP2P5d,-90.47769397,16.06906802,148.956223
P5d,Opsiphanes cassina,1,EP3P5d,-90.47848002,16.06855899,145.006378
P5d,Opsiphanes cassina,0,EP4P5d,-90.47777502,16.07002901,146.379745
P5d,Opsiphanes cassina,0,EP5P5d,-90.47860701,16.07050099,139.984512
P5d,Opsiphanes cassina,0,EP6P5d,-90.47860902,16.06958997,143.323746
P5d,Opsiphanes cassina,0,EP7P5d,-90.47948199,16.07153197,144.457535
P5d,Opsiphanes cassina,0,EP8P5d,-90.48045698,16.07207101,143.031723
P5d,Opsiphanes cassina,0,EP9P5d,-90.48031197,16.072932,145.13237
P5d,Opsiphanes cassina,0,EP10P5d,-90.47950898,16.072472,140.359802
P5d,Opsiphanes cassina,0,EP11P5d,-90.47950102,16.07338898,143.908325
P5e,Opsiphanes cassina,0,EP1P5e,,,
P5e,Opsiphanes cassina,0,EP2P5e,,,
P5e,Opsiphanes cassina,0,EP3P5e,,,
P5e,Opsiphanes cassina,0,EP4P5e,,,
P5e,Opsiphanes cassina,0,EP5P5e,,,
P6a,Opsiphanes cassina,0,EP1P6a,-90.47963203,16.06273097,150.104324
P6a,Opsiphanes cassina,1,EP2P6a,-90.480461,16.06318996,153.951828
P6a,Opsiphanes cassina,0,EP3P6a,-90.47962801,16.06366698,154.254196
P6a,Opsiphanes cassina,0,EP4P6a,-90.480475,16.06407903,157.768387
P6a,Opsiphanes cassina,0,EP5P6a,-90.47955701,16.06463601,155.911102
P6a,Opsiphanes cassina,0,EP6P6a,-90.48131897,16.06454196,155.482559
P6a,Opsiphanes cassina,1,EP7P6a,-90.48128502,16.06359799,159.604446
P6a,Opsiphanes cassina,0,EP8P6a,-90.48127597,16.062707,157.41803
P6a,Opsiphanes cassina,2,EP9P6a,-90.482504,16.06634701,160.779617
P6a,Opsiphanes cassina,0,EP10P6a,-90.48249001,16.06540999,149.535812
P6a,Opsiphanes cassina,0,EP11P6a,-90.48337396,16.06690097,160.482773
P6a,Opsiphanes cassina,0,EP12P6a,-90.48331797,16.06596203,155.307388
P6a,Opsiphanes cassina,0,EP13P6a,-90.48416002,16.06642697,159.129944
P6a,Opsiphanes cassina,0,EP14P6a,-90.48412104,16.065497,157.529343
P6a,Opsiphanes cassina,0,EP15P6a,-90.48500902,16.06679301,160.66124
P6a,Opsiphanes cassina,0,EP16P6a,-90.48495797,16.06594501,160.904129
P6a,Opsiphanes cassina,0,EP17P6a,-90.48583103,16.06639001,164.681412
P6a,Opsiphanes cassina,0,EP18P6a,-90.48666403,16.066878,164.894409
P6a,Opsiphanes cassina,0,EP19P6a,-90.48744698,16.06631499,164.865311
P6a,Opsiphanes cassina,0,EP20P6a,-90.487551,16.06738402,160.619965
P6a,Opsiphanes cassina,1,EP21P6a,-90.48755896,16.06835104,158.867111
P6a,Opsiphanes cassina,0,EP22P6a,-90.48668901,16.06770999,159.145676
P6a,Opsiphanes cassina,0,EP23P6a,-90.48579399,16.06747798,156.046997
P6a,Opsiphanes cassina,0,EP24P6a,-90.48581502,16.06838599,157.956726
P6a,Opsiphanes cassina,0,EP25P6a,-90.484919,16.06788903,158.157242
P6a,Opsiphanes cassina,0,EP26P6a,-90.48403798,16.06740899,157.446579
P6a,Opsiphanes cassina,0,EP27P6a,-90.48316802,16.06783303,154.88385
P6a,Opsiphanes cassina,0,EP28P6a,-90.48230099,16.06743297,155.776779
P6b,Opsiphanes cassina,0,EP1P6b,-90.48829297,16.06645002,172.683441
P6b,Opsiphanes cassina,0,EP2P6b,-90.48915496,16.06685302,170.555618
P6b,Opsiphanes cassina,1,EP3P6b,-90.48994697,16.06628498,165.891357
P6b,Opsiphanes cassina,0,EP4P6b,-90.49081801,16.06685696,164.074951
P6b,Opsiphanes cassina,0,EP5P6b,-90.49087099,16.06769599,169.995529
P6b,Opsiphanes cassina,0,EP6P6b,-90.49001402,16.06728603,167.410355
P6b,Opsiphanes cassina,0,EP7P6b,-90.49006096,16.06820896,165.186432
P6b,Opsiphanes cassina,0,EP8P6b,-90.48920601,16.06778903,161.7491
P6b,Opsiphanes cassina,0,EP9P6b,-90.48837997,16.06743498,159.076752
P6b,Opsiphanes cassina,0,EP10P6b,-90.4884,16.06829597,155.668259
P6c,Opsiphanes cassina,0,EP1P6c,-90.481569,16.06580998,159.075058
P6c,Opsiphanes cassina,0,EP2P6c,-90.480735,16.06625397,159.677765
P6c,Opsiphanes cassina,0,EP3P6c,-90.47992297,16.06577402,151.727692
P6d,Opsiphanes cassina,0,EP1P6d,-90.48859899,16.06905604,156.012817
P6d,Opsiphanes cassina,2,EP2P6d,-90.48856102,16.07001602,153.560425
P6d,Opsiphanes cassina,0,EP3P6d,-90.48946803,16.06963003,153.954285
P6d,Opsiphanes cassina,2,EP4P6d,-90.490341,16.06908303,155.700165
P6d,Opsiphanes cassina,0,EP5P6d,-90.49037201,16.06999397,152.819962
P6d,Opsiphanes cassina,0,EP6P6d,-90.489449,16.07040502,151.358459
P6d,Opsiphanes cassina,0,EP7P6d,-90.488557,16.07084197,154.468933
P6d,Opsiphanes cassina,0,EP8P6d,-90.48935403,16.07141596,153.627548
P6d,Opsiphanes cassina,0,EP9P6d,-90.49023002,16.07082202,151.612244
P6e,Opsiphanes cassina,0,EP1P6e,-90.48443302,16.060579,149.067978
P6e,Opsiphanes cassina,0,EP2P6e,-90.48442598,16.06153999,148.785278
P6e,Opsiphanes cassina,0,EP3P6e,-90.48360698,16.06010199,150.351776
P6e,Opsiphanes cassina,0,EP4P6e,-90.48196496,16.06010098,152.018616
P6e,Opsiphanes cassina,0,EP5P6e,-90.48031197,16.06101402,148.362274
P6e,Opsiphanes cassina,0,EP6P6e,-90.48115301,16.06055603,147.339645
P6e,Opsiphanes cassina,0,EP7P6e,-90.48112703,16.06146899,148.464111
P6e,Opsiphanes cassina,0,EP8P6e,-90.47833602,16.06133999,147.399857
P6e,Opsiphanes cassina,0,EP9P6e,-90.47833099,16.06041396,147.576126
P6e,Opsiphanes cassina,0,EP10P6e,-90.47923297,16.06069802,147.654083
P7a,Opsiphanes cassina,0,EP1P7a,-90.47678604,16.05021,168.257996
P7a,Opsiphanes cassina,0,EP2P7a,-90.47680498,16.04927802,166.521393
P7a,Opsiphanes cassina,0,EP3P7a,-90.47768097,16.04985997,159.495056
P7a,Opsiphanes cassina,1,EP4P7a,-90.477686,16.048873,158.80394
P7a,Opsiphanes cassina,0,EP5P7a,-90.478549,16.05026398,159.467407
P7a,Opsiphanes cassina,0,EP6P7a,-90.47855403,16.04925497,154.765198
P7a,Opsiphanes cassina,0,EP7P7a,-90.47942198,16.04976098,155.614777
P7a,Opsiphanes cassina,0,EP8P7a,-90.48029504,16.05024302,159.023041
P7a,Opsiphanes cassina,0,EP9P7a,-90.48031901,16.04926201,156.566055
P7a,Opsiphanes cassina,0,EP10P7a,-90.48118603,16.04974103,155.077759
P7a,Opsiphanes cassina,0,EP11P7a,-90.48204903,16.05023598,156.681885
P7a,Opsiphanes cassina,0,EP12P7a,-90.48205599,16.04923099,152.791443
P7a,Opsiphanes cassina,0,EP13P7a,-90.48292603,16.04973198,156.653641
P7a,Opsiphanes cassina,0,EP14P7a,-90.48378903,16.05020497,160.524277
P7a,Opsiphanes cassina,0,EP15P7a,-90.48380697,16.04916704,154.899521
P7a,Opsiphanes cassina,0,EP16P7a,-90.48468104,16.04970298,157.193314
P7a,Opsiphanes cassina,0,EP17P7a,-90.48382097,16.05221101,162.554626
P7a,Opsiphanes cassina,1,EP18P7a,-90.48381502,16.05111399,166.914062
P7a,Opsiphanes cassina,0,EP19P7a,-90.48469403,16.05263396,165.53067
P7a,Opsiphanes cassina,0,EP20P7a,-90.48469604,16.05175001,165.578705
P7a,Opsiphanes cassina,0,EP21P7a,-90.48468498,16.05069598,167.554459
P7a,Opsiphanes cassina,0,EP22P7a,-90.48557002,16.05303797,166.096573
P7a,Opsiphanes cassina,0,EP23P7a,-90.48557798,16.05216097,166.977066
P7a,Opsiphanes cassina,0,EP24P7a,-90.48644803,16.05264603,167.791275
P7a,Opsiphanes cassina,0,EP25P7a,-90.48732201,16.05302799,170.79184
P7a,Opsiphanes cassina,0,EP26P7a,-90.48732502,16.05208,170.154312
P7a,Opsiphanes cassina,1,EP27P7a,-90.48734296,16.054078,170.730728
P7a,Opsiphanes cassina,0,EP28P7a,-90.486473,16.05359402,161.347336
P7a,Opsiphanes cassina,0,EP29P7a,-90.485595,16.05408998,158.944702
P7a,Opsiphanes cassina,0,EP30P7a,-90.48470803,16.05360199,157.759903
P7a,Opsiphanes cassina,1,EP31P7a,-90.48473904,16.05459499,156.127625
P7a,Opsiphanes cassina,1,EP32P7a,-90.48479201,16.05547702,154.498001
P7a,Opsiphanes cassina,0,EP33P7a,-90.48380102,16.05323704,157.481079
P7a,Opsiphanes cassina,0,EP34P7a,-90.48377596,16.054108,156.504639
P7a,Opsiphanes cassina,0,EP35P7a,-90.48384301,16.05510402,155.214584
P7a,Opsiphanes cassina,0,EP36P7a,-90.48385601,16.05606199,153.819916
P7a,Opsiphanes cassina,0,EP37P7a,-90.48468498,16.05650699,153.659958
P7a,Opsiphanes cassina,0,EP38P7a,-90.48384503,16.05703304,153.463654
P7a,Opsiphanes cassina,0,EP40P7a,-90.48296602,16.05559998,152.847305
P7a,Opsiphanes cassina,0,EP41P7a,-90.48297004,16.05461603,154.050171
P7a,Opsiphanes cassina,0,EP42P7a,-90.48294296,16.05354801,155.429504
P7a,Opsiphanes cassina,0,EP43P7a,-90.482087,16.05323796,155.856689
P7a,Opsiphanes cassina,0,EP44P7a,-90.48208801,16.05422996,155.221054
P7a,Opsiphanes cassina,0,EP39P7a,-90.48290198,16.05654102,154.457901
P7a,Opsiphanes cassina,1,EP46P7a,-90.48032203,16.05408504,155.748383
P7a,Opsiphanes cassina,0,EP45P7a,-90.48121604,16.053662,159.007065
P7a,Opsiphanes cassina,0,EP47P7a,-90.47944101,16.05366502,154.072357
P7a,Opsiphanes cassina,1,EP48P7a,-90.48293098,16.05267998,154.035156
P7a,Opsiphanes cassina,0,EP49P7a,-90.48293601,16.05168899,154.630707
P7a,Opsiphanes cassina,0,EP50P7a,-90.48291598,16.050713,154.258713
P7a,Opsiphanes cassina,0,EP51P7a,-90.48206303,16.052281,152.281891
P7a,Opsiphanes cassina,0,EP52P7a,-90.48207602,16.051203,148.977707
P7a,Opsiphanes cassina,1,EP53P7a,-90.48118302,16.05271401,169.293701
P7a,Opsiphanes cassina,0,EP54P7a,-90.48118503,16.05164104,168.397552
P7a,Opsiphanes cassina,0,EP55P7a,-90.48119098,16.05080796,170.008759
P7a,Opsiphanes cassina,0,EP56P7a,-90.480332,16.053101,168.937622
P7a,Opsiphanes cassina,0,EP57P7a,-90.48029898,16.052253,163.611023
P7a,Opsiphanes cassina,1,EP58P7a,-90.48031197,16.05123301,161.194443
P7a,Opsiphanes cassina,0,EP59P7a,-90.47944,16.05261401,163.380524
P7a,Opsiphanes cassina,0,EP60P7a,-90.47943899,16.05172603,158.172104
P7a,Opsiphanes cassina,0,EP61P7a,-90.47943799,16.05075499,156.497253
P7a,Opsiphanes cassina,0,EP62P7a,-90.47855102,16.051217,156.441345
P7a,Opsiphanes cassina,1,EP63P7a,-90.47766496,16.05082699,153.321686
P7a,Opsiphanes cassina,0,EP64P7a,-90.47683499,16.05126503,149.599472
P7b,Opsiphanes cassina,0,EP1P7b,-90.48538403,16.049433,158.438965
P7b,Opsiphanes cassina,0,EP2P7b,-90.48538503,16.05033296,172.861038
P7b,Opsiphanes cassina,2,EP3P7b,-90.48620403,16.05075499,150.226486
P7b,Opsiphanes cassina,0,EP4P7b,-90.48715797,16.05126302,151.651871
P7b,Opsiphanes cassina,0,EP5P7b,-90.48713098,16.050326,156.195908
P7b,Opsiphanes cassina,0,EP6P7b,-90.48715898,16.04942797,154.706039
P7b,Opsiphanes cassina,0,EP7P7b,-90.48628801,16.04985896,150.890656
P7b,Opsiphanes cassina,0,EP8P7b,-90.48626798,16.04893897,153.012344
P7b,Opsiphanes cassina,0,EP9P7b,-90.48824402,16.05268199,161.792969
P7b,Opsiphanes cassina,0,EP10P7b,-90.48828701,16.05179502,158.00296
P7b,Opsiphanes cassina,0,EP11P7b,-90.48914096,16.05407003,160.355927
P7b,Opsiphanes cassina,0,EP12P7b,-90.48827402,16.05362898,163.328857
P7c,Opsiphanes cassina,0,EP1P7c,-90.47900196,16.05199702,163.178421
P7c,Opsiphanes cassina,0,EP2P7c,-90.47901504,16.05293303,165.309479
P7c,Opsiphanes cassina,0,EP3P7c,-90.47587702,16.05221202,157.085068
P7c,Opsiphanes cassina,0,EP4P7c,-90.47643199,16.05344801,156.785217
P7c,Opsiphanes cassina,0,EP5P7c,-90.47818003,16.05344701,159.216003
P7c,Opsiphanes cassina,0,EP6P7c,-90.47728904,16.05393802,156.621704
P7c,Opsiphanes cassina,0,EP7P7c,-90.47904404,16.05391698,158.11557
P7c,Opsiphanes cassina,0,EP8P7c,-90.47644699,16.05437597,155.372742
P7c,Opsiphanes cassina,0,EP9P7c,-90.47553898,16.053963,154.628464
P7c,Opsiphanes cassina,1,EP10P7c,-90.475528,16.05297502,153.118835
P7c,Opsiphanes cassina,0,EP11P7c,-90.47464103,16.05250396,149.992661
P7c,Opsiphanes cassina,0,EP12P7c,-90.47466097,16.053475,151.592087
P7c,Opsiphanes cassina,0,EP13P7c,-90.47369999,16.052971,151.518219
P7c,Opsiphanes cassina,0,EP14P7c,-90.47369203,16.05201102,152.454147
P7c,Opsiphanes cassina,0,EP15P7c,-90.47289197,16.05149402,151.725235
P7c,Opsiphanes cassina,0,EP16P7c,-90.47280204,16.05056103,150.214859
P7c,Opsiphanes cassina,0,EP17P7c,-90.47207801,16.04959502,148.849014
P7c,Opsiphanes cassina,0,EP18P7c,-90.47107704,16.05057,147.299622
P7c,Opsiphanes cassina,0,EP19P7c,-90.47194398,16.05186098,127.315338
P7c,Opsiphanes cassina,0,EP20P7c,-90.47194398,16.05103,125.508926
P7c,Opsiphanes cassina,0,EP21P7c,-90.47106396,16.05145203,129.399368
P7c,Opsiphanes cassina,0,EP22P7c,-90.472854,16.05443599,131.362717
P7c,Opsiphanes cassina,1,EP23P7c,-90.47293103,16.05349503,136.175262
P7c,Opsiphanes cassina,0,EP24P7c,-90.47286004,16.052483,142.057648
P8a,Opsiphanes cassina,0,EP1P8a,-90.48081899,16.04130398,129.281036
P8a,Opsiphanes cassina,1,EP2P8a,-90.47996404,16.04177303,143.625717
P8a,Opsiphanes cassina,0,EP3P8a,-90.47995096,16.04092897,149.238403
P8a,Opsiphanes cassina,0,EP4P8a,-90.47914202,16.04223797,147.792984
P8a,Opsiphanes cassina,0,EP5P8a,-90.47914202,16.04131998,148.884888
P8a,Opsiphanes cassina,0,EP6P8a,-90.478319,16.04263402,144.511536
P8a,Opsiphanes cassina,0,EP7P8a,-90.47832697,16.04164202,147.419037
P8a,Opsiphanes cassina,0,EP8P8a,-90.47832596,16.04084699,146.463257
P8a,Opsiphanes cassina,0,EP9P8a,-90.47998197,16.04277601,151.097076
P8a,Opsiphanes cassina,0,EP10P8a,-90.48079401,16.04222196,152.551727
P8a,Opsiphanes cassina,1,EP11P8a,-90.48081002,16.04314397,152.964294
P8a,Opsiphanes cassina,0,EP12P8a,-90.48166003,16.04292604,149.664291
P8a,Opsiphanes cassina,0,EP13P8a,-90.48245204,16.04128797,151.399445
P8a,Opsiphanes cassina,0,EP14P8a,-90.48163497,16.04176699,149.882202
P8b,Opsiphanes cassina,2,EP1P8b,-90.48935101,16.03608599,147.361313
P8b,Opsiphanes cassina,1,EP2P8b,-90.48936401,16.03702099,148.771667
P8b,Opsiphanes cassina,1,EP3P8b,-90.48853897,16.03658597,145.868042
P8b,Opsiphanes cassina,1,EP4P8b,-90.489349,16.03796102,146.47435
P8b,Opsiphanes cassina,0,EP5P8b,-90.48851601,16.03749499,145.528519
P8b,Opsiphanes cassina,1,EP6P8b,-90.48852799,16.03843401,146.765106
P8b,Opsiphanes cassina,1,EP7P8b,-90.48685203,16.03842001,154.486389
P8b,Opsiphanes cassina,0,EP8P8b,-90.48767698,16.03793202,146.203278
P8b,Opsiphanes cassina,1,EP9P8b,-90.48685103,16.037468,149.233246
P8b,Opsiphanes cassina,0,EP10P8b,-90.48768301,16.03703398,142.383926
P8b,Opsiphanes cassina,0,EP11P8b,-90.48604402,16.03885897,155.604614
P8b,Opsiphanes cassina,0,EP12P8b,-90.485221,16.03648597,144.454987
P8c,Opsiphanes cassina,0,EP1P8c,,,
P8c,Opsiphanes cassina,0,EP2P8c,,,
P8c,Opsiphanes cassina,0,EP3P8c,,,
P8c,Opsiphanes cassina,0,EP4P8c,,,
P8c,Opsiphanes cassina,0,EP5P8c,,,
P8c,Opsiphanes cassina,0,EP6P8c,,,
P9a,Opsiphanes cassina,0,EP1P9a,-90.49690898,16.02932196,143.543091
P9a,Opsiphanes cassina,0,EP2P9a,-90.49606701,16.02977903,143.800186
P9a,Opsiphanes cassina,0,EP3P9a,-90.49607104,16.02886599,143.651199
P9a,Opsiphanes cassina,1,EP4P9a,-90.49527702,16.03023701,156.17836
P9a,Opsiphanes cassina,0,EP5P9a,-90.49525204,16.02933303,155.157135
P9a,Opsiphanes cassina,0,EP6P9a,-90.49443397,16.02979504,153.836105
P9a,Opsiphanes cassina,0,EP7P9a,-90.49443296,16.028869,151.866226
P9a,Opsiphanes cassina,0,EP8P9a,-90.49361397,16.03025101,151.556229
P9a,Opsiphanes cassina,0,EP9P9a,-90.49079102,16.03040004,148.799881
P9a,Opsiphanes cassina,1,EP10P9a,-90.48995602,16.02994298,148.519333
P9a,Opsiphanes cassina,0,EP11P9a,-90.49075677,16.02946286,0
P9a,Opsiphanes cassina,1,EP12P9a,-90.48996197,16.02902901,148.040329
P9b,Opsiphanes cassina,0,EP1P9b,-90.48919402,16.02660798,145.546082
P9b,Opsiphanes cassina,0,EP2P9b,-90.489191,16.02753896,145.351135
P9b,Opsiphanes cassina,0,EP3P9b,-90.48836497,16.02705298,144.005981
P9b,Opsiphanes cassina,0,EP4P9b,-90.48754597,16.02661301,143.949677
P9b,Opsiphanes cassina,2,EP5P9b,-90.48920701,16.02844597,143.639023
P9b,Opsiphanes cassina,0,EP6P9b,-90.48754999,16.02752396,143.564224
P9b,Opsiphanes cassina,0,EP7P9b,-90.48921699,16.02939203,137.219421
P9b,Opsiphanes cassina,2,EP8P9b,-90.48839497,16.02890597,138.433563
P9b,Opsiphanes cassina,0,EP9P9b,-90.48756399,16.02844002,139.320389
P9b,Opsiphanes cassina,0,EP10P9b,-90.48922101,16.03028404,137.136887
P9b,Opsiphanes cassina,0,EP11P9b,-90.488385,16.029803,138.042862
P9b,Opsiphanes cassina,0,EP12P9b,-90.48755301,16.02937401,135.457672
P9b,Opsiphanes cassina,0,EP13P9b,-90.48922,16.03211699,136.810455
P9b,Opsiphanes cassina,1,EP14P9b,-90.48846102,16.03167702,139.221542
P9b,Opsiphanes cassina,0,EP15P9b,-90.48757497,16.03213501,137.684586
P9b,Opsiphanes cassina,0,EP16P9b,-90.48756701,16.03120797,138.849426
P9b,Opsiphanes cassina,0,EP17P9b,-90.48590404,16.032148,138.963837
P9b,Opsiphanes cassina,0,EP18P9b,-90.48675799,16.03169203,143.096954
P9b,Opsiphanes cassina,0,EP19P9b,-90.48591703,16.03123597,140.157333
P9b,Opsiphanes cassina,0,EP20P9b,-90.486803,16.03073297,140.299438
P9b,Opsiphanes cassina,1,EP21P9b,-90.48598099,16.03027004,143.942856
P9c,Opsiphanes cassina,2,EP1P9c,,,
P9c,Opsiphanes cassina,0,EP2P9c,,,
P9c,Opsiphanes cassina,2,EP3P9c,,,
P9c,Opsiphanes cassina,0,EP4P9c,,,
P9c,Opsiphanes cassina,0,EP5P9c,,,
P9c,Opsiphanes cassina,0,EP6P9c,,,
P9c,Opsiphanes cassina,0,EP7P9c,,,
P9c,Opsiphanes cassina,6,EP8P9c,,,
P9c,Opsiphanes cassina,0,EP9P9c,,,
P9c,Opsiphanes cassina,0,EP10P9c,,,
P9c,Opsiphanes cassina,0,EP11P9c,,,
P9c,Opsiphanes cassina,0,EP12P9c,,,
P9c,Opsiphanes cassina,0,EP13P9c,,,
P9c,Opsiphanes cassina,8,EP14P9c,,,
P9c,Opsiphanes cassina,0,EP15P9c,,,
P9c,Opsiphanes cassina,0,EP16P9c,,,
P9c,Opsiphanes cassina,0,EP17P9c,,,
P9c,Opsiphanes cassina,0,EP18P9c,,,
P9d,Opsiphanes cassina,0,EP1P9d,,,
P9d,Opsiphanes cassina,0,EP2P9d,,,
P9d,Opsiphanes cassina,0,EP3P9d,,,
P9d,Opsiphanes cassina,0,EP4P9d,,,
P9d,Opsiphanes cassina,0,EP5P9d,,,
P9d,Opsiphanes cassina,0,EP6P9d,,,
P9d,Opsiphanes cassina,0,EP7P9d,,,
P9d,Opsiphanes cassina,0,EP8P9d,,,
P9d,Opsiphanes cassina,0,EP9P9d,,,
P9d,Opsiphanes cassina,0,EP10P9d,,,
R10a,Opsiphanes cassina,0,EP1R10a,,,
R10a,Opsiphanes cassina,0,EP2R10a,,,
R10a,Opsiphanes cassina,0,EP3R10a,,,
R10a,Opsiphanes cassina,0,EP4R10a,,,
R10a,Opsiphanes cassina,0,EP5R10a,,,
R10a,Opsiphanes cassina,0,EP6R10a,,,
R10a,Opsiphanes cassina,0,EP7R10a,,,
R10a,Opsiphanes cassina,0,EP8R10a,,,
R10a,Opsiphanes cassina,0,EP9R10a,,,
R12a,Opsiphanes cassina,0,EP1R12a,-90.53327001,16.05513101,149.229553
R12a,Opsiphanes cassina,0,EP2R12a,-90.53325199,16.056064,157.463745
R12a,Opsiphanes cassina,0,EP3R12a,-90.53410401,16.05656499,160.144226
R12a,Opsiphanes cassina,0,EP4R12a,-90.53409797,16.05564801,160.900375
R12a,Opsiphanes cassina,0,EP5R12a,-90.53413502,16.05467797,163.095001
R12a,Opsiphanes cassina,0,EP6R12a,-90.53239502,16.054726,163.7892
R12a,Opsiphanes cassina,0,EP7R12a,-90.53167904,16.05516002,160.259003
R12a,Opsiphanes cassina,1,EP8R12a,-90.53090103,16.05562898,167.669495
R12a,Opsiphanes cassina,0,EP9R12a,-90.52997097,16.055086,167.887894
R12a,Opsiphanes cassina,0,EP10R12a,-90.52920797,16.05628302,173.719986
R12a,Opsiphanes cassina,0,EP11R12a,-90.528696,16.05704301,173.504333
R12b,Opsiphanes cassina,0,EP1R12b,-90.52789201,16.05402703,172.131744
R12b,Opsiphanes cassina,0,EP2R12b,-90.52791196,16.05309698,172.291656
R12b,Opsiphanes cassina,0,EP3R12b,-90.527933,16.05218704,171.868332
R12b,Opsiphanes cassina,2,EP4R12b,-90.52796301,16.05125899,171.457031
R12b,Opsiphanes cassina,0,EP5R12b,-90.52799502,16.05033397,164.598785
R12b,Opsiphanes cassina,0,EP6R12b,-90.52717997,16.04986198,164.25354
R12b,Opsiphanes cassina,0,EP7R12b,-90.52802503,16.04939503,159.439529
R12b,Opsiphanes cassina,0,EP8R12b,-90.52636198,16.04936401,163.782761
R12b,Opsiphanes cassina,0,EP9R12b,-90.52715801,16.050799,164.859329
R12b,Opsiphanes cassina,0,EP10R12b,-90.526337,16.05027697,162.304611
R12b,Opsiphanes cassina,0,EP11R12b,-90.52710998,16.05263002,167.45282
R12b,Opsiphanes cassina,0,EP12R12b,-90.52712297,16.05357299,166.918579
R12b,Opsiphanes cassina,0,EP13R12b,-90.52623097,16.05397498,167.629822
R1a,Opsiphanes cassina,0,EP1R1a,-90.52470102,16.06457398,160.628708
R1a,Opsiphanes cassina,0,EP2R1a,-90.52468903,16.06364401,162.345291
R1a,Opsiphanes cassina,0,EP3R1a,-90.52384397,16.06409697,170.89772
R1a,Opsiphanes cassina,0,EP4R1a,-90.52389803,16.06323497,169.420364
R1a,Opsiphanes cassina,0,EP5R1a,-90.52549303,16.06323204,169.24025
R1a,Opsiphanes cassina,0,EP6R1a,-90.52552496,16.06412899,177.388367
R1a,Opsiphanes cassina,0,EP7R1a,-90.52689096,16.06412203,173.180481
R1a,Opsiphanes cassina,0,EP8R1a,-90.52691602,16.06320203,168.336868
R1b,Opsiphanes cassina,0,EP1R1b,-90.52744903,16.06519299,170.772202
R1b,Opsiphanes cassina,0,EP2R1b,-90.52823701,16.06566397,168.44577
R1b,Opsiphanes cassina,0,EP3R1b,-90.52732296,16.06616302,167.29184
R1b,Opsiphanes cassina,0,EP4R1b,-90.52653397,16.06757998,176.623795
R1b,Opsiphanes cassina,0,EP5R1b,-90.52564398,16.06704304,178.415527
R1b,Opsiphanes cassina,0,EP6R1b,-90.52647999,16.06659302,170.938553
R1b,Opsiphanes cassina,0,EP7R1b,-90.52568204,16.06519399,174.133255
R1b,Opsiphanes cassina,0,EP8R1b,-90.52651604,16.06567604,166.932541
R1b,Opsiphanes cassina,2,EP9R1b,-90.52405503,16.06609404,178.123886
R1b,Opsiphanes cassina,0,EP10R1b,-90.52319203,16.06561401,170.230469
R1b,Opsiphanes cassina,0,EP11R1b,-90.52493496,16.06568098,146.900131
R1b,Opsiphanes cassina,0,EP12R1b,-90.52408302,16.065166,140.305954
R1b,Opsiphanes cassina,0,EP13R1b,-90.524855,16.06654599,163.709839
R1b,Opsiphanes cassina,0,EP14R1b,-90.52483002,16.06747203,159.136642
R1b,Opsiphanes cassina,0,EP15R1b,-90.52400197,16.067007,166.022034
R1b,Opsiphanes cassina,1,EP16R1b,-90.52325204,16.066576,170.118637
R1b,Opsiphanes cassina,0,EP17R1b,-90.52319303,16.06743003,174.308273
R2a,Opsiphanes cassina,0,EP1R2a,-90.52600197,16.07196003,185.415665
R2a,Opsiphanes cassina,0,EP2R2a,-90.52599602,16.07273502,187.046219
R2a,Opsiphanes cassina,0,EP3R2a,-90.52682701,16.07243101,181.950806
R2a,Opsiphanes cassina,0,EP4R2a,-90.52681301,16.07335,181.82547
R2a,Opsiphanes cassina,0,EP5R2a,-90.52763997,16.07289403,175.389694
R2a,Opsiphanes cassina,0,EP6R2a,-90.528466,16.07335403,181.496521
R2a,Opsiphanes cassina,0,EP7R2a,-90.52928902,16.07289897,172.235718
R2a,Opsiphanes cassina,1,EP8R2a,-90.53009796,16.07335302,173.971283
R2a,Opsiphanes cassina,1,EP9R2a,-90.53009796,16.072443,180.88414
R2a,Opsiphanes cassina,0,EP10R2a,-90.53091897,16.07289503,181.733688
R2a,Opsiphanes cassina,0,EP11R2a,-90.53003099,16.07145896,177.235474
R2a,Opsiphanes cassina,0,EP12R2a,-90.530925,16.07197001,180.827927
R2a,Opsiphanes cassina,0,EP13R2a,-90.53008698,16.07058004,184.9496
R2a,Opsiphanes cassina,0,EP14R2a,-90.53094696,16.07103903,189.888062
R2a,Opsiphanes cassina,0,EP15R2a,-90.530091,16.06966498,182.619736
R2a,Opsiphanes cassina,0,EP16R2a,-90.53088603,16.070128,176.596008
R2a,Opsiphanes cassina,1,EP17R2a,-90.53009897,16.06873602,181.483734
R2a,Opsiphanes cassina,0,EP18R2a,-90.53101301,16.06923801,185.29512
R2a,Opsiphanes cassina,0,EP19R2a,-90.531026,16.068316,178.897263
R2a,Opsiphanes cassina,0,EP20R2a,-90.52934904,16.06830502,172.16214
R2a,Opsiphanes cassina,0,EP21R2a,-90.52930696,16.06918604,170.409225
R2a,Opsiphanes cassina,0,EP22R2a,-90.529299,16.07012096,170.401199
R2a,Opsiphanes cassina,0,EP23R2a,-90.52928198,16.071019,171.84996
R2a,Opsiphanes cassina,0,EP24R2a,-90.52928802,16.07198903,171.697128
R2a,Opsiphanes cassina,0,EP25R2a,-90.52845804,16.07240402,171.819519
R2a,Opsiphanes cassina,0,EP26R2a,-90.52844999,16.07155996,165.708038
R2a,Opsiphanes cassina,0,EP27R2a,-90.52758004,16.07191997,177.161163
R2a,Opsiphanes cassina,0,EP28R2a,-90.52679901,16.07150003,177.198883
R3a,Opsiphanes cassina,0,EP1R3a,-90.51768647,16.07226895,0
R3a,Opsiphanes cassina,0,EP2R3a,-90.51769501,16.07326501,177.31543
R3a,Opsiphanes cassina,0,EP3R3a,-90.51855097,16.07275296,177.908646
R3a,Opsiphanes cassina,0,EP4R3a,-90.51856999,16.07377002,179.981262
R3a,Opsiphanes cassina,0,EP5R3a,-90.51943702,16.07326501,181.574921
R3a,Opsiphanes cassina,0,EP6R3a,-90.52033799,16.07278196,177.971664
R3a,Opsiphanes cassina,0,EP7R3a,-90.52031997,16.07375703,180.915359
R3a,Opsiphanes cassina,0,EP8R3a,-90.52115103,16.07327096,186.28215
R3a,Opsiphanes cassina,0,EP9R3a,-90.52201998,16.07181603,182.591675
R3a,Opsiphanes cassina,0,EP10R3a,-90.52203197,16.07279202,188.712891
R3a,Opsiphanes cassina,0,EP11R3a,-90.52204203,16.073766,192.096436
R3a,Opsiphanes cassina,0,EP12R3a,-90.52291098,16.07042497,185.991379
R3a,Opsiphanes cassina,0,EP13R3a,-90.52379301,16.069927,180.567703
R3a,Opsiphanes cassina,0,EP14R3a,-90.52468903,16.07040703,178.970764
R3a,Opsiphanes cassina,1,EP15R3a,-90.525475,16.06991099,172.30545
R3a,Opsiphanes cassina,0,EP16R3a,-90.52464,16.06944697,178.75296
R3a,Opsiphanes cassina,0,EP17R3a,-90.52540401,16.068863,169.985382
R3a,Opsiphanes cassina,0,EP18R3a,-90.52466699,16.06850199,177.179718
R3a,Opsiphanes cassina,0,EP19R3a,-90.52378898,16.06883702,183.182098
R3a,Opsiphanes cassina,0,EP20R3a,-90.52382503,16.06808097,177.881195
R3a,Opsiphanes cassina,0,EP21R3a,-90.52294602,16.06941797,186.236694
R3a,Opsiphanes cassina,0,EP22R3a,-90.52293001,16.06846604,182.523697
R3a,Opsiphanes cassina,0,EP23R3a,-90.52203901,16.06889502,184.136108
R3a,Opsiphanes cassina,0,EP24R3a,-90.52109596,16.070847,184.869888
R3a,Opsiphanes cassina,0,EP25R3a,-90.52116704,16.06834701,221.579575
R3a,Opsiphanes cassina,0,EP26R3a,-90.52027596,16.06900197,217.182526
R3a,Opsiphanes cassina,0,EP27R3a,-90.52028996,16.069941,213.476593
R3a,Opsiphanes cassina,1,EP28R3a,-90.52203096,16.07079897,208.903427
R3a,Opsiphanes cassina,0,EP29R3a,-90.522052,16.069913,206.088272
R3a,Opsiphanes cassina,0,EP30R3a,-90.52119504,16.0723,200.187271
R3a,Opsiphanes cassina,0,EP31R3a,-90.52119202,16.07137296,198.828033
R3a,Opsiphanes cassina,0,EP32R3a,-90.52116604,16.07041198,193.717865
R3a,Opsiphanes cassina,0,EP33R3a,-90.52031896,16.07181796,189.419312
R3a,Opsiphanes cassina,0,EP34R3a,-90.52029499,16.07085102,188.486176
R3a,Opsiphanes cassina,0,EP35R3a,-90.51942696,16.07227301,194.198792
R3a,Opsiphanes cassina,0,EP36R3a,-90.51941497,16.07130599,193.004059
R3a,Opsiphanes cassina,0,EP37R3a,-90.51859195,16.10074391,0
R3a,Opsiphanes cassina,0,EP38R3a,-90.51767204,16.07130197,187.511292
R4a,Opsiphanes cassina,0,EP1R4a,-90.51085403,16.06940003,177.943497
R4a,Opsiphanes cassina,3,EP2R4a,-90.51089603,16.06857601,179.26799
R4a,Opsiphanes cassina,0,EP3R4a,-90.51006798,16.06895001,179.28775
R4a,Opsiphanes cassina,0,EP4R4a,-90.50924596,16.06845296,180.089081
R4a,Opsiphanes cassina,0,EP5R4a,-90.50842202,16.06902603,180.765564
R4a,Opsiphanes cassina,0,EP6R4a,-90.50840199,16.06800201,181.515594
R4a,Opsiphanes cassina,0,EP7R4a,-90.50758299,16.06936801,179.753418
R4a,Opsiphanes cassina,1,EP8R4a,-90.50759498,16.06845204,179.80365
R4a,Opsiphanes cassina,0,EP9R4a,-90.50674899,16.06893098,180.845444
R4a,Opsiphanes cassina,0,EP10R4a,-90.50676802,16.06797201,179.843521
R4a,Opsiphanes cassina,0,EP11R4a,-90.50674497,16.06984997,176.90271
R4a,Opsiphanes cassina,1,EP12R4a,-90.50674296,16.07076603,174.976303
R4a,Opsiphanes cassina,1,EP13R4a,-90.50675998,16.071782,172.72908
R4a,Opsiphanes cassina,0,EP14R4a,-90.50592799,16.07217704,169.2229
R4a,Opsiphanes cassina,0,EP15R4a,-90.50509097,16.07176901,172.269028
R4a,Opsiphanes cassina,0,EP16R4a,-90.50428002,16.07215298,171.695312
R4a,Opsiphanes cassina,0,EP17R4a,-90.50345901,16.07168703,175.271973
R4a,Opsiphanes cassina,0,EP18R4a,-90.50260004,16.072227,170.537292
R4a,Opsiphanes cassina,1,EP19R4a,-90.50099096,16.07213597,160.758163
R4a,Opsiphanes cassina,0,EP20R4a,-90.50100597,16.07306703,165.274353
R4a,Opsiphanes cassina,0,EP21R4a,-90.501788,16.07265397,167.264969
R4a,Opsiphanes cassina,1,EP22R4a,-90.50261504,16.07308597,169.151825
R4a,Opsiphanes cassina,0,EP23R4a,-90.50342004,16.07262698,170.469498
R4a,Opsiphanes cassina,0,EP24R4a,-90.50426904,16.07308798,167.912125
R4a,Opsiphanes cassina,0,EP25R4a,-90.50508996,16.07264601,169.408401
R4a,Opsiphanes cassina,0,EP26R4a,-90.505915,16.07309603,167.907974
R4a,Opsiphanes cassina,0,EP27R4a,-90.50673097,16.07255397,164.585403
R4a,Opsiphanes cassina,0,EP28R4a,-90.50817702,16.07244903,172.060562
R4a,Opsiphanes cassina,1,EP29R4a,-90.508346,16.07266,177.276016
R4a,Opsiphanes cassina,0,EP30R4a,-90.50837299,16.073579,173.48967
R4a,Opsiphanes cassina,0,EP31R4a,-90.50921897,16.07304499,177.141129
R4a,Opsiphanes cassina,0,EP32R4a,-90.510057,16.07265498,179.073898
R4a,Opsiphanes cassina,0,EP33R4a,-90.51005197,16.07361001,174.661957
R4a,Opsiphanes cassina,0,EP34R4a,-90.51086501,16.073133,180.398743
R4a,Opsiphanes cassina,0,EP35R4a,-90.51169398,16.07259404,183.80014
R4a,Opsiphanes cassina,0,EP36R4a,-90.51252203,16.07309896,183.674316
R4a,Opsiphanes cassina,0,EP37R4a,-90.51335704,16.07268197,186.393875
R4a,Opsiphanes cassina,0,EP38R4a,-90.51335402,16.07358897,182.930908
R4a,Opsiphanes cassina,0,EP40R4a,-90.51409598,16.07214301,183.942841
R4a,Opsiphanes cassina,2,EP41R4a,-90.51337204,16.07167102,182.023804
R4a,Opsiphanes cassina,0,EP42R4a,-90.51253896,16.07219699,181.674026
R4a,Opsiphanes cassina,0,EP43R4a,-90.51251398,16.071265,194.909897
R4a,Opsiphanes cassina,0,EP44R4a,-90.51169801,16.071724,193.457962
R4a,Opsiphanes cassina,1,EP39R4a,-90.51417402,16.073105,183.272781
R4a,Opsiphanes cassina,0,EP46R4a,-90.510877,16.07123097,191.786636
R4a,Opsiphanes cassina,1,EP45R4a,-90.51087297,16.07224803,191.060959
R4a,Opsiphanes cassina,0,EP47R4a,-90.51088404,16.07031198,188.971695
R4a,Opsiphanes cassina,0,EP48R4a,-90.51006404,16.07170598,191.600388
R4a,Opsiphanes cassina,8,EP49R4a,-90.51006303,16.07085597,191.459824
R4a,Opsiphanes cassina,0,EP50R4a,-90.51004099,16.06985701,186.891464
R4a,Opsiphanes cassina,0,EP51R4a,-90.50921604,16.072156,187.275757
R4a,Opsiphanes cassina,0,EP52R4a,-90.50920296,16.07123801,186.315964
R4a,Opsiphanes cassina,0,EP53R4a,-90.50924697,16.07030896,186.070114
R4a,Opsiphanes cassina,0,EP54R4a,-90.50841398,16.07169399,183.019638
R4a,Opsiphanes cassina,0,EP55R4a,-90.50842102,16.070775,182.866714
R4a,Opsiphanes cassina,0,EP56R4a,-90.50769699,16.07218198,179.916
R4b,Opsiphanes cassina,0,EP1R4b,-90.51352903,16.06818197,171.074554
R4b,Opsiphanes cassina,0,EP2R4b,-90.51351797,16.06910599,173.178085
R4b,Opsiphanes cassina,0,EP3R4b,-90.51354001,16.07002004,171.09314
R4b,Opsiphanes cassina,0,EP4R4b,-90.51270903,16.06949097,171.865128
R4b,Opsiphanes cassina,0,EP5R4b,-90.51188098,16.06910298,170.72316
R4b,Opsiphanes cassina,0,EP6R4b,-90.51187897,16.06826596,170.274841
R4b,Opsiphanes cassina,0,EP7R4b,-90.512689,16.06865999,171.297791
R4c,Opsiphanes cassina,1,EP1R4c,-90.50635002,16.06740799,172.633987
R4c,Opsiphanes cassina,0,EP2R4c,-90.50801299,16.06740598,171.785431
R4c,Opsiphanes cassina,0,EP3R4c,-90.50805397,16.06645698,177.634781
R4c,Opsiphanes cassina,0,EP4R4c,-90.50804098,16.06546699,172.271225
R4c,Opsiphanes cassina,0,EP5R4c,-90.50720799,16.06693198,179.800903
R4c,Opsiphanes cassina,1,EP6R4c,-90.50721302,16.06599698,176.89122
R4c,Opsiphanes cassina,0,EP7R4c,-90.506391,16.06653702,178.863281
R4c,Opsiphanes cassina,0,EP8R4c,-90.50637701,16.065541,177.450165
R4c,Opsiphanes cassina,0,EP9R4c,-90.50721,16.06507597,173.130051
R4c,Opsiphanes cassina,0,EP10R4c,-90.50556103,16.06880399,176.850906
R4c,Opsiphanes cassina,0,EP11R4c,-90.50554401,16.069726,175.616653
R4c,Opsiphanes cassina,0,EP12R4c,-90.50546899,16.07060803,173.620377
R4c,Opsiphanes cassina,0,EP13R4c,-90.50473399,16.06925804,175.156403
R4c,Opsiphanes cassina,0,EP14R4c,-90.503917,16.06972097,174.294861
R4c,Opsiphanes cassina,0,EP15R4c,-90.50308703,16.06924002,173.997559
R5a,Opsiphanes cassina,0,EP1R5a,,,
R5a,Opsiphanes cassina,0,EP2R5a,,,
R5a,Opsiphanes cassina,0,EP3R5a,,,
R5a,Opsiphanes cassina,0,EP4R5a,,,
R5a,Opsiphanes cassina,0,EP5R5a,,,
R5a,Opsiphanes cassina,0,EP6R5a,,,
R5a,Opsiphanes cassina,0,EP7R5a,,,
R5a,Opsiphanes cassina,0,EP8R5a,,,
R5a,Opsiphanes cassina,0,EP9R5a,,,
R5a,Opsiphanes cassina,0,EP10R5a,,,
R5a,Opsiphanes cassina,0,EP11R5a,,,
R5a,Opsiphanes cassina,0,EP12R5a,,,
R5a,Opsiphanes cassina,0,EP13R5a,,,
R5a,Opsiphanes cassina,0,EP14R5a,,,
R5a,Opsiphanes cassina,0,EP15R5a,,,
R5a,Opsiphanes cassina,0,EP16R5a,,,
R5a,Opsiphanes cassina,0,EP17R5a,,,
R5a,Opsiphanes cassina,0,EP18R5a,,,
R5b,Opsiphanes cassina,0,EP1R5b,,,
R5b,Opsiphanes cassina,0,EP2R5b,,,
R5b,Opsiphanes cassina,0,EP3R5b,,,
R5b,Opsiphanes cassina,0,EP4R5b,,,
R5b,Opsiphanes cassina,0,EP5R5b,,,
R5b,Opsiphanes cassina,0,EP6R5b,,,
R5b,Opsiphanes cassina,0,EP7R5b,,,
R5b,Opsiphanes cassina,0,EP8R5b,,,
R5b,Opsiphanes cassina,0,EP9R5b,,,
R5b,Opsiphanes cassina,0,EP10R5b,,,
R5b,Opsiphanes cassina,0,EP11R5b,,,
R6a,Opsiphanes cassina,0,EP1R6a,,,
R6a,Opsiphanes cassina,0,EP2R6a,,,
R6a,Opsiphanes cassina,0,EP3R6a,,,
R6a,Opsiphanes cassina,0,EP4R6a,,,
R6a,Opsiphanes cassina,0,EP5R6a,,,
R6a,Opsiphanes cassina,0,EP6R6a,,,
R6b,Opsiphanes cassina,0,EP1R6b,-90.61693003,16.07116702,189.367767
R6b,Opsiphanes cassina,0,EP2R6b,-90.61781298,16.07162802,175.17424
R6b,Opsiphanes cassina,0,EP3R6b,-90.61951602,16.07164202,152.596512
R6b,Opsiphanes cassina,0,EP4R6b,-90.62043803,16.07210403,158.202744
R6b,Opsiphanes cassina,0,EP5R6b,-90.61869903,16.07209196,162.151886
R6b,Opsiphanes cassina,0,EP6R6b,-90.61526103,16.07312403,162.2995
R6b,Opsiphanes cassina,0,EP7R6b,-90.61606502,16.07358101,159.795151
R6b,Opsiphanes cassina,0,EP8R6b,-90.61606896,16.07259697,166.44635
R6b,Opsiphanes cassina,0,EP9R6b,-90.61692702,16.07210202,169.69368
R6b,Opsiphanes cassina,0,EP10R6b,-90.61780804,16.07257401,170.188828
R6b,Opsiphanes cassina,0,EP11R6b,-90.61694101,16.073062,166.4552
R6b,Opsiphanes cassina,0,EP12R6b,-90.61780804,16.07354698,171.198044
R6b,Opsiphanes cassina,0,EP13R6b,-90.61954603,16.07355804,167.45018
R6b,Opsiphanes cassina,0,EP14R6b,-90.61867297,16.07306401,175.335709
R6b,Opsiphanes cassina,0,EP15R6b,-90.61954896,16.07257501,174.172485
R6b,Opsiphanes cassina,0,EP16R6b,-90.62042403,16.07306401,172.577499
R6b,Opsiphanes cassina,0,EP17R6b,-90.62131603,16.07352904,172.928375
R6c,Opsiphanes cassina,0,EP1R6c,,,
R6c,Opsiphanes cassina,0,EP2R6c,,,
R6c,Opsiphanes cassina,0,EP3R6c,,,
R6c,Opsiphanes cassina,0,EP4R6c,,,
R6c,Opsiphanes cassina,0,EP5R6c,,,
R6c,Opsiphanes cassina,0,EP6R6c,,,
R6c,Opsiphanes cassina,0,EP7R6c,,,
R6c,Opsiphanes cassina,0,EP8R6c,,,
R6c,Opsiphanes cassina,0,EP9R6c,,,
R6c,Opsiphanes cassina,0,EP10R6c,,,
R6c,Opsiphanes cassina,0,EP11R6c,,,
R6c,Opsiphanes cassina,0,EP12R6c,,,
R6c,Opsiphanes cassina,0,EP13R6c,,,
R6c,Opsiphanes cassina,0,EP14R6c,,,
R6c,Opsiphanes cassina,0,EP15R6c,,,
R6c,Opsiphanes cassina,0,EP16R6c,,,
R6c,Opsiphanes cassina,0,EP17R6c,,,
R6c,Opsiphanes cassina,0,EP18R6c,,,
R6c,Opsiphanes cassina,0,EP19R6c,,,
R6c,Opsiphanes cassina,0,EP20R6c,,,
R6c,Opsiphanes cassina,0,EP21R6c,,,
R6d,Opsiphanes cassina,0,EP1R6d,,,
R6d,Opsiphanes cassina,0,EP2R6d,,,
R6d,Opsiphanes cassina,0,EP3R6d,,,
R6d,Opsiphanes cassina,0,EP4R6d,,,
R6d,Opsiphanes cassina,0,EP5R6d,,,
R6d,Opsiphanes cassina,0,EP6R6d,,,
R6d,Opsiphanes cassina,0,EP7R6d,,,
R6d,Opsiphanes cassina,0,EP8R6d,,,
R6d,Opsiphanes cassina,0,EP9R6d,,,
R6d,Opsiphanes cassina,0,EP10R6d,,,
R6d,Opsiphanes cassina,0,EP11R6d,,,
R6d,Opsiphanes cassina,0,EP12R6d,,,
R6d,Opsiphanes cassina,0,EP13R6d,,,
R6d,Opsiphanes cassina,0,EP14R6d,,,
R6d,Opsiphanes cassina,0,EP15R6d,,,
R6d,Opsiphanes cassina,0,EP16R6d,,,
R6e,Opsiphanes cassina,0,EP1R6e,,,
R6e,Opsiphanes cassina,0,EP2R6e,,,
R6e,Opsiphanes cassina,0,EP3R6e,,,
R6e,Opsiphanes cassina,0,EP4R6e,,,
R6e,Opsiphanes cassina,0,EP5R6e,,,
R6e,Opsiphanes cassina,0,EP6R6e,,,
R6e,Opsiphanes cassina,0,EP7R6e,,,
R6e,Opsiphanes cassina,0,EP8R6e,,,
R6e,Opsiphanes cassina,0,EP9R6e,,,
R6e,Opsiphanes cassina,0,EP10R6e,,,
R6e,Opsiphanes cassina,0,EP11R6e,,,
R6e,Opsiphanes cassina,0,EP12R6e,,,
R6e,Opsiphanes cassina,0,EP13R6e,,,
R6e,Opsiphanes cassina,0,EP14R6e,,,
R6e,Opsiphanes cassina,0,EP15R6e,,,
R6e,Opsiphanes cassina,0,EP16R6e,,,
R6e,Opsiphanes cassina,0,EP17R6e,,,
R6e,Opsiphanes cassina,0,EP18R6e,,,
R6e,Opsiphanes cassina,0,EP19R6e,,,
R6e,Opsiphanes cassina,0,EP20R6e,,,
R6e,Opsiphanes cassina,0,EP21R6e,,,
R6e,Opsiphanes cassina,0,EP22R6e,,,
R6e,Opsiphanes cassina,0,EP23R6e,,,
R6e,Opsiphanes cassina,0,EP24R6e,,,
R6e,Opsiphanes cassina,0,EP25R6e,,,
R6e,Opsiphanes cassina,0,EP26R6e,,,
R6e,Opsiphanes cassina,0,EP27R6e,,,
R7a,Opsiphanes cassina,0,EP1R7a,,,
R7a,Opsiphanes cassina,0,EP2R7a,,,
R7a,Opsiphanes cassina,0,EP3R7a,,,
R7a,Opsiphanes cassina,0,EP4R7a,,,
R7a,Opsiphanes cassina,0,EP5R7a,,,
R7a,Opsiphanes cassina,0,EP6R7a,,,
R7a,Opsiphanes cassina,0,EP7R7a,,,
R7a,Opsiphanes cassina,0,EP8R7a,,,
R7a,Opsiphanes cassina,1,EP9R7a,,,
R7a,Opsiphanes cassina,0,EP10R7a,,,
R7a,Opsiphanes cassina,0,EP11R7a,,,
R7a,Opsiphanes cassina,0,EP12R7a,,,
R7a,Opsiphanes cassina,1,EP13R7a,,,
R7a,Opsiphanes cassina,0,EP14R7a,,,
R7a,Opsiphanes cassina,0,EP15R7a,,,
R7a,Opsiphanes cassina,0,EP16R7a,,,
R7a,Opsiphanes cassina,0,EP17R7a,,,
R8a,Opsiphanes cassina,0,EP1R8a,-90.54195198,16.046068,125.656906
R8a,Opsiphanes cassina,0,EP2R8a,-90.54191804,16.04685397,131.709747
R8a,Opsiphanes cassina,0,EP3R8a,-90.54102302,16.046485,141.978897
R8a,Opsiphanes cassina,0,EP4R8a,-90.54107197,16.04748102,142.193405
R8a,Opsiphanes cassina,0,EP5R8a,-90.54106501,16.04840202,142.553497
R8a,Opsiphanes cassina,0,EP6R8a,-90.54025004,16.04794102,144.638458
R8a,Opsiphanes cassina,0,EP7R8a,-90.54027501,16.04699001,148.390793
R8a,Opsiphanes cassina,0,EP8R8a,-90.54026797,16.046083,153.510315
R8a,Opsiphanes cassina,0,EP9R8a,-90.54018097,16.04519804,152.880127
R8a,Opsiphanes cassina,0,EP10R8a,-90.54105101,16.04563398,150.842285
R9a,Opsiphanes cassina,0,EP1R9a,-90.55411102,16.03329699,144.281479
R9a,Opsiphanes cassina,0,EP2R9a,-90.55409996,16.03415304,143.920776
R9a,Opsiphanes cassina,0,EP3R9a,-90.55407003,16.03515401,144.388214
R9a,Opsiphanes cassina,0,EP4R9a,-90.55330996,16.03373696,143.289825
R9a,Opsiphanes cassina,0,EP5R9a,-90.55325104,16.03462997,144.280563
R9a,Opsiphanes cassina,0,EP6R9a,-90.55166996,16.03277204,149.65329
R9a,Opsiphanes cassina,1,EP7R9a,-90.55249197,16.03324997,150.334534
R9a,Opsiphanes cassina,0,EP8R9a,-90.55164726,16.03371401,0
R9a,Opsiphanes cassina,0,EP9R9a,-90.552454,16.03418598,148.229904
R9a,Opsiphanes cassina,0,EP10R9a,-90.55243799,16.03513297,146.940506
R9a,Opsiphanes cassina,0,EP11R9a,-90.55162696,16.03476701,147.054504
V1a,Opsiphanes cassina,0,EP1V1a,-90.47297403,15.99291299,149.711502
V1a,Opsiphanes cassina,0,EP2V1a,-90.47218404,15.99159501,150.227554
V1a,Opsiphanes cassina,0,EP3V1a,-90.47216199,15.992499,149.962585
V1a,Opsiphanes cassina,0,EP4V1a,-90.47132699,15.99277996,147.862518
V1a,Opsiphanes cassina,0,EP5V1a,-90.47136202,15.99187497,148.41008
V1a,Opsiphanes cassina,0,EP6V1a,-90.47055803,15.99046698,148.273926
V1a,Opsiphanes cassina,0,EP7V1a,-90.47052199,15.99132897,150.617798
V1a,Opsiphanes cassina,0,EP8V1a,-90.47053699,15.99226397,149.954987
V1a,Opsiphanes cassina,0,EP9V1a,-90.46972001,15.992757,148.189224
V1a,Opsiphanes cassina,0,EP10V1a,-90.46972303,15.99184999,151.042038
V1a,Opsiphanes cassina,14,EP11V1a,-90.46887,15.99227697,146.647079
V1a,Opsiphanes cassina,0,EP12V1a,-90.46776803,15.99285004,142.183823
V1a,Opsiphanes cassina,0,EP13V1a,-90.46625904,15.99229197,143.880341
V1a,Opsiphanes cassina,0,EP14V1a,-90.46883496,15.99406499,141.9207
V1a,Opsiphanes cassina,0,EP15V1a,-90.47211799,15.99413901,144.284317
V1a,Opsiphanes cassina,0,EP16V1a,-90.472092,15.99504199,144.08017
V1a,Opsiphanes cassina,0,EP17V1a,-90.472925,15.99456699,143.889923
V1a,Opsiphanes cassina,0,EP18V1a,-90.472954,15.99368898,146.541183
V1a,Opsiphanes cassina,0,EP19V1a,-90.473587,15.99838997,151.66037
V1a,Opsiphanes cassina,0,EP20V1a,-90.472811,15.99691702,149.355713
V1a,Opsiphanes cassina,0,EP21V1a,-90.47277899,15.99782897,149.141235
V1a,Opsiphanes cassina,0,EP22V1a,-90.47274797,15.99881502,149.11087
V1a,Opsiphanes cassina,0,EP23V1a,-90.47192696,16.00017699,147.74173
V1a,Opsiphanes cassina,0,EP24V1a,-90.47189998,15.99926597,146.692322
V1a,Opsiphanes cassina,0,EP25V1a,-90.47192303,15.99843699,147.763535
V1a,Opsiphanes cassina,0,EP26V1a,-90.47111803,15.99884402,143.093674
V1a,Opsiphanes cassina,0,EP27V1a,-90.47024899,15.999243,149.770493
V1a,Opsiphanes cassina,0,EP28V1a,-90.469431,15.99883497,150.218765
V1a,Opsiphanes cassina,0,EP29V1a,-90.46938901,15.99997298,145.852158
V1a,Opsiphanes cassina,0,EP30V1a,-90.46857504,16.00011103,144.366425
V1a,Opsiphanes cassina,0,EP31V1a,-90.46773501,16.00055602,139.896591
V1a,Opsiphanes cassina,0,EP32V1a,-90.46691601,16.00100496,142.911789
V1a,Opsiphanes cassina,0,EP33V1a,-90.46607204,16.00104502,140.65863
V1a,Opsiphanes cassina,0,EP34V1a,-90.46525103,16.00109599,138.134766
V1b,Opsiphanes cassina,0,EP1V1b,-90.47076004,15.994008,113.950333
V1b,Opsiphanes cassina,0,EP2V1b,-90.46998697,15.99450303,126.418411
V1b,Opsiphanes cassina,0,EP3V1b,-90.47001396,15.993563,132.159882
V1b,Opsiphanes cassina,0,EP4V1b,-90.46838603,15.99513,131.161316
V1b,Opsiphanes cassina,0,EP5V1b,-90.46840497,15.994209,136.869705
V1b,Opsiphanes cassina,1,EP6V1b,-90.46755203,15.99350701,141.508545
V2a,Opsiphanes cassina,0,EP1V2a,-90.47280204,15.99158898,161.209854
V2a,Opsiphanes cassina,0,EP2V2a,-90.47348298,15.99298197,157.943985
V2a,Opsiphanes cassina,0,EP3V2a,-90.47592304,15.99359703,150.518127
V2a,Opsiphanes cassina,0,EP4V2a,-90.47677598,15.99316201,143.95018
V2a,Opsiphanes cassina,0,EP5V2a,-90.47683096,15.994051,149.640289
V2a,Opsiphanes cassina,0,EP6V2a,-90.47972096,15.99716001,150.933594
V2a,Opsiphanes cassina,0,EP7V2a,-90.48066602,15.99931399,151.58078
V2a,Opsiphanes cassina,0,EP8V2a,-90.47740596,15.99891099,157.331741
V2a,Opsiphanes cassina,1,EP9V2a,-90.47514503,15.99953603,157.003983
V2a,Opsiphanes cassina,1,EP10V2a,-90.474335,15.99909103,150.228699
V2a,Opsiphanes cassina,0,EP11V2a,-90.47429603,16.00005101,159.01297
V2a,Opsiphanes cassina,1,EP12V2a,-90.47430399,16.00090697,157.158356
V2a,Opsiphanes cassina,1,EP13V2a,-90.474263,16.00181398,154.834335
V2a,Opsiphanes cassina,0,EP14V2a,-90.47330998,16.00234296,153.491455
V2a,Opsiphanes cassina,0,EP15V2a,-90.47338701,16.001371,159.417786
V2a,Opsiphanes cassina,0,EP16V2a,-90.47336798,16.00054597,146.874374
V2a,Opsiphanes cassina,0,EP17V2a,-90.47344401,15.99966,163.813858
V2b,Opsiphanes cassina,0,EP1V2b,-90.48102804,16.00018596,137.82164
V2b,Opsiphanes cassina,0,EP2V2b,-90.48188802,16.00069902,145.413071
V2b,Opsiphanes cassina,0,EP3V2b,-90.48164,16.00135398,142.669586
V2b,Opsiphanes cassina,0,EP4V2b,-90.47957897,16.00014003,148.944931
V2b,Opsiphanes cassina,0,EP5V2b,-90.47977301,16.00093396,142.854233
V2b,Opsiphanes cassina,0,EP6V2b,-90.47869996,16.00062199,147.141068
V3a,Opsiphanes cassina,0,EP1V3a,-90.46580499,16.00333697,117.273682
V3a,Opsiphanes cassina,1,EP2V3a,-90.465879,16.00243097,155.66806
V3a,Opsiphanes cassina,0,EP3V3a,-90.46509102,16.00194801,152.197906
V3a,Opsiphanes cassina,0,EP4V3a,-90.46506202,16.00286599,157.831879
V3a,Opsiphanes cassina,0,EP5V3a,-90.46501298,16.00379496,151.91243
V3a,Opsiphanes cassina,1,EP6V3a,-90.46420304,16.00331501,149.867554
V3a,Opsiphanes cassina,0,EP7V3a,-90.46423296,16.002336,151.460434
V3a,Opsiphanes cassina,0,EP8V3a,-90.463419,16.001932,150.078842
V3a,Opsiphanes cassina,1,EP9V3a,-90.46338304,16.00284898,152.069901
V3a,Opsiphanes cassina,0,EP10V3a,-90.46335001,16.00381197,152.818665
V3a,Opsiphanes cassina,0,EP11V3a,-90.46255097,16.00333597,162.068527
V3a,Opsiphanes cassina,0,EP12V3a,-90.462557,16.00232502,166.435349
V3a,Opsiphanes cassina,0,EP13V3a,-90.46176198,16.00190601,173.87796
V3a,Opsiphanes cassina,1,EP14V3a,-90.46173298,16.00285099,174.842072
V3a,Opsiphanes cassina,0,EP15V3a,-90.46170297,16.003716,142.520126
V3a,Opsiphanes cassina,0,EP16V3a,-90.46088104,16.00334996,148.954132
V3a,Opsiphanes cassina,0,EP17V3a,-90.46092798,16.00222402,159.058853
V3a,Opsiphanes cassina,0,EP18V3a,-90.46011401,16.00184298,155.797714
V3a,Opsiphanes cassina,0,EP19V3a,-90.46006498,16.00290203,158.358353
V3a,Opsiphanes cassina,1,EP20V3a,-90.45925604,16.00318702,154.144699
V3a,Opsiphanes cassina,1,EP21V3a,-90.45929301,16.00229996,155.691086
V3a,Opsiphanes cassina,15,EP22V3a,-90.45846504,16.00178498,155.611038
V3a,Opsiphanes cassina,0,EP23V3a,-90.45842397,16.00286901,154.382751
V3a,Opsiphanes cassina,0,EP24V3a,-90.457954,16.002191,148.127823
V3a,Opsiphanes cassina,0,EP25V3a,-90.45736198,16.00291301,162.555084
V3b,Opsiphanes cassina,0,EP1V3b,-90.45793598,15.99875702,143.938522
V3b,Opsiphanes cassina,0,EP2V3b,-90.45886796,15.99771699,145.665253
V3b,Opsiphanes cassina,0,EP3V3b,-90.45884399,15.99925901,141.788849
V3b,Opsiphanes cassina,1,EP4V3b,-90.45879696,16.00009896,144.324448
V3b,Opsiphanes cassina,0,EP5V3b,-90.45876604,16.00086498,145.000946
V3b,Opsiphanes cassina,1,EP6V3b,-90.45953901,16.00054798,140.574936
V3b,Opsiphanes cassina,0,EP7V3b,-90.45957497,15.99968699,142.596741
V3b,Opsiphanes cassina,0,EP8V3b,-90.46028903,16.00014397,143.140717
V3b,Opsiphanes cassina,2,EP9V3b,-90.46029699,16.00097202,143.43631
V3b,Opsiphanes cassina,1,EP10V3b,-90.46104097,16.00058402,144.051788
V3b,Opsiphanes cassina,0,EP11V3b,-90.46178604,16.00018303,143.008865
V3b,Opsiphanes cassina,0,EP12V3b,-90.46178402,16.001098,139.696381
V3b,Opsiphanes cassina,1,EP13V3b,-90.46254401,16.00061302,144.174454
V3b,Opsiphanes cassina,0,EP14V3b,-90.463347,16.000308,147.53949
V3b,Opsiphanes cassina,0,EP15V3b,-90.46329997,16.00106799,145.556366
V3b,Opsiphanes cassina,0,EP16V3b,-90.46408997,16.00072802,146.700912
V4a,Opsiphanes cassina,0,EP1V4a,-90.45852397,15.99536603,153.693344
V4a,Opsiphanes cassina,1,EP2V4a,-90.45771101,15.99381002,146.878464
V4a,Opsiphanes cassina,0,EP3V4a,-90.45766599,15.99467,144.969513
V4a,Opsiphanes cassina,0,EP4V4a,-90.45770799,15.99561196,162.592102
V4a,Opsiphanes cassina,0,EP5V4a,-90.45763196,15.99643699,157.462234
V4a,Opsiphanes cassina,0,EP6V4a,-90.45760699,15.99745204,154.970856
V4a,Opsiphanes cassina,1,EP7V4a,-90.45679796,15.99698701,158.764084
V4a,Opsiphanes cassina,0,EP8V4a,-90.45684599,15.99513503,158.030396
V4a,Opsiphanes cassina,0,EP9V4a,-90.45689201,15.99422199,162.722748
V4a,Opsiphanes cassina,0,EP10V4a,-90.45690198,15.99327198,158.039658
V4a,Opsiphanes cassina,0,EP11V4a,-90.45605298,15.99364498,151.153519
V4a,Opsiphanes cassina,1,EP12V4a,-90.456042,15.99467603,150.122696
V4a,Opsiphanes cassina,0,EP13V4a,-90.45606899,15.99561799,153.523087
V4a,Opsiphanes cassina,2,EP14V4a,-90.455179,15.99516897,157.710693
V4a,Opsiphanes cassina,0,EP15V4a,-90.45522099,15.99407698,148.796738
V4a,Opsiphanes cassina,0,EP16V4a,-90.45523499,15.99316503,139.515717
V4a,Opsiphanes cassina,0,EP17V4a,-90.45447098,15.992743,139.84729
V4a,Opsiphanes cassina,0,EP18V4a,-90.45440401,15.993707,141.226852
V4a,Opsiphanes cassina,0,EP19V4a,-90.454403,15.99483403,161.182465
V4a,Opsiphanes cassina,0,EP20V4a,-90.453569,15.99417203,158.460022
V4a,Opsiphanes cassina,2,EP21V4a,-90.45360303,15.99321297,147.519165
V4a,Opsiphanes cassina,1,EP22V4a,-90.45367302,15.99229901,143.712006
V4a,Opsiphanes cassina,0,EP23V4a,-90.45280902,15.99272699,154.564362
V4a,Opsiphanes cassina,0,EP24V4a,-90.45279301,15.99365202,158.106995
V4a,Opsiphanes cassina,2,EP25V4a,-90.45162901,15.99328799,156.280609
V4a,Opsiphanes cassina,1,EP26V4a,-90.45284204,15.99149804,161.539276
V4a,Opsiphanes cassina,0,EP27V4a,-90.45185801,15.99046597,158.323288
V4a,Opsiphanes cassina,0,EP28V4a,-90.45186899,15.99131003,157.643341
V4a,Opsiphanes cassina,0,EP29V4a,-90.45098796,15.99089496,166.557236
V4a,Opsiphanes cassina,0,EP30V4a,-90.45101697,15.99006004,163.049896
V4a,Opsiphanes cassina,0,EP31V4a,-90.45026997,15.98951798,147.239136
V4a,Opsiphanes cassina,0,EP32V4a,-90.45025698,15.99035298,147.307068
V4a,Opsiphanes cassina,0,EP33V4a,-90.45022798,15.99129603,145.828934
V4a,Opsiphanes cassina,0,EP34V4a,-90.44941602,15.99065004,163.738831
V4a,Opsiphanes cassina,0,EP35V4a,-90.44941401,15.98987999,162.530075
V4a,Opsiphanes cassina,0,EP36V4a,-90.44943304,15.988946,158.116013
V4a,Opsiphanes cassina,0,EP37V4a,-90.44864899,15.98846203,156.356918
V4a,Opsiphanes cassina,0,EP38V4a,-90.44861999,15.98940399,155.811142
V4a,Opsiphanes cassina,0,EP39V4a,-90.44858797,15.99024796,151.967941
V5a,Opsiphanes cassina,0,EP1V5a,-90.47294604,16.00072199,161.625122
V5a,Opsiphanes cassina,0,EP2V5a,-90.47198396,16.00127301,164.843307
V5a,Opsiphanes cassina,0,EP3V5a,-90.47116203,15.99971297,159.158768
V5a,Opsiphanes cassina,0,EP4V5a,-90.47113001,16.00074604,163.415451
V5a,Opsiphanes cassina,0,EP5V5a,-90.47113303,16.00176997,168.689941
V5a,Opsiphanes cassina,0,EP6V5a,-90.47026198,16.00223701,163.175797
V5a,Opsiphanes cassina,0,EP7V5a,-90.47030498,16.00124502,154.703232
V5a,Opsiphanes cassina,0,EP8V5a,-90.47031001,16.00019996,161.750259
V5a,Opsiphanes cassina,0,EP9V5a,-90.46944902,16.00062702,152.30658
V5a,Opsiphanes cassina,0,EP10V5a,-90.46939697,16.00170502,153.504578
V5a,Opsiphanes cassina,0,EP11V5a,-90.46942103,16.00288896,147.162018
V5a,Opsiphanes cassina,0,EP12V5a,-90.46857999,16.00317897,149.949127
V5a,Opsiphanes cassina,0,EP13V5a,-90.468525,16.00225302,157.941452
V5a,Opsiphanes cassina,1,EP14V5a,-90.468524,16.00127804,160.775711
V5a,Opsiphanes cassina,1,EP15V5a,-90.46763903,16.00174299,155.854279
V5a,Opsiphanes cassina,0,EP16V5a,-90.46764499,16.00272803,163.265884
V5a,Opsiphanes cassina,0,EP17V5a,-90.46763199,16.003702,147.599731
V5a,Opsiphanes cassina,0,EP18V5a,-90.46678098,16.00226702,154.85582
V6a,Opsiphanes cassina,0,EP1V6a,-90.47277597,15.99650002,120.568825
V6a,Opsiphanes cassina,0,EP2V6a,-90.47368599,15.997144,129.960663
V6a,Opsiphanes cassina,0,EP3V6a,-90.47526799,15.998697,155.832703
V6a,Opsiphanes cassina,0,EP4V6a,-90.47533999,15.99774096,155.051483
V6a,Opsiphanes cassina,1,EP5V6a,-90.47616603,15.99739403,155.217178
V6a,Opsiphanes cassina,0,EP6V6a,-90.47611004,15.99830699,158.382477
V6a,Opsiphanes cassina,0,EP7V6a,-90.47609403,15.99914501,147.710434
V6a,Opsiphanes cassina,1,EP8V6a,-90.47688302,15.99797398,153.934296
V7a,Opsiphanes cassina,0,EP1V7a,-90.47967796,15.99920201,159.036942
V7a,Opsiphanes cassina,0,EP2V7a,-90.479828,15.998122,160.214996
V7a,Opsiphanes cassina,0,EP3V7a,-90.47893097,15.99858804,155.150604
V7a,Opsiphanes cassina,0,EP4V7a,-90.47782296,15.99817397,150.480179
V7a,Opsiphanes cassina,0,EP5V7a,-90.47882896,15.99767298,156.385391
V7b,Opsiphanes cassina,0,EP1V7b,,,
V7b,Opsiphanes cassina,0,EP2V7b,,,
V7b,Opsiphanes cassina,0,EP3V7b,,,
V7b,Opsiphanes cassina,0,EP4V7b,,,
V7b,Opsiphanes cassina,0,EP5V7b,,,
V7b,Opsiphanes cassina,0,EP6V7b,,,
V7b,Opsiphanes cassina,1,EP7V7b,,,
V7b,Opsiphanes cassina,0,EP8V7b,,,
V8a,Opsiphanes cassina,0,EP1V8a,-90.47221002,15.99587498,155.80957
V8a,Opsiphanes cassina,14,EP2V8a,-90.47142598,15.99636801,154.454636
V8a,Opsiphanes cassina,0,EP3V8a,-90.47148901,15.99542504,149.276978
V8a,Opsiphanes cassina,0,EP4V8a,-90.47072601,15.99508398,142.573898
V8a,Opsiphanes cassina,0,EP5V8a,-90.47071796,15.99591002,146.413391
V8a,Opsiphanes cassina,0,EP6V8a,-90.46992302,15.99631503,138.458725
V8a,Opsiphanes cassina,2,EP7V8a,-90.46994699,15.99555303,142.344482
V8a,Opsiphanes cassina,0,EP8V8a,-90.46921198,15.99502003,139.819855
V8a,Opsiphanes cassina,0,EP9V8a,-90.46919203,15.99580499,140.990387
V8a,Opsiphanes cassina,0,EP10V8a,-90.467576,15.998352,141.778336
V8a,Opsiphanes cassina,1,EP11V8a,-90.46761297,15.99751096,142.129105
V8a,Opsiphanes cassina,0,EP12V8a,-90.46838502,15.99710503,140.214569
V8a,Opsiphanes cassina,0,EP13V8a,-90.46836499,15.99786501,141.82608
V8a,Opsiphanes cassina,0,EP14V8a,-90.468337,15.99877504,145.309143
V8a,Opsiphanes cassina,0,EP15V8a,-90.46910201,15.99838302,145.102966
V8a,Opsiphanes cassina,0,EP16V8a,-90.46913898,15.99759696,141.080307
V8a,Opsiphanes cassina,0,EP17V8a,-90.46914803,15.99671099,138.94931
V8a,Opsiphanes cassina,0,EP18V8a,-90.46990399,15.997173,141.396576
V8a,Opsiphanes cassina,0,EP19V8a,-90.46989502,15.99798898,144.49118
V8a,Opsiphanes cassina,0,EP20V8a,-90.47061302,15.99851503,144.453751
V8a,Opsiphanes cassina,0,EP21V8a,-90.47064504,15.99775496,145.811157
V8a,Opsiphanes cassina,0,EP22V8a,-90.47068301,15.99690403,143.327484
V9a,Opsiphanes cassina,0,EP1V9a,,,
V9a,Opsiphanes cassina,0,EP2V9a,,,
V9a,Opsiphanes cassina,0,EP3V9a,,,
V9a,Opsiphanes cassina,0,EP4V9a,,,
V9a,Opsiphanes cassina,0,EP5V9a,,,
V9a,Opsiphanes cassina,0,EP6V9a,,,
V9a,Opsiphanes cassina,0,EP7V9a,,,
