{
"type": "FeatureCollection",
"name": "Perimetro de plagas",
"crs": { "type": "name", "properties": { "name": "urn:ogc:def:crs:OGC:1.3:CRS84" } },
"features": [
{ "type": "Feature", "properties": { "OBJECTID": 1, "Id": 0, "Shape_Leng": 437.09462345999998, "Shape_Area": 6682.3243600400001 }, "geometry": { "type": "MultiPolygon", "coordinates": [ [ [ [ -90.36812610733628, 16.152645189812095 ], [ -90.368126612678964, 16.152640431378455 ], [ -90.368472587046966, 16.152859910884853 ], [ -90.368405235203312, 16.153189955465088 ], [ -90.36829660779361, 16.153737911511925 ], [ -90.368197763006734, 16.154346196159782 ], [ -90.367857823941065, 16.154332342968427 ], [ -90.367860555749502, 16.154315240293862 ], [ -90.367909683138976, 16.154007680439197 ], [ -90.367912550167915, 16.153989729136423 ], [ -90.36797476256281, 16.153600243783821 ], [ -90.36800027268653, 16.153440541069973 ], [ -90.36803984171253, 16.153192808898751 ], [ -90.368068016826726, 16.153016421025971 ], [ -90.368123719886825, 16.152667686855889 ], [ -90.36812610733628, 16.152645189812095 ] ] ] ] } },
{ "type": "Feature", "properties": { "OBJECTID": 2, "Id": 0, "Shape_Leng": 3925.222406, "Shape_Area": 764181.89749100001 }, "geometry": { "type": "MultiPolygon", "coordinates": [ [ [ [ -90.364428609532382, 16.153048440277786 ], [ -90.36384827628234, 16.152690831733764 ], [ -90.363485970552759, 16.152467572487186 ], [ -90.363381970815709, 16.152366328486206 ], [ -90.363010853242145, 16.152122502109442 ], [ -90.362623411697584, 16.151899717834432 ], [ -90.362351261614378, 16.151739558879182 ], [ -90.362314141262303, 16.151651098149539 ], [ -90.361920761479411, 16.151414445582212 ], [ -90.361794580675664, 16.151318823716768 ], [ -90.361646133684928, 16.151213640907343 ], [ -90.361275017423139, 16.15094590118656 ], [ -90.360906376279686, 16.150685334448635 ], [ -90.360557527037528, 16.150424762851213 ], [ -90.359993454499431, 16.150169002477465 ], [ -90.359407112770413, 16.149867813116604 ], [ -90.359372481930279, 16.149882162314807 ], [ -90.358593178713591, 16.149542740803906 ], [ -90.357935109367759, 16.149308503672341 ], [ -90.357554123176058, 16.149174653799317 ], [ -90.357654037010263, 16.148947896021973 ], [ -90.357781646049503, 16.148638965485244 ], [ -90.357867711148458, 16.148442894752161 ], [ -90.357955746064945, 16.148192308946257 ], [ -90.358055657364076, 16.147959891974217 ], [ -90.358162496648148, 16.147722693696554 ], [ -90.358326843566061, 16.147439860463269 ], [ -90.35848760911388, 16.147200741919697 ], [ -90.358586540504092, 16.147036348345019 ], [ -90.358734940669351, 16.146833096839398 ], [ -90.358802952906601, 16.1467015844533 ], [ -90.358840036622723, 16.146528233335932 ], [ -90.358861648846428, 16.146280165502805 ], [ -90.358932691737351, 16.145694364127028 ], [ -90.358931513661361, 16.145391762109771 ], [ -90.359016574654433, 16.145112483932838 ], [ -90.35902640083593, 16.144605593803004 ], [ -90.359014963985885, 16.144169797856126 ], [ -90.35907011293429, 16.144046655488676 ], [ -90.359163107934506, 16.143916574880567 ], [ -90.359305571076519, 16.143736753892576 ], [ -90.359436157738841, 16.143522504712799 ], [ -90.359539014465, 16.14315332340032 ], [ -90.35961616885902, 16.142952471845504 ], [ -90.35965770980026, 16.142824309424068 ], [ -90.359677489053112, 16.142753533221587 ], [ -90.359723002430115, 16.14272483532876 ], [ -90.359806119932756, 16.142719086402696 ], [ -90.360213788815756, 16.142694166593877 ], [ -90.360285031479364, 16.142686506195297 ], [ -90.360639268368629, 16.14266350557071 ], [ -90.360731596094553, 16.142682916339588 ], [ -90.361518404831131, 16.143762339921967 ], [ -90.361737375530168, 16.14405281455041 ], [ -90.362349692335911, 16.144458001820489 ], [ -90.362769037013479, 16.144723341269795 ], [ -90.363385070607791, 16.145139282825703 ], [ -90.364234906326928, 16.145727339168239 ], [ -90.365218356999648, 16.146455243765015 ], [ -90.365578340112961, 16.146731346533873 ], [ -90.365718073713367, 16.146860562547491 ], [ -90.365807375860385, 16.146927178899663 ], [ -90.365866129255792, 16.146934462915404 ], [ -90.365915612623681, 16.146976296919632 ], [ -90.366064067857494, 16.147134676259981 ], [ -90.366227991624243, 16.147334895190774 ], [ -90.366793996322599, 16.148028189396044 ], [ -90.367051894592535, 16.148333306181833 ], [ -90.367248652593361, 16.14856608776434 ], [ -90.367749712055669, 16.149178694205975 ], [ -90.368089947782963, 16.149641890089207 ], [ -90.368300266817954, 16.149880952675446 ], [ -90.368423985798756, 16.150027380691071 ], [ -90.368451828976319, 16.150093127345354 ], [ -90.368449843844317, 16.150145153285582 ], [ -90.368448750394464, 16.150173823499642 ], [ -90.368430222637599, 16.150314297699996 ], [ -90.368362258653889, 16.150678934857002 ], [ -90.368260313749417, 16.15123485712618 ], [ -90.368149104728772, 16.151859521881203 ], [ -90.368116726295099, 16.151986437007334 ], [ -90.368072802162558, 16.152278427840908 ], [ -90.368031949344072, 16.15270816389565 ], [ -90.368014642698768, 16.15281572795876 ], [ -90.367898177364836, 16.15280041785963 ], [ -90.367515966653642, 16.152811240928866 ], [ -90.36738979896451, 16.152811261872809 ], [ -90.367348987579931, 16.152857892972101 ], [ -90.36729334422175, 16.152969083735528 ], [ -90.367222851741744, 16.153037237670336 ], [ -90.367170913063021, 16.153112563410716 ], [ -90.367100429048051, 16.153230928631469 ], [ -90.367059638115521, 16.153392327259233 ], [ -90.367022561425216, 16.153568070412348 ], [ -90.367041134269272, 16.153675662194896 ], [ -90.367256385497313, 16.153808326338606 ], [ -90.367571835407162, 16.153973252052612 ], [ -90.367798218053352, 16.154091567696302 ], [ -90.367808323134639, 16.154097979517573 ], [ -90.367753689450439, 16.154437523012856 ], [ -90.36773873416756, 16.154524463647764 ], [ -90.367738135200014, 16.154527953022637 ], [ -90.367737980909979, 16.154527929426891 ], [ -90.367631305058921, 16.154511215255514 ], [ -90.367301019180445, 16.154392916098189 ], [ -90.366514265257891, 16.154073848125741 ], [ -90.365352682475347, 16.153525301156961 ], [ -90.364428609532382, 16.153048440277786 ] ] ] ] } },
{ "type": "Feature", "properties": { "OBJECTID": 3, "Id": 0, "Shape_Leng": 5899.45202126, "Shape_Area": 788337.30143700005 }, "geometry": { "type": "MultiPolygon", "coordinates": [ [ [ [ -90.341478925974968, 16.208503980854207 ], [ -90.341297040488499, 16.208428671792237 ], [ -90.341271059030291, 16.208460951097209 ], [ -90.341107732701559, 16.208389227714825 ], [ -90.341040918714938, 16.208403575899773 ], [ -90.340914712306358, 16.208346196964182 ], [ -90.340903578662036, 16.208396408678066 ], [ -90.340803357194019, 16.208371305370331 ], [ -90.340610335849377, 16.208288823543079 ], [ -90.340513825902619, 16.208281654161819 ], [ -90.340365349886625, 16.208260140621721 ], [ -90.340228008920576, 16.20821710679256 ], [ -90.340075818711398, 16.208141795520032 ], [ -90.339953326088079, 16.208098761844997 ], [ -90.339771439602359, 16.208027037013501 ], [ -90.339704626949143, 16.208027039938443 ], [ -90.339530165372921, 16.207948141303806 ], [ -90.339448503626784, 16.207948143777763 ], [ -90.339251771225094, 16.20784055466979 ], [ -90.339166398343522, 16.207851316248004 ], [ -90.339032768701145, 16.207779590256681 ], [ -90.338947394899392, 16.207790351746368 ], [ -90.338427726153142, 16.207542897073406 ], [ -90.338349775562506, 16.207510620406843 ], [ -90.338331217592966, 16.207535726704812 ], [ -90.338063960421565, 16.207446070137827 ], [ -90.337874652754792, 16.207342066432282 ], [ -90.337818975540159, 16.207374346151404 ], [ -90.337596260266906, 16.207263169128613 ], [ -90.337562854503915, 16.207302620599982 ], [ -90.33745520881395, 16.207245239346243 ], [ -90.337425514824531, 16.207259584966678 ], [ -90.337165680751241, 16.207130476732448 ], [ -90.337103651532942, 16.207114218815139 ], [ -90.337041787821349, 16.2071333481416 ], [ -90.337026954686181, 16.207896078986007 ], [ -90.336871056122348, 16.207864998305606 ], [ -90.336616173859113, 16.207848265787604 ], [ -90.336450375351589, 16.207802838672443 ], [ -90.336262306601938, 16.207788495389046 ], [ -90.335985152623991, 16.207752634162443 ], [ -90.335552099272036, 16.207692864703915 ], [ -90.335158640462609, 16.20763070099208 ], [ -90.33468104460411, 16.207561366014694 ], [ -90.334302433808247, 16.207494421020499 ], [ -90.334037653763986, 16.207472902709547 ], [ -90.333740703665526, 16.207410736728001 ], [ -90.333270533916306, 16.207348572750263 ], [ -90.333018126151416, 16.207312706291969 ], [ -90.332894397670884, 16.207260104062513 ], [ -90.332763244629078, 16.207255322589432 ], [ -90.332669210952687, 16.207243366672827 ], [ -90.332491041894343, 16.207212283321638 ], [ -90.332374485050906, 16.207200154958713 ], [ -90.332330194334006, 16.207195545676676 ], [ -90.332025820925807, 16.207245754858739 ], [ -90.33184814603031, 16.207269663670477 ], [ -90.331509129101192, 16.207312698931986 ], [ -90.331157738723292, 16.207360515071169 ], [ -90.330821194879093, 16.207415504474803 ], [ -90.33051434654999, 16.20746571132096 ], [ -90.33037576903709, 16.207484838043101 ], [ -90.330368345454332, 16.207420280803568 ], [ -90.330393094037859, 16.207319858687288 ], [ -90.330435162445511, 16.207240956348329 ], [ -90.330506926371541, 16.20717161771903 ], [ -90.330905335395641, 16.206973170030015 ], [ -90.330949878276527, 16.206913395702429 ], [ -90.330986998073627, 16.206805800539282 ], [ -90.33108845683482, 16.206750809377663 ], [ -90.331109243795893, 16.206682905070146 ], [ -90.331304324797983, 16.206572029689223 ], [ -90.331426585593704, 16.206502541926419 ], [ -90.331677161138245, 16.206360125545807 ], [ -90.331740261868731, 16.206395991076825 ], [ -90.33188873665388, 16.206342195478637 ], [ -90.331885025562386, 16.206245359681866 ], [ -90.331959262766915, 16.206205907963223 ], [ -90.33196668790815, 16.206109072839212 ], [ -90.33202236589797, 16.206030170086201 ], [ -90.332029789810136, 16.205908229002244 ], [ -90.331996384284878, 16.205858017795794 ], [ -90.33200751994201, 16.205693038799183 ], [ -90.332059486764692, 16.205646414636934 ], [ -90.332074335926933, 16.205424051976383 ], [ -90.332178267047979, 16.2053379764724 ], [ -90.332226524021635, 16.204771309762105 ], [ -90.33224747527521, 16.20454822881516 ], [ -90.331469728143489, 16.204428649983548 ], [ -90.331469728331456, 16.204453754133752 ], [ -90.331466016021537, 16.204503966719976 ], [ -90.331473438900503, 16.204582869685332 ], [ -90.331484573990124, 16.204668944851043 ], [ -90.331506844174555, 16.204715570817019 ], [ -90.331558808840754, 16.204769367887216 ], [ -90.33162562149694, 16.204808819216414 ], [ -90.331748111190535, 16.204823166181928 ], [ -90.331803786990434, 16.20493076176972 ], [ -90.33176666623558, 16.205336036717025 ], [ -90.331745958641179, 16.205496084006651 ], [ -90.331744392762573, 16.20550818879569 ], [ -90.331710985660337, 16.205569158864456 ], [ -90.331681290467657, 16.205712618085755 ], [ -90.331607053066023, 16.205827386670336 ], [ -90.331506832304626, 16.205899115470533 ], [ -90.331380629503215, 16.205978016359982 ], [ -90.331295255685959, 16.20604974599431 ], [ -90.331209882894612, 16.206146580643765 ], [ -90.331172763100568, 16.206189619109566 ], [ -90.331061407597318, 16.206261346980721 ], [ -90.330964898450247, 16.206329490226761 ], [ -90.33084331237103, 16.206420535739859 ], [ -90.330816423127658, 16.20644066995261 ], [ -90.330682794353407, 16.206544676783533 ], [ -90.330630829100798, 16.206587713262266 ], [ -90.330296757840912, 16.20677062061608 ], [ -90.330248505988308, 16.206713236161608 ], [ -90.329999808845059, 16.2068495197916 ], [ -90.329932993221206, 16.206982219554334 ], [ -90.329951550141857, 16.207096986775362 ], [ -90.329936701038065, 16.207222513676196 ], [ -90.329825343696868, 16.207305001994971 ], [ -90.329881020625066, 16.207380319240375 ], [ -90.329528629879832, 16.207537945660917 ], [ -90.329480135156047, 16.207559637754574 ], [ -90.329446728691678, 16.207502252383776 ], [ -90.329269607952995, 16.207583797319359 ], [ -90.328867672100387, 16.207717431066943 ], [ -90.328778587773272, 16.207660045024209 ], [ -90.328552161481511, 16.207735356505886 ], [ -90.327203843628922, 16.207948373711833 ], [ -90.327167625105147, 16.207954095379304 ], [ -90.326874233260853, 16.207999933314582 ], [ -90.326881811783309, 16.207914636040691 ], [ -90.327045262839988, 16.204019700954031 ], [ -90.327062713842551, 16.203836373995252 ], [ -90.32710416879145, 16.202357144769657 ], [ -90.327136998453454, 16.202337220117421 ], [ -90.327193911580551, 16.202337222116668 ], [ -90.327297841832959, 16.202330052385481 ], [ -90.327503226288485, 16.202337230282549 ], [ -90.32811937955249, 16.202361157958997 ], [ -90.329764930002796, 16.202485524059288 ], [ -90.330445420373493, 16.202552483152633 ], [ -90.331845996340562, 16.202648137679738 ], [ -90.331863318602615, 16.20267204891427 ], [ -90.331875689000839, 16.202865719966965 ], [ -90.331878161976292, 16.203085692157796 ], [ -90.331867195310039, 16.203168335122019 ], [ -90.331865787878016, 16.203178941473617 ], [ -90.331845991727818, 16.20332240135561 ], [ -90.331779178333747, 16.203372611010863 ], [ -90.33172721276928, 16.203379783412974 ], [ -90.331702467622435, 16.203375001484048 ], [ -90.331677722601711, 16.203410866135702 ], [ -90.331670297839565, 16.203487378434541 ], [ -90.331638128406283, 16.203523243526543 ], [ -90.331529248749888, 16.203594971829212 ], [ -90.331508076096981, 16.203906100101303 ], [ -90.331482225881771, 16.204285970707431 ], [ -90.331455006012675, 16.204343354695357 ], [ -90.331368396120027, 16.204362482631929 ], [ -90.332066712399623, 16.204439294447582 ], [ -90.332067131200887, 16.204373308145392 ], [ -90.332067951336413, 16.204244287466882 ], [ -90.332070587796053, 16.203829354755072 ], [ -90.332071665773867, 16.20365982868972 ], [ -90.332086512894037, 16.203568970168554 ], [ -90.332140953735802, 16.203545060519637 ], [ -90.332190443159021, 16.203554625176054 ], [ -90.332215188862335, 16.203506805374786 ], [ -90.332220138610751, 16.203425509788008 ], [ -90.332274578762309, 16.203396818790402 ], [ -90.332343865238713, 16.203392037923614 ], [ -90.33240820590008, 16.202760814325945 ], [ -90.332789281965091, 16.202799071278498 ], [ -90.334036441161402, 16.202980786225229 ], [ -90.334971811743287, 16.203138587622789 ], [ -90.33595172510347, 16.203262909434603 ], [ -90.3370454694616, 16.203435044949693 ], [ -90.337664102753095, 16.203482851652666 ], [ -90.338594525350715, 16.203501958072348 ], [ -90.340282158228931, 16.203587983623493 ], [ -90.341786675838947, 16.203654876166254 ], [ -90.341806299294277, 16.203792939719143 ], [ -90.341816873794343, 16.203867339065443 ], [ -90.341845590878563, 16.204131638802039 ], [ -90.341854510869496, 16.204384127777249 ], [ -90.341879761356878, 16.2046437891211 ], [ -90.341882739404468, 16.204833156696481 ], [ -90.341873847120823, 16.205176026353744 ], [ -90.34190057269312, 16.205204716953759 ], [ -90.341908004321354, 16.205355350149745 ], [ -90.341906523437672, 16.205465814577519 ], [ -90.341916921104442, 16.205553324880952 ], [ -90.34193919776007, 16.205692479500534 ], [ -90.341931661784486, 16.205918095875514 ], [ -90.341924255605377, 16.206334129744583 ], [ -90.341939104142241, 16.206366407880406 ], [ -90.341954012994108, 16.207736449647538 ], [ -90.341987456684151, 16.208525478831415 ], [ -90.341980034343834, 16.208564930438694 ], [ -90.341928069161682, 16.208604385060053 ], [ -90.341824137121151, 16.208604389045735 ], [ -90.341478925974968, 16.208503980854207 ] ] ] ] } },
{ "type": "Feature", "properties": { "OBJECTID": 4, "Id": 0, "Shape_Leng": 4185.8153100999998, "Shape_Area": 539297.73762699997 }, "geometry": { "type": "MultiPolygon", "coordinates": [ [ [ [ -90.378301980494271, 16.266409581634097 ], [ -90.378291672341192, 16.266399476245294 ], [ -90.378279790641258, 16.266399478454556 ], [ -90.378271868433927, 16.266395654289457 ], [ -90.378258003091617, 16.2663803543158 ], [ -90.378162913346927, 16.266223525639685 ], [ -90.377530977697418, 16.265232826959362 ], [ -90.376940650348246, 16.264314804493733 ], [ -90.376253748830791, 16.263201717635905 ], [ -90.375947695312618, 16.262728361302507 ], [ -90.375698092205326, 16.262310943545774 ], [ -90.375351928602612, 16.261767297640755 ], [ -90.375078560903106, 16.261324060615792 ], [ -90.374852736450549, 16.260964019641595 ], [ -90.374643254896398, 16.260621190811577 ], [ -90.374453089140459, 16.260317092669002 ], [ -90.374273322385633, 16.260023034012146 ], [ -90.374103957694075, 16.259760535218 ], [ -90.373830592580262, 16.259305818715255 ], [ -90.373610718158389, 16.258958686708169 ], [ -90.373608727250058, 16.25895542176643 ], [ -90.373595964743558, 16.25892445503667 ], [ -90.373583186614937, 16.258913533585066 ], [ -90.373502265168412, 16.258780816529093 ], [ -90.373503249506783, 16.25875595076382 ], [ -90.375013014434415, 16.258138768075536 ], [ -90.375679061589906, 16.257876864729017 ], [ -90.375679595991855, 16.257876654448637 ], [ -90.376898975487805, 16.257397162481265 ], [ -90.376923979594949, 16.257414945535988 ], [ -90.376946260449785, 16.257436461659911 ], [ -90.376968546418027, 16.257472321674925 ], [ -90.377035400627847, 16.257579902607159 ], [ -90.377261956847349, 16.257891880272265 ], [ -90.377331365334442, 16.257944335774596 ], [ -90.377306142581489, 16.257907807970163 ], [ -90.377324671614375, 16.257920061169266 ], [ -90.377319420267369, 16.257901015190956 ], [ -90.377341443239843, 16.257876861153786 ], [ -90.37749191764135, 16.257788839493042 ], [ -90.37772753615026, 16.257687409652668 ], [ -90.378020447811181, 16.257552134928279 ], [ -90.378688688174876, 16.257250122799444 ], [ -90.378744380171582, 16.257244133318206 ], [ -90.378793888628508, 16.257262054001643 ], [ -90.378846497290823, 16.257303884739962 ], [ -90.379264329247491, 16.257880623861453 ], [ -90.379762637665252, 16.258573905166628 ], [ -90.380276428209854, 16.259297068542715 ], [ -90.380666412294872, 16.259831967672604 ], [ -90.381074971717752, 16.260399738194138 ], [ -90.381347345680922, 16.260779247457023 ], [ -90.381684719896825, 16.261248404466048 ], [ -90.38199733437915, 16.261681700974815 ], [ -90.382260426616625, 16.262049256956118 ], [ -90.382563756267572, 16.262464621659579 ], [ -90.382761855519405, 16.262757474118075 ], [ -90.383082133547134, 16.263195324955198 ], [ -90.383210895818635, 16.263374618639478 ], [ -90.383272801406832, 16.263465463026456 ], [ -90.38328396584204, 16.26356110050288 ], [ -90.383266672216152, 16.263687828731278 ], [ -90.383207289174152, 16.263782287577452 ], [ -90.383098419935408, 16.263952076461596 ], [ -90.3828881011394, 16.264272523032698 ], [ -90.382702509735608, 16.264494931291125 ], [ -90.382497133724087, 16.264789075838202 ], [ -90.38212596400443, 16.265291276945728 ], [ -90.38175726333084, 16.265776739698747 ], [ -90.381679520725854, 16.2658720003868 ], [ -90.381654454123037, 16.26589044723552 ], [ -90.380689817772989, 16.264899836497104 ], [ -90.380414590271954, 16.2650165825481 ], [ -90.379963137283198, 16.26520796574362 ], [ -90.379501785744864, 16.265412740804262 ], [ -90.379309726730909, 16.265519901431961 ], [ -90.378905833291597, 16.265858558824206 ], [ -90.378301980494271, 16.266409581634097 ] ], [ [ -90.379173395169929, 16.260653887497597 ], [ -90.37905375505791, 16.260472515922523 ], [ -90.378198311745237, 16.26094739140612 ], [ -90.378153766431666, 16.260986851695925 ], [ -90.378127782103732, 16.261019136251218 ], [ -90.378138934159026, 16.26107293178833 ], [ -90.378384070802099, 16.261431529725076 ], [ -90.378666344864158, 16.261822398438181 ], [ -90.379074897159143, 16.262363871055442 ], [ -90.379579999957429, 16.262961869486123 ], [ -90.379993989472368, 16.263451455049619 ], [ -90.380017754908053, 16.263462927351739 ], [ -90.380039538984832, 16.263470572589483 ], [ -90.380065282912497, 16.263470566380668 ], [ -90.38067324003967, 16.263562242442401 ], [ -90.38069502437159, 16.26356797599901 ], [ -90.380719467056764, 16.263407791086937 ], [ -90.379966652936631, 16.262088125176597 ], [ -90.379509956072624, 16.261453730551878 ], [ -90.379402087601036, 16.261256180876352 ], [ -90.379228283791576, 16.260999501628962 ], [ -90.37922870861307, 16.260801927709316 ], [ -90.379173395169929, 16.260653887497597 ] ] ] ] } },
{ "type": "Feature", "properties": { "OBJECTID": 5, "Id": 0, "Shape_Leng": 75855.547237299994, "Shape_Area": 17070653.712400001 }, "geometry": { "type": "MultiPolygon", "coordinates": [ [ [ [ -90.360726856775841, 16.275848793598136 ], [ -90.361013981231366, 16.275647909826453 ], [ -90.361489276024031, 16.275695664588127 ], [ -90.362123055662337, 16.276097267159834 ], [ -90.36192514441251, 16.276938931865242 ], [ -90.363519474989232, 16.277713391827472 ], [ -90.363390818852722, 16.278153356999766 ], [ -90.363143354766734, 16.278698544715549 ], [ -90.362975095668162, 16.279186336585152 ], [ -90.3627869897864, 16.279396771995192 ], [ -90.362430532044101, 16.279502027995406 ], [ -90.362143365537037, 16.279454248805578 ], [ -90.361479885794253, 16.279167419312852 ], [ -90.361182817654012, 16.279119639572194 ], [ -90.360816431861963, 16.279043175840016 ], [ -90.360410416944902, 16.27881369327331 ], [ -90.359806348433239, 16.278488594126397 ], [ -90.359964695806823, 16.277876473985248 ], [ -90.360142926607665, 16.277847758616687 ], [ -90.360489493356027, 16.277828583838986 ], [ -90.360845952247885, 16.277752025115714 ], [ -90.361063757924242, 16.277493765511181 ], [ -90.36120227944501, 16.27676687867649 ], [ -90.36102401988812, 16.276594750204552 ], [ -90.360558605477721, 16.276422658549176 ], [ -90.36038033322221, 16.276145324973079 ], [ -90.360726856775841, 16.275848793598136 ] ] ], [ [ [ -90.373907485657327, 16.284547798440872 ], [ -90.373570315869856, 16.284359514689065 ], [ -90.373424387640569, 16.28444077252918 ], [ -90.37309532054465, 16.284257012042449 ], [ -90.373095372851893, 16.284175666974512 ], [ -90.373049852324414, 16.284150247339372 ], [ -90.372876574394809, 16.284150143290496 ], [ -90.372876689031017, 16.28397217293444 ], [ -90.372768283189771, 16.283911635820338 ], [ -90.372632388448864, 16.283987306223871 ], [ -90.372466451992437, 16.283987206259688 ], [ -90.372320628842488, 16.283905773205504 ], [ -90.372174752192123, 16.283905685118182 ], [ -90.371966043082693, 16.283789134193508 ], [ -90.371272421428657, 16.283401787194975 ], [ -90.371272559261925, 16.283190459935902 ], [ -90.371163996448544, 16.283371809699702 ], [ -90.371063766530781, 16.283203890313345 ], [ -90.370935309330633, 16.283132154186077 ], [ -90.3707894341958, 16.283132065148241 ], [ -90.370716522334902, 16.283091348056619 ], [ -90.370570647231503, 16.283091258868147 ], [ -90.370351913793215, 16.28296910729388 ], [ -90.370206037846472, 16.282969017854096 ], [ -90.370133127103259, 16.282928300562684 ], [ -90.369841376209365, 16.282928121281856 ], [ -90.369768465557385, 16.282887403865267 ], [ -90.369642649304396, 16.282887326383879 ], [ -90.369569684953149, 16.282927953965899 ], [ -90.369403749407468, 16.282927851606001 ], [ -90.369257928316841, 16.282846416447459 ], [ -90.369112052467159, 16.282846326254059 ], [ -90.369039141997689, 16.282805608587143 ], [ -90.368893266179441, 16.282805518243116 ], [ -90.368820355770708, 16.282764800501095 ], [ -90.368674479983909, 16.28276471000644 ], [ -90.368560482158287, 16.282701046330988 ], [ -90.368428058936701, 16.283073583316245 ], [ -90.368528436558478, 16.283017692942384 ], [ -90.368986122251144, 16.2830179768522 ], [ -90.369131944290146, 16.283099412197441 ], [ -90.369305221271617, 16.283099519306621 ], [ -90.369305167405926, 16.283180864370653 ], [ -90.369403581952483, 16.283180925141583 ], [ -90.3694765464314, 16.283140297618743 ], [ -90.369788357290517, 16.283140489751535 ], [ -90.369861268975527, 16.283181207161576 ], [ -90.370007144141297, 16.283181296839629 ], [ -90.370080055887044, 16.283222014174548 ], [ -90.370225931084235, 16.28322210370197 ], [ -90.370580461436134, 16.283420090688264 ], [ -90.37079935433222, 16.283298206824945 ], [ -90.370982595452134, 16.283400536899116 ], [ -90.370982542276707, 16.283481881966264 ], [ -90.371055453401056, 16.283522598965572 ], [ -90.371055400255244, 16.283603944032013 ], [ -90.371246742833975, 16.283710797986814 ], [ -90.371565896868844, 16.283710991974527 ], [ -90.371565833988996, 16.283807617259946 ], [ -90.371638746290841, 16.283848334059272 ], [ -90.371638640477528, 16.284011024190274 ], [ -90.37174704508638, 16.284071561879998 ], [ -90.371782564908472, 16.284051784013233 ], [ -90.371782644877385, 16.283928692660112 ], [ -90.37212173644464, 16.284118054169738 ], [ -90.372267612315881, 16.284118142294169 ], [ -90.372449622963316, 16.284219782538859 ], [ -90.3724512235367, 16.284220676492247 ], [ -90.372451952260533, 16.284221083657076 ], [ -90.372486348223049, 16.284240291892207 ], [ -90.372499567308111, 16.284240299859345 ], [ -90.37263222512253, 16.284240379766434 ], [ -90.373170002127509, 16.284540690915321 ], [ -90.373169897571771, 16.284703381045428 ], [ -90.373242809602488, 16.284744097292631 ], [ -90.373242705105397, 16.284906787420073 ], [ -90.373351111638328, 16.284967324290282 ], [ -90.373424075978321, 16.284926695411762 ], [ -90.373534406834608, 16.284988307094959 ], [ -90.373534067302472, 16.285518123748584 ], [ -90.373461102765233, 16.285558752661395 ], [ -90.373460920888348, 16.285842386608554 ], [ -90.373460841956387, 16.285965477947482 ], [ -90.373387877238159, 16.286006106832044 ], [ -90.373387662639459, 16.286340566059199 ], [ -90.373387643056844, 16.286371085819038 ], [ -90.373568962234742, 16.286472338745167 ], [ -90.373714892849719, 16.286391080831624 ], [ -90.373787805615237, 16.286431796889687 ], [ -90.3738871218696, 16.286376494466534 ], [ -90.373923702544985, 16.286356125770705 ], [ -90.374014526480408, 16.286356179882784 ], [ -90.37407106988762, 16.286356213551141 ], [ -90.374089640066927, 16.286356224605321 ], [ -90.374262859307592, 16.286452952946199 ], [ -90.374262829430691, 16.286499840235468 ], [ -90.374262755639933, 16.286615643053818 ], [ -90.374281227569767, 16.28662595774356 ], [ -90.374335668602569, 16.286656358923548 ], [ -90.374335540258457, 16.286857888579185 ], [ -90.374335486602206, 16.286942140360239 ], [ -90.374262521699137, 16.286982769541471 ], [ -90.37426239279381, 16.287185058410795 ], [ -90.374271095562108, 16.287189917173571 ], [ -90.3743353059659, 16.287225774279939 ], [ -90.37433525415949, 16.28730711932835 ], [ -90.374408168327534, 16.287347835172888 ], [ -90.374408139153658, 16.287393669492012 ], [ -90.374408129153238, 16.287409380836035 ], [ -90.374408089978786, 16.287470926498827 ], [ -90.374335123958303, 16.287511555701261 ], [ -90.374335098738484, 16.287551154469842 ], [ -90.374445432279842, 16.287612765675476 ], [ -90.374307608088102, 16.287689509726164 ], [ -90.373676629486383, 16.287689133836082 ], [ -90.37367679550583, 16.287429818489176 ], [ -90.373641301555281, 16.287409997897392 ], [ -90.373532816077585, 16.287470404992359 ], [ -90.373532763939508, 16.287551750036371 ], [ -90.373320851647804, 16.287669747122639 ], [ -90.373317196462082, 16.287669580435722 ], [ -90.371363916275868, 16.287580288588501 ], [ -90.371080970349894, 16.287559704137347 ], [ -90.369741127477894, 16.287462228170657 ], [ -90.367969804987325, 16.287354938488647 ], [ -90.36761213799366, 16.287345380137982 ], [ -90.366794456663399, 16.28728804184383 ], [ -90.366794526720369, 16.287184267284804 ], [ -90.366867499766713, 16.287143640696158 ], [ -90.366867554651179, 16.28706229567057 ], [ -90.366940527637368, 16.287021669055818 ], [ -90.366940582491296, 16.286940324029054 ], [ -90.367013556353157, 16.286899697388783 ], [ -90.367016208089879, 16.286816906051357 ], [ -90.367086584042468, 16.28677772569387 ], [ -90.367086638835318, 16.28669638066475 ], [ -90.367159612576884, 16.286655753972266 ], [ -90.367159667339195, 16.286574408941966 ], [ -90.367232640084822, 16.28653378222279 ], [ -90.367232827409751, 16.286255368907785 ], [ -90.367086990741726, 16.286173932258137 ], [ -90.367087123482861, 16.285976856739946 ], [ -90.366879486401189, 16.286092456709838 ], [ -90.366879431525078, 16.286173801742915 ], [ -90.366806457905625, 16.286214428341484 ], [ -90.366806402998961, 16.286295773373379 ], [ -90.366660456545645, 16.286377026493341 ], [ -90.366660346610516, 16.28653971655304 ], [ -90.366587373746441, 16.286580343073879 ], [ -90.366587318748174, 16.286661688102239 ], [ -90.366441371934002, 16.286742941065558 ], [ -90.366441316874969, 16.286824286092177 ], [ -90.366368342924872, 16.286864912534657 ], [ -90.3663682878353, 16.2869462575601 ], [ -90.366295314760876, 16.286986883977065 ], [ -90.366295259640765, 16.287068229001321 ], [ -90.366222285570387, 16.287108855391583 ], [ -90.366222230419737, 16.287190200414663 ], [ -90.366138310913158, 16.287242028297452 ], [ -90.365851136828269, 16.287221888809469 ], [ -90.365846223059904, 16.287189962277605 ], [ -90.365846642123998, 16.28657358030129 ], [ -90.365992589053974, 16.286492327747901 ], [ -90.365992644296796, 16.286410982720223 ], [ -90.366138591046663, 16.286329730063507 ], [ -90.366138644832006, 16.286250443967184 ], [ -90.366211619996449, 16.28620775866715 ], [ -90.366214251295418, 16.28596235040138 ], [ -90.366284758161399, 16.285923097178735 ], [ -90.366284868401792, 16.285760407112065 ], [ -90.366357841958575, 16.285719780691235 ], [ -90.366357897048061, 16.285638435656409 ], [ -90.366430869608891, 16.28559780920888 ], [ -90.366430979726502, 16.285435119136238 ], [ -90.366503953132778, 16.28539449266264 ], [ -90.366504008160888, 16.28531314762483 ], [ -90.366576980571224, 16.285272521124536 ], [ -90.366577035568795, 16.285191176085544 ], [ -90.366650008854791, 16.285150549559731 ], [ -90.366650063821837, 16.285069204519562 ], [ -90.366796009307834, 16.284987951389589 ], [ -90.366796064214114, 16.284906606347686 ], [ -90.36686903641413, 16.284865979743525 ], [ -90.366869091289871, 16.284784634700443 ], [ -90.366942063429747, 16.284744008070181 ], [ -90.366942118274963, 16.284662663025916 ], [ -90.367088063340333, 16.284581409688222 ], [ -90.367088118124784, 16.284500064642227 ], [ -90.367307035875754, 16.284378184442701 ], [ -90.367307090569227, 16.284296839394425 ], [ -90.367380062438968, 16.284256212609208 ], [ -90.367380171764538, 16.284093522509671 ], [ -90.367526116229214, 16.284012268860966 ], [ -90.367526170831098, 16.283930923809155 ], [ -90.367557010311359, 16.283913753996949 ], [ -90.367677727117439, 16.283913829533621 ], [ -90.367677791490209, 16.283935059737697 ], [ -90.367766874914082, 16.283857893640977 ], [ -90.367767587455262, 16.283857296651863 ], [ -90.367768189490135, 16.283856822515137 ], [ -90.367843610278058, 16.283799132705383 ], [ -90.367885169695853, 16.283763132729849 ], [ -90.368132680826449, 16.283514425400671 ], [ -90.368404045322862, 16.282930773392454 ], [ -90.368449421233478, 16.28281662472865 ], [ -90.368477012957285, 16.282739527633524 ], [ -90.368726724319998, 16.281973908965313 ], [ -90.368738600115648, 16.281934937566451 ], [ -90.368858830996317, 16.281550468492444 ], [ -90.36905490839888, 16.280917960863093 ], [ -90.369116066225715, 16.280706637882016 ], [ -90.369117428979763, 16.280702978192178 ], [ -90.369119305393767, 16.280699553356591 ], [ -90.369121656217558, 16.280696435014757 ], [ -90.369124432277431, 16.280693688395043 ], [ -90.369124690168562, 16.280692857026697 ], [ -90.369159338302126, 16.280645031256615 ], [ -90.369198942021129, 16.280625895351083 ], [ -90.370347600904964, 16.280702204428206 ], [ -90.370446621924685, 16.280697404254621 ], [ -90.370535727928726, 16.280630440354916 ], [ -90.370550395379567, 16.280606160579381 ], [ -90.370580409720162, 16.280551780745299 ], [ -90.370580908121951, 16.280550916984183 ], [ -90.370652084089627, 16.280433100462037 ], [ -90.370653341148952, 16.280431204985263 ], [ -90.370669778003133, 16.280408548665648 ], [ -90.371104913580538, 16.279688275312058 ], [ -90.371426672112449, 16.279396512533495 ], [ -90.372060285847965, 16.278812985805725 ], [ -90.37222858401762, 16.27863601900258 ], [ -90.372466209232229, 16.278525987576227 ], [ -90.372545125596361, 16.278481129889812 ], [ -90.372569129525644, 16.278391978319384 ], [ -90.372569388376988, 16.278391081871021 ], [ -90.37259657997312, 16.278302675168298 ], [ -90.372613876306218, 16.278245355330682 ], [ -90.372614453839091, 16.278243652853302 ], [ -90.372616040317368, 16.278240212908656 ], [ -90.372631875262442, 16.278211445238988 ], [ -90.372639423411428, 16.278186430726791 ], [ -90.372862150487123, 16.277861209371185 ], [ -90.373188819178324, 16.277397288802181 ], [ -90.373188795570627, 16.277282520720302 ], [ -90.373396425777102, 16.277269805146375 ], [ -90.373827033250379, 16.276676748801108 ], [ -90.374965412303894, 16.275112797072303 ], [ -90.375450461064929, 16.274471905890643 ], [ -90.376262153213389, 16.273338397497454 ], [ -90.376870921449736, 16.272510978332491 ], [ -90.377474727821664, 16.271659648899941 ], [ -90.377495017824302, 16.271627365690758 ], [ -90.377517293567251, 16.271613013919783 ], [ -90.377543283485053, 16.271605836230659 ], [ -90.377613831417221, 16.271598647244531 ], [ -90.379756399722325, 16.272014209558666 ], [ -90.381204593003488, 16.27231514490018 ], [ -90.381898987288935, 16.272469201762238 ], [ -90.381932419175925, 16.272522991403395 ], [ -90.381910153083282, 16.272573207844339 ], [ -90.381230877634266, 16.273484344252847 ], [ -90.380466214425269, 16.274481574723236 ], [ -90.380503356478172, 16.274524603801883 ], [ -90.380521926872731, 16.274542532823041 ], [ -90.380392015991319, 16.274746993804978 ], [ -90.380243540727477, 16.274958632402317 ], [ -90.380142701416702, 16.275110551636686 ], [ -90.380072973784266, 16.275151843630912 ], [ -90.380034831089063, 16.275127787225003 ], [ -90.380006386599703, 16.275109846237758 ], [ -90.379930570958081, 16.275064880816462 ], [ -90.379924411626462, 16.27501902665561 ], [ -90.379920915561513, 16.274993004154442 ], [ -90.379856112614277, 16.274948477890746 ], [ -90.379791849871253, 16.274911235923682 ], [ -90.379726567472758, 16.274867368244092 ], [ -90.379736521069262, 16.274790578618607 ], [ -90.379679436387278, 16.274747489264918 ], [ -90.379601935844079, 16.274711442719813 ], [ -90.379538901489468, 16.274677893542364 ], [ -90.379506854451549, 16.274758116907833 ], [ -90.379440726450468, 16.274715447144569 ], [ -90.379375361358996, 16.274680041016921 ], [ -90.379304411911406, 16.274714742199219 ], [ -90.379228597518221, 16.274669776527436 ], [ -90.379148469646651, 16.274636538341998 ], [ -90.379083186546566, 16.27459267136771 ], [ -90.379017905347055, 16.274548804374355 ], [ -90.378996783069297, 16.27448084195278 ], [ -90.378923033729677, 16.274479119550847 ], [ -90.378895537480034, 16.274419771543887 ], [ -90.378831556372376, 16.274373999047825 ], [ -90.378831001416458, 16.274297834324848 ], [ -90.378908918092577, 16.274266688454745 ], [ -90.378973735438748, 16.274265628268051 ], [ -90.379039068856997, 16.274233240515599 ], [ -90.379045759571127, 16.274156699417301 ], [ -90.379138316363807, 16.27413715713206 ], [ -90.379128135199295, 16.2740228116118 ], [ -90.379134824935463, 16.273946270508372 ], [ -90.379204139860235, 16.273958209972768 ], [ -90.379212656332996, 16.273881366219896 ], [ -90.379155572028267, 16.273838275819955 ], [ -90.379212102166406, 16.2738052005901 ], [ -90.379290018588506, 16.273774054576553 ], [ -90.379361990170608, 16.273741380375668 ], [ -90.379363209911546, 16.273642587329803 ], [ -90.379369900477897, 16.273566047119846 ], [ -90.379408510779342, 16.273497968727003 ], [ -90.379415916031135, 16.273409500100101 ], [ -90.379396094027868, 16.273332991782723 ], [ -90.379388730298643, 16.273246204009222 ], [ -90.379394507650233, 16.27316950329628 ], [ -90.379394197116795, 16.273100328968358 ], [ -90.379391273669597, 16.273027068718331 ], [ -90.379387674591399, 16.272940058935987 ], [ -90.379393343712209, 16.272853631984397 ], [ -90.379326695629658, 16.272811726530509 ], [ -90.37926568900555, 16.27284357816103 ], [ -90.379192127850118, 16.27280597278715 ], [ -90.379186034068979, 16.272732894202111 ], [ -90.379093064618459, 16.272744340623845 ], [ -90.379029009927464, 16.272698818503748 ], [ -90.378966215311124, 16.272727245297268 ], [ -90.378895003558583, 16.272685634460412 ], [ -90.378893250002903, 16.272612338717675 ], [ -90.378829592210749, 16.272586555629829 ], [ -90.378769252415381, 16.272629643983617 ], [ -90.378705196900981, 16.272584121765249 ], [ -90.378633985254893, 16.272542511744593 ], [ -90.378569437197655, 16.272497642675901 ], [ -90.378508606502336, 16.272453381290777 ], [ -90.378446416468876, 16.272408683458906 ], [ -90.378373912539004, 16.272440240811864 ], [ -90.378305621630957, 16.272474299667088 ], [ -90.378293451653747, 16.272548227325498 ], [ -90.378236495785288, 16.272593730713378 ], [ -90.378223156601152, 16.272666837011489 ], [ -90.378215200565876, 16.272743266193178 ], [ -90.378208798962206, 16.272790594570978 ], [ -90.378204887490924, 16.272819521385294 ], [ -90.378214645931237, 16.272826304862345 ], [ -90.37826943369717, 16.27286439146669 ], [ -90.378333979932805, 16.272909261528394 ], [ -90.378272705433631, 16.27294425264202 ], [ -90.378236532918507, 16.272959997442246 ], [ -90.378200201278631, 16.272975810836201 ], [ -90.378135654116321, 16.272930940733485 ], [ -90.378073463082714, 16.272886242793074 ], [ -90.378013958981441, 16.272843957815969 ], [ -90.377949903573651, 16.272798435370689 ], [ -90.377886035097504, 16.272754825529884 ], [ -90.377821979747665, 16.272709303949757 ], [ -90.3777579234917, 16.272663782349706 ], [ -90.377685081076038, 16.272694603547123 ], [ -90.377612238637212, 16.272725425623076 ], [ -90.377548182425414, 16.272679903056087 ], [ -90.37748784232393, 16.272722991945983 ], [ -90.377425751526701, 16.272681472663365 ], [ -90.377361695371903, 16.272635950943979 ], [ -90.377297639247274, 16.272590428301385 ], [ -90.377233584087435, 16.272544906543811 ], [ -90.377162372769618, 16.272503295126327 ], [ -90.377089869537571, 16.272534853845823 ], [ -90.37701736441214, 16.272566410731457 ], [ -90.376945637637348, 16.272595228518952 ], [ -90.376917913908258, 16.272651518644238 ], [ -90.376883679437029, 16.272721028996695 ], [ -90.376838332743247, 16.27277290718175 ], [ -90.376830375233268, 16.272849334498712 ], [ -90.376830936730073, 16.272930278718476 ], [ -90.376895484528603, 16.27297514921754 ], [ -90.376966695959482, 16.273016759819882 ], [ -90.377030751209475, 16.273062281656831 ], [ -90.377094807424228, 16.273107804378764 ], [ -90.377158863669152, 16.273153326177507 ], [ -90.377220954557302, 16.273194845537208 ], [ -90.377285010860234, 16.273240366393946 ], [ -90.377349066255874, 16.273285889038448 ], [ -90.377413122617426, 16.273331410760274 ], [ -90.377477178072823, 16.273376932462192 ], [ -90.377541234492995, 16.27342245504909 ], [ -90.377605101235034, 16.27346606589489 ], [ -90.377669158650605, 16.273511586635983 ], [ -90.377728322720799, 16.273553135789662 ], [ -90.377718009413471, 16.273629390950664 ], [ -90.377782557642277, 16.273674262083045 ], [ -90.377857184031399, 16.273724997672719 ], [ -90.377844644111477, 16.273791480188915 ], [ -90.377835857924921, 16.273867823003599 ], [ -90.37789991365176, 16.273913344577146 ], [ -90.377963969408214, 16.273958866131295 ], [ -90.378026062590891, 16.274000385255651 ], [ -90.378029777065663, 16.274088994904073 ], [ -90.378020990936534, 16.274165337724707 ], [ -90.377948148941471, 16.274196159005328 ], [ -90.377939361839438, 16.274272502724852 ], [ -90.378003417720407, 16.274318025170231 ], [ -90.378008195904187, 16.274399442707161 ], [ -90.37800354740186, 16.274439832432755 ], [ -90.377999407879415, 16.274475787331088 ], [ -90.377959964022807, 16.27449247651009 ], [ -90.377926564830972, 16.274506607698221 ], [ -90.377853721758825, 16.27453742984769 ], [ -90.377793383025491, 16.274580517007131 ], [ -90.377784594909158, 16.27465686162023 ], [ -90.377711750824972, 16.274687681911669 ], [ -90.377702963608357, 16.27476402561707 ], [ -90.377697252192135, 16.274779959646263 ], [ -90.377678405358026, 16.274832535705336 ], [ -90.377605562127172, 16.274863357767391 ], [ -90.377596774861772, 16.274939700562932 ], [ -90.37752393064298, 16.274970522595684 ], [ -90.377467954542766, 16.275010032995635 ], [ -90.377395110278158, 16.275040854983519 ], [ -90.377386323858261, 16.275117198672834 ], [ -90.377376940444918, 16.2751211683048 ], [ -90.377313480477781, 16.275148019728661 ], [ -90.377253140503825, 16.275191107632828 ], [ -90.377180296139784, 16.275221928641734 ], [ -90.377107452688364, 16.27525275052972 ], [ -90.377045360244708, 16.275211231139973 ], [ -90.376972516777073, 16.275242052077587 ], [ -90.376908459902111, 16.275196529323232 ], [ -90.376844403991385, 16.275151008357732 ], [ -90.376785123934752, 16.275186904926937 ], [ -90.376705954102931, 16.275221721561092 ], [ -90.376633448862677, 16.275253279204428 ], [ -90.376560943599401, 16.275284836822657 ], [ -90.376498604275909, 16.275327018604745 ], [ -90.376490647460088, 16.275403445889474 ], [ -90.376418142118467, 16.275435004361636 ], [ -90.376410184331121, 16.275511431641753 ], [ -90.376384117136368, 16.275578384286209 ], [ -90.376311611714684, 16.275609940913139 ], [ -90.376303653878011, 16.275686369091506 ], [ -90.376295695098634, 16.275762798172252 ], [ -90.376233356503718, 16.275804978969592 ], [ -90.376160850974287, 16.275836536447287 ], [ -90.376152893069531, 16.275912964617891 ], [ -90.37608038748823, 16.275944521163503 ], [ -90.376019109776138, 16.275979513412125 ], [ -90.376011152746713, 16.276055940672641 ], [ -90.375938647089882, 16.276087498072588 ], [ -90.375866141410597, 16.276119054543624 ], [ -90.375806157811738, 16.276161408322306 ], [ -90.375795843619187, 16.276237663364846 ], [ -90.375725694934189, 16.276269393802494 ], [ -90.375653189153851, 16.276300951103156 ], [ -90.375534371286349, 16.276373080521502 ], [ -90.37546152715565, 16.276403902738796 ], [ -90.375388683004061, 16.276434722219275 ], [ -90.375392397267959, 16.276523332790187 ], [ -90.375319553061559, 16.276554152246142 ], [ -90.375310765767594, 16.276630496736221 ], [ -90.375301976596234, 16.276706839416573 ], [ -90.375306754651476, 16.276788257893255 ], [ -90.375233909396954, 16.276819079125303 ], [ -90.375161064120448, 16.276849899428203 ], [ -90.375152275816617, 16.276926242100838 ], [ -90.375091933893586, 16.276969329374079 ], [ -90.375155990918344, 16.277014851767838 ], [ -90.375142650284488, 16.277087957831426 ], [ -90.375204841964006, 16.277132657523641 ], [ -90.375196884568695, 16.277209086550389 ], [ -90.375124378359558, 16.27724064276029 ], [ -90.37509831049735, 16.277307595230848 ], [ -90.375025804236415, 16.277339151406331 ], [ -90.374955655036942, 16.277370881581852 ], [ -90.374883148730262, 16.277402437707952 ], [ -90.374826189738627, 16.277447940141723 ], [ -90.374762133586657, 16.277402417650105 ], [ -90.374689288021813, 16.277433237786912 ], [ -90.374616632116712, 16.277465969621915 ], [ -90.37458207121054, 16.277486975058647 ], [ -90.37457982219739, 16.277487551276451 ], [ -90.374543786506592, 16.277496788804303 ], [ -90.374484507199455, 16.277532686522182 ], [ -90.374420449228168, 16.277487163926779 ], [ -90.374415673395916, 16.277405744535145 ], [ -90.374351616417385, 16.277360221919317 ], [ -90.374287560404824, 16.277314698380817 ], [ -90.37429634906114, 16.277238355749365 ], [ -90.374234256593411, 16.277196835542462 ], [ -90.374170199724531, 16.277151312871577 ], [ -90.374106143821052, 16.277105790181892 ], [ -90.374042086076201, 16.277060266567862 ], [ -90.373972042063073, 16.277019475465668 ], [ -90.373900835868938, 16.277050466229522 ], [ -90.373899535730601, 16.27705103215947 ], [ -90.373858356051514, 16.277022404855238 ], [ -90.373834346050501, 16.277006544507167 ], [ -90.373776066875124, 16.277041323676777 ], [ -90.373703560504381, 16.277072879399245 ], [ -90.373695601595173, 16.277149308365367 ], [ -90.373623096108318, 16.277180863156325 ], [ -90.37362530306963, 16.277267916443019 ], [ -90.373552795655925, 16.277299472111849 ], [ -90.373450606742978, 16.277317763403438 ], [ -90.373448259612019, 16.277306443273812 ], [ -90.37304443678056, 16.277864802180314 ], [ -90.372984745368711, 16.277958861007466 ], [ -90.372959601705986, 16.277991618971349 ], [ -90.372989188684215, 16.278028239334503 ], [ -90.372996844151231, 16.278045789173063 ], [ -90.373069172382316, 16.278153773959577 ], [ -90.373091901823514, 16.278163138667377 ], [ -90.37315312613147, 16.278188365253037 ], [ -90.373236777512858, 16.278249414292659 ], [ -90.373304354712232, 16.278303958718727 ], [ -90.373373991126513, 16.278327112359978 ], [ -90.373381575410463, 16.278322947507238 ], [ -90.37340263646179, 16.278332227126867 ], [ -90.373445458358802, 16.278308713261438 ], [ -90.373511735045966, 16.278327999146232 ], [ -90.373516344494206, 16.278331166227382 ], [ -90.373608397684038, 16.278340611166065 ], [ -90.373699507849906, 16.278397977734993 ], [ -90.373806718446758, 16.278475159601278 ], [ -90.373965166814315, 16.278551640731891 ], [ -90.374083994817667, 16.278570746231257 ], [ -90.37412360323215, 16.278570738160138 ], [ -90.37428203268756, 16.27856114141753 ], [ -90.374430577566002, 16.278628060974064 ], [ -90.374678149774354, 16.278733216177422 ], [ -90.374925733127668, 16.2788861893901 ], [ -90.375044576137583, 16.278972242318375 ], [ -90.375094105522209, 16.279058309413642 ], [ -90.375203044902833, 16.27913479925634 ], [ -90.375381295766289, 16.279201711259464 ], [ -90.375559540507254, 16.279239930869274 ], [ -90.375638766787034, 16.279287735177039 ], [ -90.375777418980391, 16.27939291092396 ], [ -90.375995287591508, 16.279498070650419 ], [ -90.376143830405709, 16.279555423720431 ], [ -90.3763022863494, 16.279651031871342 ], [ -90.376490444394747, 16.279737067553299 ], [ -90.376550794418776, 16.279895891197647 ], [ -90.376560563773779, 16.279921601057556 ], [ -90.378326437266367, 16.279933574650194 ], [ -90.379458188139395, 16.27990447444904 ], [ -90.380250966058057, 16.279906474640256 ], [ -90.379757936712551, 16.281022722259888 ], [ -90.379673711444866, 16.281094994730495 ], [ -90.379603140980194, 16.281130606355333 ], [ -90.379602148990628, 16.2812074136794 ], [ -90.37951579925064, 16.281223132831919 ], [ -90.379513972514886, 16.281299926121822 ], [ -90.379514413664467, 16.281372867654522 ], [ -90.379444645206874, 16.281409737819601 ], [ -90.379442818441191, 16.281486531107355 ], [ -90.379373049930606, 16.281523400344224 ], [ -90.37937824361947, 16.281602903714152 ], [ -90.379308877948432, 16.281640478149946 ], [ -90.379307886776175, 16.28171728546867 ], [ -90.379217720569883, 16.28178666299376 ], [ -90.379222939386139, 16.281864771762404 ], [ -90.379153573593527, 16.281902346145536 ], [ -90.379152582358785, 16.281979153461236 ], [ -90.379083217448368, 16.28201672782107 ], [ -90.379081018348487, 16.282091573123637 ], [ -90.379011653385533, 16.282129146555434 ], [ -90.378933585118503, 16.282143028186283 ], [ -90.378864221044338, 16.282180603377441 ], [ -90.378871643433314, 16.28226189310336 ], [ -90.378872419602203, 16.282270391402225 ], [ -90.378948207825218, 16.282300074229802 ], [ -90.378878832478364, 16.282337634053235 ], [ -90.378890800949605, 16.282408243956731 ], [ -90.378816329426797, 16.282454644864934 ], [ -90.378747542581721, 16.28241609034546 ], [ -90.378667107603306, 16.282445140482917 ], [ -90.378598143470867, 16.282483398209404 ], [ -90.378529358530542, 16.282444843620393 ], [ -90.378460394371288, 16.282483102205635 ], [ -90.37838644993839, 16.282443854076735 ], [ -90.378317075371584, 16.282481412811105 ], [ -90.378254747524764, 16.282521611159371 ], [ -90.378185784222339, 16.28255986875099 ], [ -90.378115254196757, 16.282527198794991 ], [ -90.37804587861379, 16.282564757439058 ], [ -90.377983552556898, 16.282604956611483 ], [ -90.377914589173329, 16.28264321411384 ], [ -90.377850035072015, 16.282684721617159 ], [ -90.37782496971586, 16.282698627103009 ], [ -90.377781072570684, 16.282722979075889 ], [ -90.377712109106369, 16.282761237415098 ], [ -90.377710703952289, 16.282836101230476 ], [ -90.377701514624235, 16.282946106157471 ], [ -90.377638711254633, 16.282960431778367 ], [ -90.377637697898905, 16.2830372390628 ], [ -90.377636687348982, 16.28311404725212 ], [ -90.377635675863402, 16.283190853632671 ], [ -90.377634663439892, 16.283267661819792 ], [ -90.377633651951726, 16.283344469103039 ], [ -90.377634259132336, 16.283380935566658 ], [ -90.377633854823841, 16.28349420931233 ], [ -90.377702217476539, 16.283533459898383 ], [ -90.377701206948345, 16.283610267180755 ], [ -90.37775608163281, 16.283639580424843 ], [ -90.377707242262645, 16.283689715924815 ], [ -90.377707064590339, 16.283766529110508 ], [ -90.377706887853478, 16.283843342296169 ], [ -90.37777444655876, 16.283879946869856 ], [ -90.377774268911338, 16.283956760958237 ], [ -90.377796724467132, 16.283977657028537 ], [ -90.377805477558141, 16.283999395690955 ], [ -90.377810211030535, 16.284011150986064 ], [ -90.37786719438644, 16.284115762974537 ], [ -90.377856590935494, 16.284522370332425 ], [ -90.377857880972684, 16.284520042799432 ], [ -90.377857714614265, 16.284527257110756 ], [ -90.377615901344129, 16.28496442775343 ], [ -90.375489371824955, 16.287031464449282 ], [ -90.375346499829803, 16.287111021658667 ], [ -90.375273483650204, 16.287232996240931 ], [ -90.375127553043768, 16.287314255223393 ], [ -90.375054536653266, 16.287436229726275 ], [ -90.374908606742693, 16.287517488555011 ], [ -90.374835589205432, 16.28763946297795 ], [ -90.374697766080644, 16.287716207284145 ], [ -90.374697863657246, 16.287562555529302 ], [ -90.374770880314657, 16.287440581152868 ], [ -90.374770983568894, 16.287277891054742 ], [ -90.374927058088801, 16.287017169374113 ], [ -90.375000022869528, 16.286976539962911 ], [ -90.375062998478825, 16.28687133832187 ], [ -90.375063057066242, 16.286778807419019 ], [ -90.375146056218355, 16.286732590955626 ], [ -90.375209031671318, 16.286627389267601 ], [ -90.375209330356384, 16.286155090823311 ], [ -90.375143138831916, 16.285970174258658 ], [ -90.374854885141545, 16.285809209988933 ], [ -90.374782023063446, 16.285687149234167 ], [ -90.374709110364179, 16.285646433516419 ], [ -90.374636249371775, 16.285524372711176 ], [ -90.374563335827062, 16.285483656942635 ], [ -90.37449047498454, 16.285361596086354 ], [ -90.374417562465965, 16.285320880268127 ], [ -90.37434470083754, 16.285198819360264 ], [ -90.374198876011278, 16.285117387598262 ], [ -90.374115996307793, 16.284978541871201 ], [ -90.374116144838624, 16.284745692523074 ], [ -90.373980345841048, 16.284669859502685 ], [ -90.373907485657327, 16.284547798440872 ] ], [ [ -90.373252690673581, 16.285726205103334 ], [ -90.373279692147804, 16.285741184256786 ], [ -90.37325269260846, 16.285726106586548 ], [ -90.373252690673581, 16.285726205103334 ] ] ], [ [ [ -90.37332016386496, 16.287732358917381 ], [ -90.373317939699533, 16.287685301268191 ], [ -90.373321781576493, 16.287687521660256 ], [ -90.37332520208804, 16.287690348365114 ], [ -90.37332810653001, 16.287693703119416 ], [ -90.37333041448673, 16.287697493039641 ], [ -90.373332062057528, 16.287701613193772 ], [ -90.373333003625874, 16.287705949506563 ], [ -90.373333213122436, 16.287710381917954 ], [ -90.373332684746885, 16.287714787707195 ], [ -90.373331433128399, 16.287719044890622 ], [ -90.373329492920703, 16.28772303559904 ], [ -90.37332691784259, 16.287726649341185 ], [ -90.373323779190585, 16.287729786062908 ], [ -90.37332016386496, 16.287732358917381 ] ] ], [ [ [ -90.349436629313558, 16.294514191158608 ], [ -90.348990918795778, 16.293502826030537 ], [ -90.348975156073479, 16.293477605066798 ], [ -90.348944207183578, 16.293441742371677 ], [ -90.34892329428331, 16.293413188004525 ], [ -90.348576632140407, 16.292585922100837 ], [ -90.348044269141852, 16.291402406609063 ], [ -90.347658001222982, 16.290548841633122 ], [ -90.347251928630499, 16.289654629788167 ], [ -90.346947376004977, 16.288968429177924 ], [ -90.346930775647053, 16.288930837588808 ], [ -90.346911506348903, 16.28888720103787 ], [ -90.346871268509204, 16.288796079986138 ], [ -90.345994768418066, 16.286906038055765 ], [ -90.345385699001511, 16.285801424833416 ], [ -90.3453489492682, 16.285715111707599 ], [ -90.345380639647928, 16.285701600871587 ], [ -90.345427053703318, 16.285665732720727 ], [ -90.345492038768526, 16.28567170663046 ], [ -90.345560117606126, 16.285659746204946 ], [ -90.345671518098698, 16.285656751759873 ], [ -90.345761259404057, 16.285659734784623 ], [ -90.345773634916682, 16.285632834878886 ], [ -90.345866467606342, 16.285614897272794 ], [ -90.345990248802821, 16.285629832889196 ], [ -90.346024288683523, 16.285629830553471 ], [ -90.346169726530917, 16.285576024506174 ], [ -90.346587465880248, 16.285345862081321 ], [ -90.346688962175762, 16.285300027247622 ], [ -90.346637591494712, 16.285270860363195 ], [ -90.346636092504539, 16.285067146053994 ], [ -90.346641524871757, 16.285022540385906 ], [ -90.346620879980208, 16.284859018321892 ], [ -90.34665880582962, 16.284836492457618 ], [ -90.34668892758971, 16.284818148391679 ], [ -90.346713520437888, 16.284778373133982 ], [ -90.346716715549334, 16.284745470485674 ], [ -90.346704859427604, 16.284708730100245 ], [ -90.346686646966461, 16.284694176932433 ], [ -90.346661293951087, 16.284693393010603 ], [ -90.346632770788844, 16.284693372334548 ], [ -90.346604253574299, 16.284685699804303 ], [ -90.346578917471959, 16.284661958513219 ], [ -90.346572613810849, 16.284617569388406 ], [ -90.346598777282665, 16.284595396536652 ], [ -90.346611487262464, 16.284553316935995 ], [ -90.346630553835553, 16.284487519023621 ], [ -90.346656745229538, 16.284429379935968 ], [ -90.34670825510814, 16.284416407485409 ], [ -90.346740720193537, 16.284442449663249 ], [ -90.346814407905839, 16.284438677104831 ], [ -90.346859576053944, 16.284430291499834 ], [ -90.346893675337299, 16.284392054194345 ], [ -90.346925393184875, 16.284358405730725 ], [ -90.346967404566058, 16.284334714108304 ], [ -90.34699671758186, 16.28433703104734 ], [ -90.347012548361761, 16.284357704131359 ], [ -90.347037087705857, 16.284386800912952 ], [ -90.347080639756967, 16.284418208076509 ], [ -90.347128947206073, 16.28444885221656 ], [ -90.347174896704587, 16.28445500798323 ], [ -90.347235913080709, 16.284443573365202 ], [ -90.347279482101811, 16.28445431796095 ], [ -90.347327007033613, 16.284471952614449 ], [ -90.347391957763449, 16.28449648794393 ], [ -90.347445041023903, 16.284498821966572 ], [ -90.347488629584376, 16.284484313423327 ], [ -90.347543325525365, 16.284449916787104 ], [ -90.347582162823855, 16.284430813325766 ], [ -90.347636038099282, 16.284433913418034 ], [ -90.347685162720822, 16.284431653054625 ], [ -90.347756473486925, 16.284427878456562 ], [ -90.347839680442604, 16.284410337063122 ], [ -90.347917331127377, 16.2844042712332 ], [ -90.34798704224869, 16.284420391496447 ], [ -90.34804643949991, 16.284454104680677 ], [ -90.348083664758505, 16.284470967123397 ], [ -90.348156554887311, 16.284474845379929 ], [ -90.348199344883966, 16.284467988875736 ], [ -90.348238185412839, 16.284445824915249 ], [ -90.348273068471073, 16.284417535540413 ], [ -90.348293689129434, 16.284391532573935 ], [ -90.348310349379688, 16.284363230124491 ], [ -90.348325416738049, 16.284344875028264 ], [ -90.348353164043814, 16.284324233283002 ], [ -90.348410991370741, 16.284338049150563 ], [ -90.348453769924902, 16.284347262748184 ], [ -90.348477127164344, 16.284341539231097 ], [ -90.348537781043774, 16.284312121303081 ], [ -90.348593265854262, 16.284282316432709 ], [ -90.348662230728124, 16.284237981219096 ], [ -90.348727210292822, 16.284225018814158 ], [ -90.348785837037497, 16.284231182391522 ], [ -90.34882545272562, 16.284230446060199 ], [ -90.348875376351913, 16.284219767684217 ], [ -90.348902329205359, 16.284201421036059 ], [ -90.348925323404217, 16.284178480082598 ], [ -90.348949904594662, 16.284153244522145 ], [ -90.348961807369761, 16.284129530098085 ], [ -90.348974524428428, 16.284077502761214 ], [ -90.348980905325007, 16.284021644068652 ], [ -90.348996785121926, 16.283977270843316 ], [ -90.349038009411231, 16.283945925484762 ], [ -90.349115680123305, 16.283914605210384 ], [ -90.349147388743063, 16.283892435993671 ], [ -90.349190987572769, 16.283864152678717 ], [ -90.34919893609549, 16.28383125337508 ], [ -90.349189442449301, 16.283812880707213 ], [ -90.349133212624267, 16.283780700290983 ], [ -90.349095986233976, 16.283765368221804 ], [ -90.34904609726803, 16.283730896567576 ], [ -90.349014424609535, 16.283704855305817 ], [ -90.348997019323249, 16.283671172366887 ], [ -90.348973295232597, 16.283612230898338 ], [ -90.348956670866244, 16.283593853129524 ], [ -90.348944016854688, 16.283564765053264 ], [ -90.348963043901747, 16.283549474021228 ], [ -90.349009788446992, 16.283551037577201 ], [ -90.34904543517375, 16.283560245964846 ], [ -90.349115127956722, 16.283600088766413 ], [ -90.349166643895174, 16.28357869831429 ], [ -90.349207085747338, 16.283535108127513 ], [ -90.349210277147407, 16.283505265812654 ], [ -90.349192078994236, 16.283473112514407 ], [ -90.349167531840251, 16.283453963567109 ], [ -90.349146162411884, 16.283424103741609 ], [ -90.349143011596937, 16.283399613927777 ], [ -90.349115302296241, 16.283372045316103 ], [ -90.34909155070433, 16.283349070999147 ], [ -90.349080476304493, 16.283326105722924 ], [ -90.349082084593618, 16.283294731185887 ], [ -90.34909873761633, 16.283275611615466 ], [ -90.349127272276249, 16.283260327348952 ], [ -90.349139968176004, 16.283235848834526 ], [ -90.349154254803111, 16.28320295314591 ], [ -90.349178042640872, 16.283178482537014 ], [ -90.349216093698928, 16.2831517254494 ], [ -90.349237506364872, 16.283124957403103 ], [ -90.349281891431872, 16.283103561839471 ], [ -90.349305673399542, 16.283086743068221 ], [ -90.349317583661133, 16.283053081031849 ], [ -90.349306505745545, 16.283034707239764 ], [ -90.349271657560621, 16.283017846704688 ], [ -90.34924790716137, 16.282993342214976 ], [ -90.349255852949739, 16.282962737738156 ], [ -90.349274878161253, 16.282949742413042 ], [ -90.349301077336065, 16.28288012339468 ], [ -90.349308240780971, 16.282837274121967 ], [ -90.349309063776374, 16.282797482521925 ], [ -90.349332062437085, 16.282768418952696 ], [ -90.349360586844114, 16.282767674620178 ], [ -90.349394644714266, 16.28278147329311 ], [ -90.349423946206898, 16.282799860051234 ], [ -90.349480964563156, 16.282835866880792 ], [ -90.349524525188201, 16.282857325053801 ], [ -90.349560949847273, 16.282885665357487 ], [ -90.349596595314637, 16.282896403841821 ], [ -90.349642547096636, 16.282897966693376 ], [ -90.349709106725982, 16.282891126770494 ], [ -90.349738423640829, 16.282888087212299 ], [ -90.349766147295384, 16.282898054494655 ], [ -90.349799405966877, 16.28292180103373 ], [ -90.349803353194076, 16.282940169738556 ], [ -90.349796993533047, 16.282968479624891 ], [ -90.349792210594373, 16.283006738225005 ], [ -90.34978345794039, 16.283054942504847 ], [ -90.349776307404397, 16.283080956090878 ], [ -90.34978817565235, 16.283102391704762 ], [ -90.349811931373068, 16.283120008924591 ], [ -90.349853133814747, 16.283116976883754 ], [ -90.349884041813283, 16.283106285674197 ], [ -90.349939509210429, 16.283098672261737 ], [ -90.349986257502394, 16.283096409675515 ], [ -90.350023514075474, 16.283071948519872 ], [ -90.350067113761369, 16.283042134829813 ], [ -90.350111504533004, 16.283013086334435 ], [ -90.350144007609401, 16.282989387336706 ], [ -90.350179684495828, 16.282958802463941 ], [ -90.350203472177796, 16.282934331737874 ], [ -90.350215384020217, 16.282898373008635 ], [ -90.350217791127534, 16.282858581621522 ], [ -90.350255054594157, 16.282824937477287 ], [ -90.350259043082318, 16.282788974040979 ], [ -90.350266983255821, 16.282766786924732 ], [ -90.350304233703042, 16.282751508665477 ], [ -90.350323264048754, 16.282731626035016 ], [ -90.350328045137218, 16.282695662253861 ], [ -90.350341537172412, 16.282665061657404 ], [ -90.350368475754252, 16.282665080710551 ], [ -90.350408884899124, 16.282662813546796 ], [ -90.350446912497887, 16.282666667262355 ], [ -90.350486526710071, 16.282667459903241 ], [ -90.350534083378093, 16.282643005933988 ], [ -90.350568172373585, 16.282617011347966 ], [ -90.350595135856878, 16.282584125414708 ], [ -90.3506141690536, 16.282560415926906 ], [ -90.350635586678933, 16.282526759621344 ], [ -90.350647498416905, 16.282490801769388 ], [ -90.350643562122116, 16.282457893111388 ], [ -90.350634878034697, 16.282415799053336 ], [ -90.350646809454531, 16.282353821645437 ], [ -90.350647624650108, 16.28232397762639 ], [ -90.350663494090227, 16.282292614042465 ], [ -90.350697588796677, 16.282258966676707 ], [ -90.350769716798084, 16.282221521108685 ], [ -90.350823605051545, 16.282205488942864 ], [ -90.350883040866179, 16.282187929578416 ], [ -90.350947238918664, 16.282160425956146 ], [ -90.350979736196962, 16.282142848489226 ], [ -90.350989265172402, 16.282114540795686 ], [ -90.350988499135752, 16.282079338637097 ], [ -90.350969516298207, 16.282036471790246 ], [ -90.350947346403473, 16.282018090268629 ], [ -90.35093944505681, 16.281989005653887 ], [ -90.350944213878407, 16.281969112013673 ], [ -90.350969570610289, 16.281964538398888 ], [ -90.351017890202954, 16.281979112403477 ], [ -90.351065435669213, 16.281969197375975 ], [ -90.351107431041427, 16.281965401003212 ], [ -90.351191436640931, 16.281935615504892 ], [ -90.351277020877816, 16.281915778678819 ], [ -90.351302368371378, 16.281923449255803 ], [ -90.351373692578179, 16.281900541986698 ], [ -90.351414916633715, 16.281868430605144 ], [ -90.351451395521906, 16.281824837192907 ], [ -90.351509252854385, 16.281798093589497 ], [ -90.351552065540517, 16.281761391818986 ], [ -90.351593283424066, 16.281736167612245 ], [ -90.351661445286624, 16.281704840621224 ], [ -90.351689187488134, 16.281688789900734 ], [ -90.351727216076554, 16.281691112291259 ], [ -90.351768402677379, 16.281708741507913 ], [ -90.351813541273117, 16.281738617723107 ], [ -90.351852362483129, 16.28174094064633 ], [ -90.351891989723228, 16.281724133576876 ], [ -90.351945897055813, 16.281683612658455 ], [ -90.352000602925088, 16.281633910235119 ], [ -90.352020435355641, 16.281601018222489 ], [ -90.352044239854209, 16.281553589911841 ], [ -90.352154412166271, 16.281495507915615 ], [ -90.352205931031037, 16.281470290785251 ], [ -90.352250223835611, 16.281464967405924 ], [ -90.352250338952217, 16.28144244394295 ], [ -90.352251057384493, 16.281440277954495 ], [ -90.352251061358999, 16.281439968846048 ], [ -90.352251077759846, 16.28143931086635 ], [ -90.352252048913897, 16.281413310951621 ], [ -90.352253639819025, 16.281370708038807 ], [ -90.352253850863704, 16.281335042896043 ], [ -90.352207750596591, 16.281363521241303 ], [ -90.352163160751559, 16.281393143077839 ], [ -90.352097780479866, 16.281414141354535 ], [ -90.352049240405833, 16.281430369200965 ], [ -90.351998704207332, 16.281466683350477 ], [ -90.35194817731778, 16.281490561642322 ], [ -90.351932300609107, 16.281530725953456 ], [ -90.351921374849582, 16.281573763401006 ], [ -90.351881738522948, 16.281601476130867 ], [ -90.351833198385407, 16.281617703926905 ], [ -90.351757929460661, 16.281617651206126 ], [ -90.35169751130789, 16.281625261630182 ], [ -90.351657902257429, 16.281616624846095 ], [ -90.351626194428235, 16.281638602836505 ], [ -90.351564769442845, 16.281667256482649 ], [ -90.351540986830059, 16.281685414994321 ], [ -90.351477605951985, 16.281680587425107 ], [ -90.351423122806139, 16.281697767211178 ], [ -90.351380513105951, 16.281728347430985 ], [ -90.351338897271674, 16.281755101507372 ], [ -90.351290351287133, 16.281778981935915 ], [ -90.351220994259577, 16.281819108597197 ], [ -90.351147679843294, 16.281855405618508 ], [ -90.351075370403024, 16.281870660259955 ], [ -90.351030805034398, 16.281868715471699 ], [ -90.350987230450315, 16.281865815115559 ], [ -90.35092881037815, 16.281849512184507 ], [ -90.350895158223125, 16.28182270516195 ], [ -90.350865473040301, 16.281788248168301 ], [ -90.35088729706986, 16.281740435369436 ], [ -90.350906752850676, 16.281691071727909 ], [ -90.350845320415658, 16.281718280832273 ], [ -90.350805674001109, 16.281760341715312 ], [ -90.35077592231238, 16.281813888259997 ], [ -90.350767531037206, 16.281841223317905 ], [ -90.350757989603892, 16.28188598348202 ], [ -90.350759149411715, 16.28192386397939 ], [ -90.350751988341955, 16.28196403434556 ], [ -90.350725830313181, 16.281980086059523 ], [ -90.350711583684443, 16.281960562233987 ], [ -90.350697367447495, 16.281900863011625 ], [ -90.350681947140686, 16.281861824581632 ], [ -90.350628473918036, 16.281852603886012 ], [ -90.350599964193364, 16.28183536572141 ], [ -90.350567908247768, 16.281792871928914 ], [ -90.350563193562692, 16.281741214490729 ], [ -90.350539445471995, 16.281713648859128 ], [ -90.350501439432662, 16.281680333805959 ], [ -90.350456289745892, 16.281665379602533 ], [ -90.35041230937523, 16.281675679335951 ], [ -90.350388520421717, 16.281702063505261 ], [ -90.350383742270623, 16.281734200460708 ], [ -90.350388461258788, 16.281780118560274 ], [ -90.350400317027123, 16.281818006622181 ], [ -90.350396703833098, 16.281881136865806 ], [ -90.350382411999647, 16.281921302177114 ], [ -90.350331273894099, 16.28196718077189 ], [ -90.350289656416848, 16.28199584895885 ], [ -90.350274166525907, 16.282048639973848 ], [ -90.35027412995538, 16.28209685044725 ], [ -90.350303802021799, 16.282148525548518 ], [ -90.350335875374725, 16.282168062011486 ], [ -90.35036438773443, 16.282181856606122 ], [ -90.350396459358777, 16.282203688796741 ], [ -90.350405948691915, 16.282227800755567 ], [ -90.350405934772397, 16.282246166650019 ], [ -90.350405899973538, 16.282292081386011 ], [ -90.35040704840587, 16.282344884172424 ], [ -90.350402249361309, 16.282404569967511 ], [ -90.350397475544582, 16.282430967579103 ], [ -90.350391494132552, 16.282482618358298 ], [ -90.350376027723726, 16.282504416932202 ], [ -90.350317770066553, 16.282535368188377 ], [ -90.350304666621071, 16.282575534332182 ], [ -90.350277327858933, 16.282581254332715 ], [ -90.350264299291979, 16.282522703794839 ], [ -90.350256002768688, 16.282492853329639 ], [ -90.350226289725612, 16.282495128036352 ], [ -90.350183490639992, 16.282514611507942 ], [ -90.350159668440043, 16.282584614645831 ], [ -90.350159644911642, 16.282615607091302 ], [ -90.350163156242886, 16.282686777453694 ], [ -90.350102511130871, 16.282731501386046 ], [ -90.350100095865727, 16.282782005908601 ], [ -90.350096506965784, 16.282812995827353 ], [ -90.350096462503814, 16.282871537111745 ], [ -90.350090497563713, 16.282901378381563 ], [ -90.350072669002429, 16.282903661486412 ], [ -90.350039424482432, 16.282860018002665 ], [ -90.350012105736198, 16.282839336997096 ], [ -90.349940826416059, 16.28280255464869 ], [ -90.34991944035589, 16.282794504397121 ], [ -90.349912330581745, 16.282766950499219 ], [ -90.349899282906748, 16.28273365304382 ], [ -90.34988146221599, 16.282725605317808 ], [ -90.349832736499039, 16.282724422871336 ], [ -90.349803020796216, 16.282730141123171 ], [ -90.349761403081985, 16.282758808298343 ], [ -90.349725736364206, 16.282776001002723 ], [ -90.349653221451206, 16.282801202602251 ], [ -90.34960331863428, 16.282785096970354 ], [ -90.349565299426445, 16.282768999776518 ], [ -90.349535605586013, 16.282746021283121 ], [ -90.349502340265559, 16.28273107532765 ], [ -90.349450058821162, 16.282717263705617 ], [ -90.349407285886087, 16.282702310969775 ], [ -90.349375230059778, 16.282659817001029 ], [ -90.349324135343721, 16.282648301930696 ], [ -90.349297979738537, 16.282660909860461 ], [ -90.349268250881309, 16.282683846061623 ], [ -90.349242087377021, 16.282706784798986 ], [ -90.349220669788266, 16.282740057735428 ], [ -90.349218260435791, 16.282782527168035 ], [ -90.349205142718532, 16.282841059133215 ], [ -90.349190855834493, 16.282874337148161 ], [ -90.349150412418638, 16.282921371844928 ], [ -90.349147996029885, 16.282973024221928 ], [ -90.349153883911981, 16.283044196290394 ], [ -90.349138406794054, 16.283079769190106 ], [ -90.349055182368929, 16.283121033109932 ], [ -90.349032592929461, 16.28313249568107 ], [ -90.349012376886677, 16.283148551418989 ], [ -90.348998082043622, 16.283192160233522 ], [ -90.348994496475726, 16.283218558657982 ], [ -90.348984961597992, 16.283254135786652 ], [ -90.348978980668818, 16.283304637746561 ], [ -90.348980130478751, 16.283355145699939 ], [ -90.348993182429567, 16.283382703868085 ], [ -90.348974138126323, 16.283420569945786 ], [ -90.348943225051684, 16.283437765908989 ], [ -90.348893299284015, 16.283451504682759 ], [ -90.34886359575161, 16.28344115264645 ], [ -90.348836284962559, 16.283410140676821 ], [ -90.34881252284724, 16.283400940747168 ], [ -90.348785178652278, 16.283413547762251 ], [ -90.348768522656016, 16.283436493233385 ], [ -90.348767291099477, 16.283492737924867 ], [ -90.348782701476551, 16.283544403036235 ], [ -90.348804064706911, 16.283582297974956 ], [ -90.348836131986829, 16.283609869740548 ], [ -90.348845596579309, 16.2836661220738 ], [ -90.348865768738492, 16.283707459761462 ], [ -90.348899021870281, 16.2837384759709 ], [ -90.348920387779856, 16.283772927293082 ], [ -90.34895957620212, 16.283813131585415 ], [ -90.348970250381171, 16.283841835925212 ], [ -90.348966658647939, 16.283876269424503 ], [ -90.348930991659316, 16.283893461990811 ], [ -90.348903638615226, 16.283917547701535 ], [ -90.348882218199719, 16.283954264202734 ], [ -90.348861992390511, 16.283982946473689 ], [ -90.348858397119329, 16.284021971443014 ], [ -90.348838154595043, 16.284072463205739 ], [ -90.348795349754809, 16.284098833598303 ], [ -90.348666972133785, 16.284129734262699 ], [ -90.348619413355294, 16.284154953349887 ], [ -90.348570668799908, 16.284177875840051 ], [ -90.348532622155318, 16.28419851024087 ], [ -90.348504084082691, 16.284218003575234 ], [ -90.348458901360274, 16.284245520064701 ], [ -90.348417304291274, 16.284246638133141 ], [ -90.348368601140919, 16.284215610776467 ], [ -90.348327019956955, 16.284196067201783 ], [ -90.348274715265902, 16.284212099858681 ], [ -90.348231905907312, 16.284244209476359 ], [ -90.348197416655736, 16.284275178090486 ], [ -90.348142744671094, 16.284277434591395 ], [ -90.34810708283986, 16.284287739808565 ], [ -90.348048848166073, 16.284287697989853 ], [ -90.348008461650039, 16.284260120130032 ], [ -90.347984710967012, 16.28423599691903 ], [ -90.347952625134923, 16.284232530255384 ], [ -90.347882517355828, 16.284217557564553 ], [ -90.347772007185128, 16.284195668570742 ], [ -90.347741086800667, 16.284222047299508 ], [ -90.347718469701704, 16.284269094540594 ], [ -90.347713681257247, 16.284312710103453 ], [ -90.347657830591416, 16.28430348694376 ], [ -90.347629314574093, 16.284294283458273 ], [ -90.347601967521442, 16.284310333921777 ], [ -90.347560359795793, 16.284325226237886 ], [ -90.347529447344243, 16.284341274122799 ], [ -90.347512807088108, 16.284343557866794 ], [ -90.347453376838331, 16.284352697971556 ], [ -90.347418891884658, 16.284377926213359 ], [ -90.347354729075334, 16.284359514029358 ], [ -90.347289369821198, 16.28435143178017 ], [ -90.347226384785699, 16.284345646962645 ], [ -90.347166951855982, 16.284358230590826 ], [ -90.347115863948602, 16.284337532042386 ], [ -90.347102821981309, 16.284297347214551 ], [ -90.347106428276874, 16.28424454695913 ], [ -90.347143290171118, 16.284219320485462 ], [ -90.34719439227112, 16.284221653139006 ], [ -90.347250245603703, 16.284228580685387 ], [ -90.347304920199591, 16.284221732942314 ], [ -90.347362009003248, 16.284166676442759 ], [ -90.347383427060635, 16.284133403702921 ], [ -90.34738464303949, 16.284097820651031 ], [ -90.347363264935964, 16.284079439329389 ], [ -90.347293145711319, 16.284079388728376 ], [ -90.347226571386983, 16.284104593774856 ], [ -90.347202790602211, 16.284119498893585 ], [ -90.347146912456125, 16.284145859508286 ], [ -90.347055375098464, 16.28417908154368 ], [ -90.346986423832178, 16.284205432664098 ], [ -90.346910357801107, 16.284211116977932 ], [ -90.34686042190242, 16.284237481816096 ], [ -90.346824747539969, 16.284263857872396 ], [ -90.346760548237469, 16.284291360227659 ], [ -90.346671409969503, 16.284295887117516 ], [ -90.346621497212396, 16.28429240733119 ], [ -90.346564437617516, 16.284309583985127 ], [ -90.346510927332091, 16.284347424833744 ], [ -90.346478787040994, 16.28441397789237 ], [ -90.346484688284562, 16.284466784130395 ], [ -90.346478706676649, 16.284517286008093 ], [ -90.346472703634078, 16.284595336715899 ], [ -90.346464353126592, 16.284635506056144 ], [ -90.346472635767412, 16.284682574678829 ], [ -90.346485672272578, 16.284729647654554 ], [ -90.346425031957708, 16.284766335436345 ], [ -90.346375085131342, 16.284806474571731 ], [ -90.346329888573393, 16.284851208619866 ], [ -90.346332244053954, 16.284878759176053 ], [ -90.346302490339923, 16.284931539514467 ], [ -90.346278702233079, 16.284955627469827 ], [ -90.346254890869389, 16.285009559987348 ], [ -90.346229900863904, 16.285050865091332 ], [ -90.34621363631183, 16.285077697122908 ], [ -90.346174470382465, 16.28509908136655 ], [ -90.346085348365605, 16.285099087042923 ], [ -90.346043264430989, 16.285101480501627 ], [ -90.346001180494738, 16.285103874855785 ], [ -90.345961564062392, 16.285013017979534 ], [ -90.345862538442361, 16.284979550108783 ], [ -90.345793223675159, 16.284998681652095 ], [ -90.345783325797925, 16.285070413507139 ], [ -90.345659550158729, 16.285118240875189 ], [ -90.345583299896674, 16.285098160801226 ], [ -90.345306044311712, 16.285256940736698 ], [ -90.345214939545784, 16.285195736091989 ], [ -90.345153547671131, 16.285232084017263 ], [ -90.345107994920724, 16.285209132164926 ], [ -90.344987183205305, 16.285147930073119 ], [ -90.344900033391951, 16.284994909560009 ], [ -90.344654429418796, 16.284558801439339 ], [ -90.344458315309311, 16.284196189386709 ], [ -90.344433037896053, 16.284149451647579 ], [ -90.344254780591541, 16.283873298781302 ], [ -90.343783136719225, 16.283012558467181 ], [ -90.343690293888244, 16.282822476963318 ], [ -90.343342449428704, 16.28226688264219 ], [ -90.342899906535692, 16.281501778398781 ], [ -90.342874923682984, 16.281404472095929 ], [ -90.342417011163306, 16.280677315509443 ], [ -90.342298221508656, 16.280726251855675 ], [ -90.342238188875157, 16.280723266031046 ], [ -90.342089647654262, 16.280481182677669 ], [ -90.341702812660031, 16.27970113006463 ], [ -90.341419961666404, 16.279157782872286 ], [ -90.341308553425392, 16.278923468111863 ], [ -90.341158774623224, 16.27862459708324 ], [ -90.340911204270142, 16.278138035521561 ], [ -90.340823025318073, 16.277941402519286 ], [ -90.340747764903639, 16.277792205172137 ], [ -90.340632894506456, 16.277599015491891 ], [ -90.340512080353747, 16.277323575092353 ], [ -90.340403150970076, 16.277126559311625 ], [ -90.340250652506853, 16.276851119264265 ], [ -90.340209058256235, 16.276709571868807 ], [ -90.340049117539209, 16.276439665649907 ], [ -90.340028833650109, 16.276405442010741 ], [ -90.339856985966335, 16.276148133319882 ], [ -90.33966388884761, 16.275811007076864 ], [ -90.339342062243318, 16.275294558111113 ], [ -90.339243037925428, 16.275112843912439 ], [ -90.338944729616941, 16.274577264461367 ], [ -90.338640234436923, 16.274052446332355 ], [ -90.3382775661686, 16.273405685913243 ], [ -90.338027538231543, 16.273039865800992 ], [ -90.337783698644046, 16.272617857852623 ], [ -90.337527482836919, 16.272177916180013 ], [ -90.337375239212818, 16.271938819176487 ], [ -90.337345533469176, 16.271887411568819 ], [ -90.337332536930745, 16.271848857570102 ], [ -90.337136971546585, 16.271485426384604 ], [ -90.337090123396351, 16.27142475028862 ], [ -90.336547238656678, 16.270488867831283 ], [ -90.336296721666386, 16.270057533529677 ], [ -90.33619176171868, 16.269881556233347 ], [ -90.336154816797958, 16.269802011910695 ], [ -90.336113418307775, 16.2697128798739 ], [ -90.335232310466225, 16.268212648812383 ], [ -90.335100123244089, 16.267970201665765 ], [ -90.334923379504389, 16.267670370497548 ], [ -90.334773371464124, 16.267422184359422 ], [ -90.334558013663553, 16.267086487513037 ], [ -90.334286217800184, 16.26658150687064 ], [ -90.334030759982724, 16.266110956695574 ], [ -90.333809464383506, 16.265743697932152 ], [ -90.333747998174061, 16.265640732745119 ], [ -90.333597079104749, 16.265387914691523 ], [ -90.333396578235437, 16.265050783076692 ], [ -90.333115876221669, 16.264585970236077 ], [ -90.332930228205882, 16.264264617268587 ], [ -90.332796562014821, 16.264019298701996 ], [ -90.332765372583609, 16.264032211567656 ], [ -90.332673292194812, 16.263887315586395 ], [ -90.332496555744484, 16.263573135775687 ], [ -90.332519985790171, 16.263546474908654 ], [ -90.332574826999647, 16.263496907678547 ], [ -90.33259538788046, 16.263478324817985 ], [ -90.332668314169723, 16.263437672821787 ], [ -90.332741235750646, 16.263397020796354 ], [ -90.332814162914389, 16.263356370557489 ], [ -90.332887090984016, 16.263315720293797 ], [ -90.332960016219758, 16.263275066387017 ], [ -90.332986839405365, 16.263260113707851 ], [ -90.333032940487669, 16.263234415165449 ], [ -90.333057089408427, 16.263169653645633 ], [ -90.333104506468146, 16.263135705016005 ], [ -90.33304980260084, 16.263096073936907 ], [ -90.333009454784374, 16.263066842840708 ], [ -90.333235203168485, 16.262933425775277 ], [ -90.333238174735087, 16.262563297781778 ], [ -90.333305006118138, 16.262493001301571 ], [ -90.333306492410031, 16.262353844430276 ], [ -90.333250054893341, 16.262320847993227 ], [ -90.333250603395314, 16.262290684741703 ], [ -90.333257481169042, 16.261911985117873 ], [ -90.333278272879866, 16.261781437098612 ], [ -90.33327827360057, 16.261259239194558 ], [ -90.333276046067326, 16.261069153702806 ], [ -90.333384610752205, 16.26103400582555 ], [ -90.333895507400157, 16.260848941006103 ], [ -90.334407887365643, 16.260662439908632 ], [ -90.334538332553493, 16.260613972450887 ], [ -90.334688085318277, 16.26056017469929 ], [ -90.334852689445526, 16.26050159267027 ], [ -90.335042046940103, 16.260426275396913 ], [ -90.335238829128301, 16.260347370078744 ], [ -90.335320514163655, 16.260313894079694 ], [ -90.335358457942291, 16.260292639158564 ], [ -90.335588162156441, 16.260193169731366 ], [ -90.335649549344168, 16.260185517594241 ], [ -90.335928014302127, 16.260098720332206 ], [ -90.336149301508172, 16.260016227739282 ], [ -90.336207222597906, 16.259989687121347 ], [ -90.336374301642209, 16.259926561328953 ], [ -90.33652801400514, 16.259884237704 ], [ -90.336813903588052, 16.259765877646117 ], [ -90.336904498391732, 16.259726999342945 ], [ -90.336946082759468, 16.259738475716716 ], [ -90.337155849406741, 16.259632825972691 ], [ -90.337205215285792, 16.259619964376714 ], [ -90.337270246830485, 16.25968491062077 ], [ -90.337327178862807, 16.25971838359899 ], [ -90.337429902792408, 16.25973750988048 ], [ -90.337476933145822, 16.259803262024846 ], [ -90.337527676884193, 16.259830756754106 ], [ -90.337526692606019, 16.259728232151613 ], [ -90.337504159398009, 16.259713598043742 ], [ -90.337526436563707, 16.259701642927745 ], [ -90.337697227068958, 16.259611975998837 ], [ -90.337752920585856, 16.259638275981025 ], [ -90.33781851405486, 16.259603605372924 ], [ -90.337844504455092, 16.259603605384378 ], [ -90.337900197281684, 16.259598820622305 ], [ -90.337953415047153, 16.259573714829855 ], [ -90.338002920437503, 16.259588059502001 ], [ -90.338056138982665, 16.259617945738533 ], [ -90.338101932655391, 16.259655005451719 ], [ -90.338123958551549, 16.259649330832286 ], [ -90.338157624899139, 16.25964065804359 ], [ -90.338178664413292, 16.259620334205291 ], [ -90.338121225085487, 16.259540063183689 ], [ -90.338120494220334, 16.259539041291251 ], [ -90.338119914963258, 16.259487712942278 ], [ -90.338119253754655, 16.259429055329424 ], [ -90.338117278429735, 16.259382339088873 ], [ -90.338111823352421, 16.25925331513163 ], [ -90.337398709151046, 16.256239294717901 ], [ -90.337205625799172, 16.255447872699758 ], [ -90.33703482422483, 16.254804694848346 ], [ -90.337015695148366, 16.254716745054534 ], [ -90.336972939551956, 16.254520165853492 ], [ -90.336977881373215, 16.254512605454071 ], [ -90.336949475235784, 16.254366887083638 ], [ -90.336934836025975, 16.254373621145234 ], [ -90.336897773643841, 16.254380572041438 ], [ -90.336460154754178, 16.254024796828624 ], [ -90.336448273561317, 16.253967413068359 ], [ -90.336133425127045, 16.253686234177934 ], [ -90.335503733757832, 16.253104748024825 ], [ -90.334998795032263, 16.252601684483437 ], [ -90.334594845290297, 16.252213387214436 ], [ -90.334321586356694, 16.251974287241893 ], [ -90.334285944024955, 16.251928380667373 ], [ -90.33428000279963, 16.251895862334305 ], [ -90.334469145853078, 16.25166356796403 ], [ -90.334335876027822, 16.251831823149711 ], [ -90.335647771134518, 16.250248693940463 ], [ -90.336023321473547, 16.249870643549837 ], [ -90.336178442738714, 16.249690357810856 ], [ -90.336451069552396, 16.249373501721937 ], [ -90.336584657580389, 16.249226994393528 ], [ -90.336645785123935, 16.249147768751083 ], [ -90.336650081462551, 16.249142199911972 ], [ -90.336783900988863, 16.248968761927038 ], [ -90.33696705541044, 16.248785846215814 ], [ -90.337210848705368, 16.24848218372107 ], [ -90.337379150803699, 16.248258621559916 ], [ -90.337202036641912, 16.248493940382481 ], [ -90.33849791491528, 16.246991783987237 ], [ -90.339024596570198, 16.246394973715287 ], [ -90.339384956376279, 16.246000925752103 ], [ -90.339804714688469, 16.245543751996014 ], [ -90.340169030289303, 16.245151614534976 ], [ -90.340410588529096, 16.244895290363964 ], [ -90.340467272774518, 16.244833485286659 ], [ -90.340552637129207, 16.244740408226047 ], [ -90.34133224004006, 16.243726591765167 ], [ -90.341926217788625, 16.242973399966406 ], [ -90.342366748261085, 16.242413884989418 ], [ -90.342958245122162, 16.241679818913955 ], [ -90.343671000239468, 16.240749681653277 ], [ -90.344287232875672, 16.239958227205832 ], [ -90.344883661711435, 16.239190680960405 ], [ -90.345319225191716, 16.238626378199136 ], [ -90.34578696076322, 16.238066853881101 ], [ -90.345890307174372, 16.237865552200045 ], [ -90.345893566057683, 16.237859203301873 ], [ -90.345875344564391, 16.237864234378666 ], [ -90.345817183438868, 16.237858200567981 ], [ -90.345575870607945, 16.237833168574973 ], [ -90.344705913285026, 16.237765075482386 ], [ -90.344026533380841, 16.237753157883272 ], [ -90.343256815334158, 16.23772211305133 ], [ -90.343026394920557, 16.237710168353079 ], [ -90.343006593754396, 16.237696780519212 ], [ -90.342988774372188, 16.237679565495334 ], [ -90.342982830906791, 16.237620268457988 ], [ -90.342982782915158, 16.236658127133946 ], [ -90.342966918121348, 16.236176101558222 ], [ -90.343030276795943, 16.236176097839262 ], [ -90.343050058713473, 16.235824140964088 ], [ -90.343071834709662, 16.235741889780073 ], [ -90.343071831708869, 16.23570554556531 ], [ -90.343069848657777, 16.235651988106643 ], [ -90.343067865576799, 16.235583125965913 ], [ -90.343057960245019, 16.235464533338551 ], [ -90.343055977683321, 16.235418626864199 ], [ -90.343069834356498, 16.235363154141002 ], [ -90.343087652951567, 16.23532681045484 ], [ -90.343097550199928, 16.235280901921463 ], [ -90.343085664921389, 16.235191001056481 ], [ -90.343078133763797, 16.235038550616757 ], [ -90.343018732585946, 16.234977582587511 ], [ -90.342989028457112, 16.234884335174748 ], [ -90.343000161553562, 16.234805431157849 ], [ -90.343059557285173, 16.234751630788185 ], [ -90.343081788768728, 16.233911525583501 ], [ -90.343078304013162, 16.233880577409806 ], [ -90.343056387652425, 16.233705830382711 ], [ -90.343058101612527, 16.233027103715749 ], [ -90.343054083675639, 16.231879420098544 ], [ -90.343057989413609, 16.230825464795277 ], [ -90.343046106662683, 16.230752778392983 ], [ -90.343040143734243, 16.230280317065109 ], [ -90.343065881885082, 16.230272664325621 ], [ -90.34306784990622, 16.230023999147054 ], [ -90.34308017786266, 16.229547725367652 ], [ -90.343087412228144, 16.229055500479177 ], [ -90.342632028523269, 16.228833157108529 ], [ -90.342570158354292, 16.228866633669487 ], [ -90.341476244868943, 16.228252192742019 ], [ -90.341387152517157, 16.22828806006267 ], [ -90.340661175736003, 16.227893435541588 ], [ -90.340518465133371, 16.22789118624371 ], [ -90.340077933022215, 16.227628191222141 ], [ -90.339998739483846, 16.227666448842758 ], [ -90.339945590978616, 16.227939846009249 ], [ -90.339907924748474, 16.227987157926147 ], [ -90.339905949611264, 16.228134444085853 ], [ -90.339842594832433, 16.22819182976847 ], [ -90.339842604112647, 16.228469604524516 ], [ -90.339833496230497, 16.228516455327153 ], [ -90.339785191731607, 16.228574392843569 ], [ -90.339761443198299, 16.22887852906695 ], [ -90.339709967468963, 16.22891869923232 ], [ -90.339707995222099, 16.22916162680459 ], [ -90.339630781976425, 16.229224751259718 ], [ -90.339630786532524, 16.229373949607595 ], [ -90.339551593316457, 16.229446638756478 ], [ -90.33955753970848, 16.229653221746322 ], [ -90.339480325928719, 16.229720171183601 ], [ -90.339482313338152, 16.229922929747946 ], [ -90.339411038558737, 16.22999179255563 ], [ -90.339399170029481, 16.230297841165292 ], [ -90.339335814496124, 16.230378181448259 ], [ -90.339329881514786, 16.230598153921896 ], [ -90.339260588198186, 16.230657451952748 ], [ -90.339254657310718, 16.230969240785921 ], [ -90.339187341830069, 16.231007498039517 ], [ -90.339179428123785, 16.231233209267067 ], [ -90.339104194132304, 16.231294421585829 ], [ -90.339102218341537, 16.231441706782725 ], [ -90.339080441477051, 16.231514394074768 ], [ -90.339036884677753, 16.231567954095809 ], [ -90.339026991017846, 16.231736281854413 ], [ -90.339001253901245, 16.231803229472892 ], [ -90.338957697027439, 16.231862527941306 ], [ -90.338965624106677, 16.232107367331494 ], [ -90.338888408489154, 16.232141799157425 ], [ -90.338890394070575, 16.232359858743397 ], [ -90.338815160194784, 16.232430634455618 ], [ -90.338803287364215, 16.232665910652592 ], [ -90.338751810157248, 16.232727120997364 ], [ -90.338763696587165, 16.232973873191579 ], [ -90.338684501592454, 16.233023608115801 ], [ -90.338674607574418, 16.233249318674343 ], [ -90.338615211312074, 16.23330287920432 ], [ -90.338605318755128, 16.233520940576529 ], [ -90.338577600371039, 16.233585975909349 ], [ -90.338522164196348, 16.233645273369309 ], [ -90.338524146914168, 16.233761954886042 ], [ -90.338502370496627, 16.233863334422697 ], [ -90.338448913548916, 16.233926458408373 ], [ -90.338444959074977, 16.23415790740281 ], [ -90.338391502660897, 16.234213379483407 ], [ -90.33837764957056, 16.2344314405182 ], [ -90.338302415241543, 16.234569164173383 ], [ -90.338312320620091, 16.234810178179949 ], [ -90.338227184551016, 16.234869477316654 ], [ -90.338223228381793, 16.235022500307689 ], [ -90.338163830846383, 16.235072235655903 ], [ -90.338155919364524, 16.235361068947434 ], [ -90.338092563502087, 16.23546436175404 ], [ -90.338045044499154, 16.235472015327744 ], [ -90.338017325755132, 16.235502620693303 ], [ -90.337961887818309, 16.235502621736639 ], [ -90.337920306984813, 16.235470104245909 ], [ -90.337886647782724, 16.235473931583826 ], [ -90.337843089522138, 16.235514100977852 ], [ -90.337799530848216, 16.235498798246333 ], [ -90.337753990748951, 16.235460543751323 ], [ -90.33771835244184, 16.235479673323482 ], [ -90.337720334320366, 16.235540882707614 ], [ -90.337613087573288, 16.235619486908707 ], [ -90.337586700649197, 16.235623137190611 ], [ -90.337567878608127, 16.235621222912393 ], [ -90.33739364041115, 16.235525587250635 ], [ -90.337278804707239, 16.235600188695436 ], [ -90.337160006481042, 16.235546632839711 ], [ -90.337084436760961, 16.23553556426727 ], [ -90.337069665796406, 16.235605198110022 ], [ -90.337002225818324, 16.235603607064068 ], [ -90.336469617778235, 16.235603616513881 ], [ -90.335887509787966, 16.235584495484012 ], [ -90.33534500128799, 16.235569197908259 ], [ -90.335265803500107, 16.235561548704332 ], [ -90.335222244641812, 16.235550072292156 ], [ -90.335174726013349, 16.235529031099603 ], [ -90.335061867098389, 16.235421915482888 ], [ -90.3348599103997, 16.235196206661758 ], [ -90.334442137808111, 16.234769653034984 ], [ -90.334406498984421, 16.234760089734088 ], [ -90.334358980805447, 16.234760089692809 ], [ -90.334159789341896, 16.23480007980535 ], [ -90.334178579892111, 16.234846160370758 ], [ -90.334200007066016, 16.234898709047254 ], [ -90.33402057447023, 16.235048147473325 ], [ -90.334029855981242, 16.235110910869476 ], [ -90.333859704707649, 16.23521252896272 ], [ -90.33381948616281, 16.235179653820829 ], [ -90.333745238569819, 16.23522448562391 ], [ -90.333680271981564, 16.235167699023958 ], [ -90.333628518970301, 16.235194858519016 ], [ -90.333500152385923, 16.235262222926323 ], [ -90.333500068147856, 16.23526226714824 ], [ -90.333429683494899, 16.235299205045674 ], [ -90.333373048980761, 16.235259255248405 ], [ -90.333234782547265, 16.235161721074221 ], [ -90.333148158887496, 16.235164710638475 ], [ -90.332810948946943, 16.235287249497617 ], [ -90.332510861876173, 16.23537989921525 ], [ -90.332356177510121, 16.23536196600817 ], [ -90.332062279406458, 16.235347020874176 ], [ -90.33135073386002, 16.235302183702885 ], [ -90.330611345056965, 16.23529918674782 ], [ -90.329560062630719, 16.235291357101488 ], [ -90.329404811245666, 16.235290201024856 ], [ -90.329407907283098, 16.235269278782372 ], [ -90.328860322622248, 16.235403762504919 ], [ -90.328535485518017, 16.235451575274276 ], [ -90.328433394402197, 16.235460538328514 ], [ -90.327833216530564, 16.235580073474289 ], [ -90.327062886104187, 16.235738456172516 ], [ -90.326744233845176, 16.235798221762817 ], [ -90.326673080878123, 16.235735455428202 ], [ -90.326580268158523, 16.235813159256448 ], [ -90.326400833951098, 16.235846030550029 ], [ -90.326354428689456, 16.235813151652597 ], [ -90.326230679218, 16.235872923181361 ], [ -90.326085276248151, 16.235875906888985 ], [ -90.32591821652926, 16.235890844044455 ], [ -90.325735686535296, 16.235974524134566 ], [ -90.325726407155344, 16.235935669601918 ], [ -90.325608842986526, 16.236004406485257 ], [ -90.325574815872955, 16.235947618455793 ], [ -90.325383003910105, 16.236031296030422 ], [ -90.325361350003661, 16.235995430226183 ], [ -90.325141693072283, 16.236088073311532 ], [ -90.325123132526826, 16.236058185298852 ], [ -90.325064351468043, 16.23608807009818 ], [ -90.324340416959373, 16.236327140422286 ], [ -90.324303413848298, 16.236148362491452 ], [ -90.324303300196661, 16.236147812864527 ], [ -90.324414673771244, 16.236141839437447 ], [ -90.324409382565207, 16.236099226382525 ], [ -90.324405396514976, 16.236067121510725 ], [ -90.324363498141537, 16.236036385293474 ], [ -90.32436259029447, 16.2360357202217 ], [ -90.324295618184038, 16.235986590937145 ], [ -90.324238342568066, 16.235944575631329 ], [ -90.324266188858559, 16.235890777931679 ], [ -90.324195036155345, 16.235854909861096 ], [ -90.32413625393194, 16.235881806317572 ], [ -90.323956826646338, 16.235762247985239 ], [ -90.32398776548392, 16.235717417141849 ], [ -90.323678409090974, 16.235487269325205 ], [ -90.323693881449813, 16.235409561255807 ], [ -90.323567301003735, 16.235344799139629 ], [ -90.323559596326419, 16.235251701151487 ], [ -90.323554935032675, 16.235195361123363 ], [ -90.323549106157969, 16.235089682380931 ], [ -90.323542572055132, 16.23497120381677 ], [ -90.323551868550624, 16.234654395028905 ], [ -90.32353952674714, 16.234011811842031 ], [ -90.323541400989555, 16.233739564149392 ], [ -90.323545760955668, 16.233106218456456 ], [ -90.323521410963124, 16.233040435019802 ], [ -90.323521440426489, 16.232459419658959 ], [ -90.323450924003296, 16.232452245984746 ], [ -90.323239301801735, 16.232430714818761 ], [ -90.323239320698363, 16.232072063238302 ], [ -90.322778993630621, 16.232014656143601 ], [ -90.322818566470133, 16.231858826102417 ], [ -90.322875535288816, 16.231634491585734 ], [ -90.32297207339559, 16.231333229236711 ], [ -90.323009098839961, 16.231124624680799 ], [ -90.323016634236239, 16.23108217592651 ], [ -90.32302407164255, 16.230831121465567 ], [ -90.323024082206729, 16.230651795652573 ], [ -90.323031518546443, 16.230443778294028 ], [ -90.323076076484824, 16.230250108669022 ], [ -90.323202300468395, 16.230149692714182 ], [ -90.323175211051918, 16.229945251072021 ], [ -90.323186353962441, 16.229837655816677 ], [ -90.322985889289711, 16.229830473093799 ], [ -90.322985896426786, 16.229690598855722 ], [ -90.322973950964041, 16.229595918259744 ], [ -90.322967343289406, 16.229543551644134 ], [ -90.322974794451099, 16.229059374009914 ], [ -90.322974828047066, 16.228446080608329 ], [ -90.323023091058175, 16.228388699170097 ], [ -90.323104762066947, 16.228363597202275 ], [ -90.32319014202659, 16.228410225022966 ], [ -90.323238400827222, 16.228424574780547 ], [ -90.323346057234232, 16.228424580370902 ], [ -90.323464849676753, 16.228420998801937 ], [ -90.323516820925846, 16.228424588688668 ], [ -90.323557659780278, 16.228363619948869 ], [ -90.323698731293234, 16.228252444077697 ], [ -90.323810099846725, 16.228234516765315 ], [ -90.323899195376768, 16.228241693978315 ], [ -90.324025411498766, 16.228252458540002 ], [ -90.324159050654117, 16.22832060929926 ], [ -90.324155335034348, 16.228388751949517 ], [ -90.324237004189328, 16.228424621514336 ], [ -90.324366930214381, 16.228467664982379 ], [ -90.32445602456356, 16.228478429292473 ], [ -90.324582243806091, 16.228442568167289 ], [ -90.324626794701857, 16.228370840294534 ], [ -90.32478642450522, 16.228334982251681 ], [ -90.324908926469561, 16.228403130575739 ], [ -90.325044533119993, 16.228471667438178 ], [ -90.32515021895837, 16.228525081861381 ], [ -90.325662505586934, 16.228736704865351 ], [ -90.325918649343436, 16.228822792364273 ], [ -90.326319571305504, 16.228966266149349 ], [ -90.326657384472611, 16.22910973644391 ], [ -90.327162249968396, 16.229278318981294 ], [ -90.327451805597548, 16.229378750443008 ], [ -90.327938110494813, 16.229590367636877 ], [ -90.32796038502515, 16.229576021911853 ], [ -90.3282722151652, 16.22969438437659 ], [ -90.329155735550245, 16.230063815384803 ], [ -90.329166871502764, 16.230049468699399 ], [ -90.329660605658319, 16.230232391102696 ], [ -90.330163062069445, 16.230489252349315 ], [ -90.330190286994764, 16.230455778824382 ], [ -90.33079167947227, 16.230682933586291 ], [ -90.330910473852057, 16.230735536729977 ], [ -90.330919654680486, 16.230728567324235 ], [ -90.330945121715885, 16.230709235551281 ], [ -90.331277992601571, 16.230855567883193 ], [ -90.331311401694023, 16.230830463244416 ], [ -90.331377668024274, 16.230865790889382 ], [ -90.331373212258015, 16.230878703186647 ], [ -90.331434094225983, 16.230904526298456 ], [ -90.331471218726591, 16.230865792004586 ], [ -90.331976093346015, 16.230996345023655 ], [ -90.331983517186998, 16.230980564475836 ], [ -90.332207741925956, 16.231072381100311 ], [ -90.33223001584787, 16.231050861168665 ], [ -90.332515122084146, 16.231144112087375 ], [ -90.332549276721153, 16.231106812361716 ], [ -90.332788349745627, 16.231228754152873 ], [ -90.332843291684355, 16.231184282540841 ], [ -90.333080880661825, 16.231309093422777 ], [ -90.333122459876051, 16.231266055557846 ], [ -90.333435780524752, 16.231416687677054 ], [ -90.333483297724754, 16.231377953958226 ], [ -90.333588727745564, 16.231435338170275 ], [ -90.333648125861117, 16.231379388395876 ], [ -90.333808499393868, 16.231468334194389 ], [ -90.333893140124033, 16.231413817723833 ], [ -90.333971841828287, 16.231465463142875 ], [ -90.334014904663988, 16.231432467898927 ], [ -90.334314862651681, 16.231594576950911 ], [ -90.334395048241234, 16.231550103859696 ], [ -90.334537602573718, 16.231630440608765 ], [ -90.334597000284404, 16.231596010037116 ], [ -90.334849440382797, 16.231707907454545 ], [ -90.334900274468538, 16.231676345239375 ], [ -90.334983431175004, 16.2317184266306 ], [ -90.335038868103723, 16.231680170525276 ], [ -90.335272499300189, 16.231804500468197 ], [ -90.33533783542866, 16.231754766905723 ], [ -90.335486329727132, 16.231838928151795 ], [ -90.335559587019233, 16.231794933704766 ], [ -90.335698181341698, 16.231865705814066 ], [ -90.335739760290679, 16.231842751610305 ], [ -90.335915973579162, 16.231928825747524 ], [ -90.335987249467607, 16.231873353593901 ], [ -90.336143665223688, 16.231974729573963 ], [ -90.336220881227888, 16.231915431465289 ], [ -90.336371355261875, 16.231978551379033 ], [ -90.336407254045952, 16.232001366616807 ], [ -90.336414465046943, 16.231821560908152 ], [ -90.336633478680682, 16.230967968186437 ], [ -90.336659464632817, 16.230917756506798 ], [ -90.336703000678781, 16.230702756171091 ], [ -90.336726279169568, 16.230587795979478 ], [ -90.336897030850508, 16.229788001920092 ], [ -90.336960138451929, 16.229676819614042 ], [ -90.337074939342315, 16.229069563982037 ], [ -90.337179141543245, 16.228518373318966 ], [ -90.337231111843082, 16.228482506417482 ], [ -90.337249835521277, 16.228301580550156 ], [ -90.337257093000488, 16.228231450999818 ], [ -90.337283076964681, 16.228098749546298 ], [ -90.337323911706861, 16.228105922077372 ], [ -90.33747609550305, 16.227245157349511 ], [ -90.3375141268383, 16.227141045343224 ], [ -90.337609729602178, 16.226879330850057 ], [ -90.337954946313019, 16.226004214803183 ], [ -90.338103426434444, 16.225634801090262 ], [ -90.338344702669104, 16.224935427727363 ], [ -90.33896459364756, 16.223303549624315 ], [ -90.339617879003825, 16.221538970423136 ], [ -90.339985348809094, 16.220584946807474 ], [ -90.340445604393722, 16.219308136433892 ], [ -90.340386207078822, 16.219236408327429 ], [ -90.340434460615484, 16.219110878781908 ], [ -90.340501278716829, 16.219118049431348 ], [ -90.340631191801108, 16.218823951039358 ], [ -90.342268248522657, 16.219354689382492 ], [ -90.342347652051927, 16.219456967118379 ], [ -90.342356959004007, 16.219450222352314 ], [ -90.342379230330721, 16.219443047945305 ], [ -90.342442336591219, 16.219450218844759 ], [ -90.342520291776765, 16.219468147384951 ], [ -90.34271703540827, 16.219507591239807 ], [ -90.343304868856976, 16.219680677218662 ], [ -90.343411209569581, 16.219711988735828 ], [ -90.344406072101165, 16.22002037610865 ], [ -90.345565020020217, 16.220385015698294 ], [ -90.346354973979516, 16.220633554383546 ], [ -90.348070022091491, 16.221221625137176 ], [ -90.348129418476319, 16.221257484968341 ], [ -90.348140561322467, 16.221322042407984 ], [ -90.347672915938801, 16.222466171696503 ], [ -90.347635797391277, 16.222498452777437 ], [ -90.347584221370283, 16.222512693694082 ], [ -90.347598724224454, 16.222561722903208 ], [ -90.347625409576693, 16.222577476086855 ], [ -90.347641744475325, 16.222593254376644 ], [ -90.34765065409519, 16.222610469862978 ], [ -90.347650658592627, 16.222652072664562 ], [ -90.347647688192311, 16.222653507636444 ], [ -90.347636802300485, 16.222690448755142 ], [ -90.34733680701882, 16.223673771607004 ], [ -90.34702753993713, 16.22482147379629 ], [ -90.346688993811284, 16.22610471645601 ], [ -90.346625639208568, 16.226118110759874 ], [ -90.346590019255117, 16.226357213568491 ], [ -90.346542502519554, 16.226359129699382 ], [ -90.346528653599492, 16.226504503009394 ], [ -90.346461349208354, 16.226661357975075 ], [ -90.346237686110427, 16.227585256038054 ], [ -90.346178294579829, 16.227648382261165 ], [ -90.346160485192584, 16.227793756271321 ], [ -90.346146628116145, 16.227826274464043 ], [ -90.346118912080158, 16.227858794356592 ], [ -90.34608878326101, 16.227860061380778 ], [ -90.34607322134984, 16.227924241596757 ], [ -90.346095810839188, 16.227934878985049 ], [ -90.346095816903158, 16.228016173824969 ], [ -90.346053746238354, 16.228052041056497 ], [ -90.346031490336586, 16.228307879845975 ], [ -90.345974401431647, 16.228331784709212 ], [ -90.34595845182298, 16.228397568041082 ], [ -90.345962211699359, 16.22858045973684 ], [ -90.345897870633365, 16.228647410938542 ], [ -90.345883035965741, 16.228881731081081 ], [ -90.345833540624838, 16.228908034782286 ], [ -90.34581127738555, 16.229065842321287 ], [ -90.345751883165036, 16.229116057080656 ], [ -90.345724675804632, 16.229352768800187 ], [ -90.345675181316352, 16.229395809738648 ], [ -90.345660343327694, 16.229572744253993 ], [ -90.345363356388418, 16.229515378343411 ], [ -90.345715726421147, 16.229620621069785 ], [ -90.345876405343688, 16.229668611435166 ], [ -90.346507512586271, 16.229894522295528 ], [ -90.34713490586509, 16.230084565213961 ], [ -90.347927266090878, 16.230368834020577 ], [ -90.348044447050157, 16.230410874141462 ], [ -90.34805439271031, 16.230391490319025 ], [ -90.348299652172543, 16.229913473018826 ], [ -90.348425828623206, 16.229375488376061 ], [ -90.348663353061781, 16.228600784643891 ], [ -90.348889733040622, 16.227757937681666 ], [ -90.349171786650615, 16.226807490935013 ], [ -90.349461256366368, 16.225781728478619 ], [ -90.349709907451526, 16.224992676373514 ], [ -90.349902882778707, 16.22430046521163 ], [ -90.350125553503489, 16.223604664855905 ], [ -90.350340783674852, 16.222743885763165 ], [ -90.350558099338087, 16.222123371743521 ], [ -90.350585723435671, 16.222044495986331 ], [ -90.351855320196989, 16.222460420544941 ], [ -90.353043250775642, 16.222833306178291 ], [ -90.353215428682148, 16.222889343116947 ], [ -90.355781257979189, 16.223724389976557 ], [ -90.356617699357656, 16.223996600948272 ], [ -90.357968992975813, 16.224426823977328 ], [ -90.358127389238732, 16.224511087268439 ], [ -90.358181184618985, 16.224509171830757 ], [ -90.358296535975938, 16.22454388308147 ], [ -90.358693488285184, 16.224663330653353 ], [ -90.359298601865845, 16.224846165332352 ], [ -90.359506496934017, 16.224932214756699 ], [ -90.359670455221718, 16.225005571244125 ], [ -90.359937755119162, 16.225153778565971 ], [ -90.360232291827529, 16.225395230872298 ], [ -90.360343676781909, 16.225529112140457 ], [ -90.36029913438135, 16.225560202004335 ], [ -90.360245480157857, 16.225626868193718 ], [ -90.360143248452175, 16.22575389327125 ], [ -90.359972510105493, 16.22592606867433 ], [ -90.359856215022091, 16.226083889872253 ], [ -90.359721985146081, 16.226241262595025 ], [ -90.358927689763675, 16.227155922694163 ], [ -90.358389492237691, 16.227758523252763 ], [ -90.357739938959, 16.228483075934086 ], [ -90.357339068932816, 16.228931436177977 ], [ -90.357064398109912, 16.229236322184608 ], [ -90.356485363291682, 16.229921411563051 ], [ -90.35635991195727, 16.230131630920035 ], [ -90.356169866146075, 16.230331060685096 ], [ -90.355893704297145, 16.230626621004326 ], [ -90.355529945241486, 16.23104700015783 ], [ -90.35487863769994, 16.231772021539712 ], [ -90.354866256548476, 16.231788735887346 ], [ -90.354798937184469, 16.231769616126634 ], [ -90.354747459498668, 16.23176962156337 ], [ -90.3547177623457, 16.231781100765179 ], [ -90.354652427286837, 16.231804061413388 ], [ -90.354679211709794, 16.231814760418011 ], [ -90.354741992211061, 16.231789940624893 ], [ -90.354813267768066, 16.231781326120608 ], [ -90.354878608223231, 16.231810967912818 ], [ -90.35499762976599, 16.23189151530373 ], [ -90.354986325592009, 16.231904183006279 ], [ -90.356523690673725, 16.232923460832858 ], [ -90.356572983636681, 16.2329926079648 ], [ -90.356809390196759, 16.233419376606523 ], [ -90.356999994409804, 16.233718230035795 ], [ -90.357238876791712, 16.234136628502352 ], [ -90.357401020698958, 16.234421140186335 ], [ -90.357508078545493, 16.234631005618546 ], [ -90.357508634882535, 16.234630154576681 ], [ -90.35756312229006, 16.234583052393006 ], [ -90.357565521771036, 16.23458728487061 ], [ -90.357568411510442, 16.234578479811677 ], [ -90.35758258661933, 16.234566226052262 ], [ -90.357721163344493, 16.234408403144123 ], [ -90.35830221325034, 16.233928218553842 ], [ -90.359841442190316, 16.232684701753353 ], [ -90.361286615606843, 16.2315033530653 ], [ -90.363365268258136, 16.229877175799299 ], [ -90.363417117841962, 16.229877128738639 ], [ -90.363471578095982, 16.229963196583306 ], [ -90.363691887296895, 16.230245302471708 ], [ -90.363783477719423, 16.230372011693184 ], [ -90.363917155119253, 16.230591964373996 ], [ -90.364115191702126, 16.230878854913058 ], [ -90.364115196338446, 16.230907548179449 ], [ -90.364024404871969, 16.230977742684718 ], [ -90.364991025614103, 16.232327492809826 ], [ -90.364135182443533, 16.232835611442752 ], [ -90.3638419403825, 16.233054434366178 ], [ -90.363530133948643, 16.233258910959723 ], [ -90.36300304268326, 16.2336786084694 ], [ -90.362438821745044, 16.234080379141123 ], [ -90.361882024389473, 16.234485733217962 ], [ -90.361295523441285, 16.234880329686995 ], [ -90.361295532476888, 16.234944887245092 ], [ -90.360894631100919, 16.235206755898776 ], [ -90.360864928899446, 16.235185242242153 ], [ -90.360575399205999, 16.235447095627386 ], [ -90.359711727231272, 16.236050937228438 ], [ -90.359691938442509, 16.236132234320618 ], [ -90.359444462225781, 16.236273334951161 ], [ -90.359300926194635, 16.236354648486582 ], [ -90.35916590900878, 16.236485119197674 ], [ -90.359157372554336, 16.236490794151887 ], [ -90.359093052015297, 16.236519654366944 ], [ -90.359042444679218, 16.236554329027545 ], [ -90.358993997652817, 16.236599384788125 ], [ -90.358789406941753, 16.236735370306985 ], [ -90.358297260437269, 16.237262629502943 ], [ -90.358165424452352, 16.237363554315426 ], [ -90.357993187049075, 16.237526163341286 ], [ -90.357805114681184, 16.237717466595697 ], [ -90.357525973652713, 16.238010158901847 ], [ -90.357308203480926, 16.238224419114612 ], [ -90.357082512741073, 16.23844441855212 ], [ -90.356852861627914, 16.238662504355126 ], [ -90.356611331497717, 16.238893982169195 ], [ -90.356425232257607, 16.239062329818832 ], [ -90.356247049848236, 16.239198158969408 ], [ -90.356159942512662, 16.239307198545511 ], [ -90.356092634834326, 16.239408584264787 ], [ -90.356171674751607, 16.239482300656718 ], [ -90.356201556771708, 16.239510169967712 ], [ -90.357226235320482, 16.240465827361863 ], [ -90.357656931975001, 16.2408232321893 ], [ -90.35790817486054, 16.241051542861854 ], [ -90.357904464364779, 16.241067084575224 ], [ -90.357952731867726, 16.241099357704741 ], [ -90.358102925510792, 16.241190754897694 ], [ -90.358257182681569, 16.241284623985077 ], [ -90.358827716457938, 16.241603753759712 ], [ -90.359212615095004, 16.241839219835928 ], [ -90.359780678921751, 16.242166714948851 ], [ -90.360278197720007, 16.242447593646496 ], [ -90.360328426622971, 16.242488308467987 ], [ -90.360359371088776, 16.242530146702528 ], [ -90.360359378732525, 16.242586933919387 ], [ -90.360312980314177, 16.242646715714368 ], [ -90.360260392645799, 16.242697531870366 ], [ -90.360034572280284, 16.24287987496313 ], [ -90.35968191329718, 16.243133965493108 ], [ -90.359177675377083, 16.2435165898595 ], [ -90.358657966852263, 16.243902206138142 ], [ -90.358073413338175, 16.244316040711649 ], [ -90.35775119254977, 16.244565701452913 ], [ -90.357439367073113, 16.244821097203577 ], [ -90.357261179290632, 16.244964579886449 ], [ -90.357050325422279, 16.245132452133717 ], [ -90.356766712519672, 16.245374933785978 ], [ -90.356262998380615, 16.245755064955052 ], [ -90.356268947042039, 16.245822012592487 ], [ -90.355843263575039, 16.246078375357186 ], [ -90.355841289176823, 16.246122370094948 ], [ -90.355581921675665, 16.246298377634545 ], [ -90.355575986296898, 16.246348110843439 ], [ -90.355352256403918, 16.246495422042521 ], [ -90.355348303568221, 16.246556631711947 ], [ -90.355023591332142, 16.246732643667514 ], [ -90.355031027496437, 16.246827327491605 ], [ -90.35464988553403, 16.247023429622416 ], [ -90.354649895270299, 16.247109506547147 ], [ -90.354058382903617, 16.247425180078398 ], [ -90.354043543013162, 16.247530386425566 ], [ -90.354085621484742, 16.247544727651597 ], [ -90.354085625293905, 16.247587765658398 ], [ -90.354004702465119, 16.247696445141212 ], [ -90.35386661661218, 16.247931735340998 ], [ -90.353732993974333, 16.248245927156194 ], [ -90.353843620981309, 16.248321518129462 ], [ -90.353685549542419, 16.248418819195695 ], [ -90.353678605883772, 16.248423102204832 ], [ -90.353621040392923, 16.24845853805763 ], [ -90.353486919249889, 16.248645142840818 ], [ -90.352629466471143, 16.249838123633655 ], [ -90.352629181352455, 16.249837788111993 ], [ -90.351915657807311, 16.249475259019615 ], [ -90.351696482208013, 16.249363899520876 ], [ -90.351354309774081, 16.24919004455565 ], [ -90.351021061384088, 16.249020725341811 ], [ -90.350888431283821, 16.248953336015777 ], [ -90.350020334822133, 16.248512261339087 ], [ -90.349488085595667, 16.24824182399659 ], [ -90.348421804250222, 16.247700039299904 ], [ -90.348409992367337, 16.247704428923072 ], [ -90.348177208516589, 16.247575756630052 ], [ -90.347991641921311, 16.247481468261135 ], [ -90.34762135943258, 16.2472945122284 ], [ -90.347257389701298, 16.247110739797293 ], [ -90.347196594868279, 16.247141017899967 ], [ -90.346867015582859, 16.246913635060146 ], [ -90.346558487234219, 16.246757854433508 ], [ -90.345959240278461, 16.247288996048116 ], [ -90.34424902608113, 16.248645957906916 ], [ -90.344219585895857, 16.248669316715919 ], [ -90.343808895552172, 16.24897226609805 ], [ -90.343515541904964, 16.249267678366557 ], [ -90.343151717715315, 16.249626347298456 ], [ -90.34308489058435, 16.249666997589056 ], [ -90.343060709411105, 16.249679613511173 ], [ -90.343096397306368, 16.249745648006954 ], [ -90.343122716659565, 16.2497858023427 ], [ -90.344403380384236, 16.251739683589584 ], [ -90.345071734230615, 16.252758216396639 ], [ -90.345258246528402, 16.253133514277483 ], [ -90.345556957442398, 16.253599690453626 ], [ -90.345725248125518, 16.253834133459087 ], [ -90.346133694612618, 16.254450988552893 ], [ -90.347021072758977, 16.255884589891512 ], [ -90.347207449205555, 16.256175444120512 ], [ -90.347202810860693, 16.256179405904131 ], [ -90.347320437746021, 16.256375963849113 ], [ -90.347373752443588, 16.256465051794923 ], [ -90.347430550857325, 16.256559966554398 ], [ -90.347567196650047, 16.256745499504827 ], [ -90.347646413348016, 16.256877477663959 ], [ -90.34797516114385, 16.257372872178895 ], [ -90.34824450228021, 16.257843403392737 ], [ -90.348335598306676, 16.257931385643083 ], [ -90.3488138747569, 16.258697717521791 ], [ -90.349064264629462, 16.259104605906568 ], [ -90.349483777314418, 16.259786322443912 ], [ -90.349487364024085, 16.259792150213705 ], [ -90.349550409957345, 16.259894600492405 ], [ -90.350051472706966, 16.260699853105763 ], [ -90.350335675635719, 16.261162728483779 ], [ -90.350551054688495, 16.261495061845373 ], [ -90.350676621743816, 16.26170154578816 ], [ -90.350768016352134, 16.261836552856778 ], [ -90.350777985595144, 16.261839762169757 ], [ -90.350877011488208, 16.261997561166268 ], [ -90.351604853045288, 16.263116490239973 ], [ -90.352243584100776, 16.264168478013342 ], [ -90.352808046418232, 16.265048317420021 ], [ -90.352902125610385, 16.265230026589407 ], [ -90.352902130064194, 16.265273064523047 ], [ -90.352887281289881, 16.265296976020458 ], [ -90.352936149741467, 16.265330707656737 ], [ -90.352982046988757, 16.265362390031974 ], [ -90.353042781309, 16.265427419758392 ], [ -90.353443848929345, 16.266029915974912 ], [ -90.353686466689553, 16.266359851684108 ], [ -90.353849875126258, 16.266689794823456 ], [ -90.354399494950457, 16.26754094004534 ], [ -90.354968931062373, 16.268459029090035 ], [ -90.355116661901533, 16.268688964670648 ], [ -90.355379940974601, 16.268329852986152 ], [ -90.355146887851816, 16.268670846282237 ], [ -90.35545883870769, 16.269129886872353 ], [ -90.355485262686685, 16.269129884120908 ], [ -90.35551765220994, 16.26908342830939 ], [ -90.355584385717066, 16.268961383780393 ], [ -90.355697615060564, 16.268799978167785 ], [ -90.355797513388623, 16.268658492978844 ], [ -90.355910742383216, 16.268497087244835 ], [ -90.356140552578694, 16.268171607028062 ], [ -90.356366979286662, 16.267848836660992 ], [ -90.356938829151076, 16.267035626445459 ], [ -90.357503308015978, 16.266246249193745 ], [ -90.358188821596414, 16.265296980666147 ], [ -90.35890898371747, 16.264285527284645 ], [ -90.35959898910103, 16.263327023324841 ], [ -90.360259268876419, 16.262415260035141 ], [ -90.360260957463794, 16.262413096462186 ], [ -90.359624314454109, 16.262119417804399 ], [ -90.3618483851929, 16.258849368448654 ], [ -90.361939801916193, 16.258723352826777 ], [ -90.361798522501203, 16.258483246086492 ], [ -90.361084153854378, 16.257977946546838 ], [ -90.360502287717239, 16.257566367518233 ], [ -90.360484039711849, 16.257560495027974 ], [ -90.360456807769637, 16.257534197149205 ], [ -90.359877542830745, 16.257091935587379 ], [ -90.359436906655901, 16.256747686989819 ], [ -90.358889824960926, 16.256307809415393 ], [ -90.358268482351235, 16.255815338046951 ], [ -90.357877359962785, 16.255501779257205 ], [ -90.357746458288517, 16.255418217605893 ], [ -90.357643681001349, 16.255352608692522 ], [ -90.357350900496371, 16.255157998388313 ], [ -90.357098409210053, 16.254993048035537 ], [ -90.356853341956779, 16.25481375037911 ], [ -90.356288950370271, 16.254404951792861 ], [ -90.35430957402022, 16.255554610420329 ], [ -90.353983111379037, 16.255435322446505 ], [ -90.353549933292598, 16.255267995458595 ], [ -90.353376637082775, 16.254957180083927 ], [ -90.353327107543905, 16.254718084718046 ], [ -90.353067195678918, 16.254550739223479 ], [ -90.352881541688461, 16.254407296315396 ], [ -90.352733009271788, 16.254192118959928 ], [ -90.352658730725565, 16.253976935294716 ], [ -90.352510197495761, 16.253749803638176 ], [ -90.352374043647686, 16.253558534785011 ], [ -90.352374027311157, 16.253391165062236 ], [ -90.35265205226662, 16.253201850273211 ], [ -90.352691650196732, 16.253158809092497 ], [ -90.352790654799747, 16.253125324769044 ], [ -90.352939166869987, 16.253149220470824 ], [ -90.353048079247372, 16.253192249041366 ], [ -90.353152035293945, 16.253182674456223 ], [ -90.353226284547716, 16.25313006567081 ], [ -90.353354998157855, 16.253173090624468 ], [ -90.35343420533799, 16.253187428747335 ], [ -90.353562916353681, 16.253211326586261 ], [ -90.353647072752111, 16.253216100036894 ], [ -90.353810436589995, 16.253239993635578 ], [ -90.353973798475735, 16.253239977017362 ], [ -90.354092596410524, 16.25313954318959 ], [ -90.354236147505333, 16.253053452129013 ], [ -90.354473746160238, 16.25290518558306 ], [ -90.355869831505913, 16.253665377718416 ], [ -90.356523318605738, 16.2540048294549 ], [ -90.357067818198232, 16.253674806304456 ], [ -90.357188408300317, 16.253579810328901 ], [ -90.357165183597544, 16.253565462540145 ], [ -90.357231781884579, 16.253489747838525 ], [ -90.357257153672933, 16.253535527078615 ], [ -90.357313309437487, 16.253585125870337 ], [ -90.357952625578847, 16.25392575945137 ], [ -90.358213840536791, 16.254108620540848 ], [ -90.358281461388572, 16.254146335873731 ], [ -90.358377522059001, 16.253982113341603 ], [ -90.358434433366142, 16.253843427822083 ], [ -90.358496293398673, 16.253692786023834 ], [ -90.358560626234876, 16.253527798353037 ], [ -90.358590222984589, 16.253401929031416 ], [ -90.358581583494754, 16.253356996259878 ], [ -90.358316722305119, 16.253220740416662 ], [ -90.358168202939851, 16.253153811389414 ], [ -90.358084044886255, 16.25313947533342 ], [ -90.358034537587699, 16.253108398098018 ], [ -90.357977604982352, 16.253077321298012 ], [ -90.357841458748794, 16.252993652241649 ], [ -90.357749871023941, 16.252938670055915 ], [ -90.357653329604531, 16.252862169576439 ], [ -90.357546888306572, 16.25278805937333 ], [ -90.357514702196141, 16.252716333664569 ], [ -90.357544187762201, 16.252640349864262 ], [ -90.357552820260935, 16.252632269040433 ], [ -90.357646854912844, 16.252455323048597 ], [ -90.357760691093674, 16.252287939336284 ], [ -90.357775510924242, 16.252039272175775 ], [ -90.357770109469115, 16.25194816542686 ], [ -90.357716017445213, 16.251336322941047 ], [ -90.357720089638249, 16.2510420002701 ], [ -90.357718118306423, 16.251040611557261 ], [ -90.357775241582203, 16.251006041987061 ], [ -90.357774370230189, 16.25096608368187 ], [ -90.358125818327139, 16.250793888859192 ], [ -90.358521889577901, 16.251154883923448 ], [ -90.358804090570928, 16.251417859949708 ], [ -90.359222444883812, 16.251819496912223 ], [ -90.359416827151207, 16.251990272129621 ], [ -90.35944941640966, 16.252020841619444 ], [ -90.36010748706741, 16.252638146505163 ], [ -90.360350083875431, 16.252858087057415 ], [ -90.360562975267825, 16.25305412209562 ], [ -90.36071108067685, 16.253065559931645 ], [ -90.360877257285537, 16.25314611778699 ], [ -90.360919336277959, 16.253152819337423 ], [ -90.361021299414929, 16.253195931453423 ], [ -90.361090576517299, 16.253252414246244 ], [ -90.361159864812379, 16.253291678934588 ], [ -90.361216290513767, 16.253316586769468 ], [ -90.36129351913381, 16.253330028576592 ], [ -90.36136644499868, 16.253337708293387 ], [ -90.361613805164325, 16.253337673836228 ], [ -90.361665056153726, 16.253340741477793 ], [ -90.361717724156406, 16.253297694474661 ], [ -90.361757942800537, 16.253276767971759 ], [ -90.361940486562233, 16.253276742359375 ], [ -90.362011651954759, 16.253306619841183 ], [ -90.362064255479126, 16.253342477655654 ], [ -90.362110671130296, 16.25338431302232 ], [ -90.36219730687381, 16.253411199769658 ], [ -90.362373672735373, 16.253476928408695 ], [ -90.362488151080854, 16.253485878401122 ], [ -90.362593344111758, 16.253479885505556 ], [ -90.362689253148289, 16.253452972664132 ], [ -90.362751129145465, 16.253420087782821 ], [ -90.362816093456118, 16.253363291169762 ], [ -90.362887239385415, 16.253267641689874 ], [ -90.362946014472385, 16.253207858369677 ], [ -90.362998125062873, 16.253165371063883 ], [ -90.363080724648881, 16.253168975621541 ], [ -90.363108721643499, 16.253166983575319 ], [ -90.363123890542369, 16.253170859986991 ], [ -90.36326191444833, 16.253194636844299 ], [ -90.36333927247378, 16.253248423456206 ], [ -90.36346922338798, 16.253275303267319 ], [ -90.363571329149025, 16.253305176658689 ], [ -90.363713653390377, 16.253314121317867 ], [ -90.363773682113873, 16.253338406239937 ], [ -90.36378595737996, 16.25334047126298 ], [ -90.363876546582446, 16.253331849926965 ], [ -90.363891579549644, 16.253308959973914 ], [ -90.364050338259787, 16.253269307522899 ], [ -90.364053270477299, 16.253310304729407 ], [ -90.36410970971518, 16.253343292106017 ], [ -90.364261199465773, 16.253392046343443 ], [ -90.364344378011168, 16.253475240840263 ], [ -90.3644127051504, 16.253554132577857 ], [ -90.364463202612939, 16.253574210173298 ], [ -90.364549342624812, 16.253601455371371 ], [ -90.364638450314089, 16.253607179364831 ], [ -90.364730530874638, 16.253632988471942 ], [ -90.364764695785667, 16.253677456451328 ], [ -90.364770642510607, 16.253716188748502 ], [ -90.364773620978667, 16.253766400589857 ], [ -90.364794416901915, 16.2537936545958 ], [ -90.364828577186401, 16.253807994970416 ], [ -90.364887979468691, 16.253795074544907 ], [ -90.364892426409398, 16.253741993238428 ], [ -90.364904302528657, 16.253716169154597 ], [ -90.36495330872971, 16.253703250217168 ], [ -90.365079549539914, 16.253747702689019 ], [ -90.365199854917662, 16.25381367618342 ], [ -90.365297886618734, 16.25389686890842 ], [ -90.365346909725389, 16.253980068413458 ], [ -90.365403353152772, 16.254044615621403 ], [ -90.365461278526155, 16.254081907653408 ], [ -90.365538512034647, 16.254122064430852 ], [ -90.36560089055962, 16.254147876908046 ], [ -90.36565283021649, 16.254191256047324 ], [ -90.36584148280663, 16.25404229220948 ], [ -90.366134901723981, 16.253802853458087 ], [ -90.366404161838148, 16.253575185997565 ], [ -90.366725483883272, 16.253327986480901 ], [ -90.36672048591025, 16.253308135983687 ], [ -90.366673964524452, 16.253123324500326 ], [ -90.366751186403704, 16.25310418461191 ], [ -90.36675711465621, 16.253033409775707 ], [ -90.36676728551177, 16.252903758054497 ], [ -90.36668654159476, 16.252812353768157 ], [ -90.366477100231378, 16.252565635316028 ], [ -90.3663746056516, 16.252442275607489 ], [ -90.366359746841226, 16.252393502427505 ], [ -90.36627508461693, 16.252321785599737 ], [ -90.366052294808242, 16.252174056466075 ], [ -90.365885942857815, 16.252050707669117 ], [ -90.365744832042196, 16.251891487886088 ], [ -90.365677981727075, 16.251765253617439 ], [ -90.365205677995036, 16.251499926155287 ], [ -90.364965089285207, 16.251475573671609 ], [ -90.364881921562471, 16.251454067191329 ], [ -90.36447942623191, 16.251238939234167 ], [ -90.364428928712599, 16.251210254402665 ], [ -90.364088845807828, 16.251223216342751 ], [ -90.364017562000427, 16.25122466194988 ], [ -90.363977464126464, 16.25122466875732 ], [ -90.363824497682629, 16.251204606578685 ], [ -90.363727968179731, 16.251211794211521 ], [ -90.363632929682311, 16.2512548452024 ], [ -90.363496314957771, 16.25134668109067 ], [ -90.363404253720816, 16.251434205383802 ], [ -90.3633463465261, 16.251513117306139 ], [ -90.363288436607391, 16.251564771296305 ], [ -90.363157755601463, 16.251603524831665 ], [ -90.362988455251127, 16.251610722068953 ], [ -90.362911234634467, 16.251635121825899 ], [ -90.362799858773784, 16.251671002578551 ], [ -90.362741941230283, 16.25167674963301 ], [ -90.362538236565001, 16.251680784296404 ], [ -90.362456755671445, 16.251679920690666 ], [ -90.36236422040038, 16.251678690147894 ], [ -90.362147644787967, 16.251676330469273 ], [ -90.362088239402695, 16.251671556619886 ], [ -90.362002843745174, 16.251645268072654 ], [ -90.361944669378715, 16.251592672975899 ], [ -90.361828315050232, 16.251442054985368 ], [ -90.361817124020021, 16.251416333529953 ], [ -90.361833890628475, 16.251383007341357 ], [ -90.361834991268708, 16.251369149527893 ], [ -90.361916647983023, 16.251218504211408 ], [ -90.362362805358458, 16.250478567325107 ], [ -90.362537004355801, 16.250151452516985 ], [ -90.362653799660364, 16.249942940723731 ], [ -90.362701317525065, 16.24991232872252 ], [ -90.362772601655934, 16.249921881443981 ], [ -90.362843554441127, 16.249965364873415 ], [ -90.362934610801915, 16.249730035685253 ], [ -90.363182049080436, 16.249249407543804 ], [ -90.363294157388921, 16.249073583231272 ], [ -90.363332993568463, 16.249012675190595 ], [ -90.363422085108951, 16.248928976737659 ], [ -90.363451764780876, 16.248792684562897 ], [ -90.363459076240929, 16.248068207728142 ], [ -90.363458976084388, 16.247429809339625 ], [ -90.363466282851547, 16.246686203594702 ], [ -90.363476011953026, 16.245589924708856 ], [ -90.363479714429104, 16.245533974132911 ], [ -90.363485650120296, 16.245505281116436 ], [ -90.363500499805269, 16.245490934123893 ], [ -90.363528715197191, 16.245489494398424 ], [ -90.363586636946437, 16.245522481972916 ], [ -90.363714370122892, 16.245644405024539 ], [ -90.363815365154963, 16.245721858292551 ], [ -90.364006989896325, 16.246058961716223 ], [ -90.364154041523307, 16.246258349430651 ], [ -90.364447905988115, 16.246699685193665 ], [ -90.364867781571462, 16.247307894141255 ], [ -90.364911348388574, 16.247344230861785 ], [ -90.365196553795258, 16.247786045407093 ], [ -90.365220816614126, 16.24782836132427 ], [ -90.365225296683349, 16.247978994983832 ], [ -90.365223821441489, 16.248034945188909 ], [ -90.36523124965197, 16.248057897436261 ], [ -90.365317374708823, 16.24800480292663 ], [ -90.365557926200012, 16.247835482517548 ], [ -90.366327103811273, 16.247341856433081 ], [ -90.366573597946143, 16.247201225491576 ], [ -90.366980452883396, 16.2469142380309 ], [ -90.367523922177796, 16.246574146160523 ], [ -90.368241117917208, 16.246109213512256 ], [ -90.368661328240194, 16.245790659114093 ], [ -90.369207748719575, 16.245383135680733 ], [ -90.369801683117984, 16.244951215586376 ], [ -90.370262373192915, 16.244604281508369 ], [ -90.370888475128538, 16.244147485391505 ], [ -90.371081502044476, 16.244008769746181 ], [ -90.37160118588038, 16.243626112734919 ], [ -90.372222332670546, 16.243178877623826 ], [ -90.372531661728502, 16.242932544724688 ], [ -90.373220534305318, 16.243856485753248 ], [ -90.374072183875072, 16.244946021184468 ], [ -90.37406476361771, 16.244966466107456 ], [ -90.373980127027977, 16.245019563287549 ], [ -90.373530222666929, 16.245316615537483 ], [ -90.373074384647552, 16.245653836138576 ], [ -90.372520545237833, 16.246052762387219 ], [ -90.37205727779633, 16.246389983518849 ], [ -90.37170982901884, 16.246651147112384 ], [ -90.371378710570696, 16.246895091081065 ], [ -90.370864956701681, 16.247273921422622 ], [ -90.370486321315411, 16.247555173448372 ], [ -90.370115108169671, 16.247823511686327 ], [ -90.369919855634876, 16.247996417176971 ], [ -90.368754239180106, 16.248850211840047 ], [ -90.368271655005273, 16.249196990525796 ], [ -90.368271665721153, 16.249256766714268 ], [ -90.367393098446584, 16.249818801526427 ], [ -90.367340503037028, 16.249826580479628 ], [ -90.367287904016209, 16.249814634978446 ], [ -90.367266240855571, 16.249781762412415 ], [ -90.367247668912725, 16.249730956938706 ], [ -90.367247665979008, 16.249713022999181 ], [ -90.367232187921985, 16.249668193825475 ], [ -90.36705272514223, 16.249578560781814 ], [ -90.36700632045526, 16.24959948894373 ], [ -90.366975385399115, 16.249623405851985 ], [ -90.366922788704954, 16.249623413508882 ], [ -90.366885661930766, 16.249620431936819 ], [ -90.366802125305583, 16.249608489479851 ], [ -90.366709300203738, 16.249566662099255 ], [ -90.366675265066277, 16.249557701743846 ], [ -90.366616483918023, 16.24957564389145 ], [ -90.366529851460029, 16.249560714004943 ], [ -90.366449404584074, 16.249524861438108 ], [ -90.366402990976994, 16.249497970147939 ], [ -90.36636586081552, 16.249477891498572 ], [ -90.366324276620105, 16.249462595851735 ], [ -90.366245072994587, 16.249464521674639 ], [ -90.366153988908593, 16.249470274947381 ], [ -90.366094589772416, 16.249487498913307 ], [ -90.366056966998954, 16.24948750587253 ], [ -90.366003503514222, 16.249479863579783 ], [ -90.365880738705243, 16.24949135957079 ], [ -90.365839154545256, 16.249476063829061 ], [ -90.365817370846742, 16.249462676865161 ], [ -90.365803509221365, 16.249458853896734 ], [ -90.365771827155456, 16.249456945720137 ], [ -90.365738167427736, 16.24946842844151 ], [ -90.365728272909251, 16.24949903513884 ], [ -90.365692636343837, 16.249539209815261 ], [ -90.365633241203341, 16.249579387502408 ], [ -90.365556022517325, 16.249608092309163 ], [ -90.365476815771913, 16.249596627495109 ], [ -90.365419393654733, 16.249598549658881 ], [ -90.365294642611531, 16.249569876621727 ], [ -90.365227317147799, 16.249560322746106 ], [ -90.365130292621657, 16.249556512819513 ], [ -90.364934724979818, 16.24956132414535 ], [ -90.364843642508333, 16.249572815317393 ], [ -90.364802064651855, 16.249607253015022 ], [ -90.364716938102418, 16.249706731052218 ], [ -90.364649633267959, 16.249821510647237 ], [ -90.364633806847422, 16.249913327678556 ], [ -90.364663527568567, 16.250022353026715 ], [ -90.364778392977115, 16.250146667784975 ], [ -90.36484572693098, 16.250209779579539 ], [ -90.364855636530365, 16.250261424822103 ], [ -90.364885365183881, 16.250422095391826 ], [ -90.364938851787215, 16.250567460154105 ], [ -90.365000262442749, 16.250731952429067 ], [ -90.365039875153272, 16.250796982520409 ], [ -90.365224040874679, 16.250894506228185 ], [ -90.365424051533367, 16.25100350501053 ], [ -90.365618082434494, 16.250882968589554 ], [ -90.365681443169535, 16.25086765617711 ], [ -90.366402274107102, 16.251261579156502 ], [ -90.366598326382615, 16.251388270564014 ], [ -90.366692400271276, 16.251488679166794 ], [ -90.366791417354321, 16.251555609999542 ], [ -90.366796378370978, 16.251617775412853 ], [ -90.366826095929298, 16.251708629708872 ], [ -90.366875606522541, 16.251751659956106 ], [ -90.367029077278133, 16.251809017991285 ], [ -90.367311274304825, 16.251976342340651 ], [ -90.367612388504924, 16.251811313761714 ], [ -90.36769407815477, 16.251863901205621 ], [ -90.36792177403899, 16.251758657637421 ], [ -90.367921756122911, 16.251667799406871 ], [ -90.368025700070916, 16.251598443145863 ], [ -90.368030564793742, 16.251122631085099 ], [ -90.367901846391888, 16.251062877764504 ], [ -90.367884512444178, 16.251019842506182 ], [ -90.367847378469577, 16.250976811170517 ], [ -90.367795387822014, 16.250912261949917 ], [ -90.367797854049698, 16.250862050817297 ], [ -90.367872097752297, 16.250802263096531 ], [ -90.367911565941398, 16.250748897134343 ], [ -90.367996707307796, 16.250727841966022 ], [ -90.36805253514494, 16.250800638329661 ], [ -90.368082250014652, 16.250872363649037 ], [ -90.368240690177927, 16.25104688017376 ], [ -90.36834838962875, 16.251211841335031 ], [ -90.368458562535707, 16.251372020869507 ], [ -90.368572449190523, 16.251532199033139 ], [ -90.368650437456921, 16.251646954248969 ], [ -90.368759372565421, 16.251803545527299 ], [ -90.368828698697669, 16.251917107669918 ], [ -90.368852222289135, 16.25196850988392 ], [ -90.368855944817582, 16.252019916112232 ], [ -90.368837386536043, 16.252053392694084 ], [ -90.368763142873718, 16.252107203670409 ], [ -90.368482250334665, 16.252311683553735 ], [ -90.368326334475796, 16.252419306033527 ], [ -90.368165478054735, 16.25258192199588 ], [ -90.367977390287777, 16.252720631554489 ], [ -90.367891102310509, 16.252787276430563 ], [ -90.367868829674578, 16.252814537632883 ], [ -90.367840617596613, 16.25283749648036 ], [ -90.36781982650092, 16.25283893326807 ], [ -90.36781723236237, 16.252838308002548 ], [ -90.367791743012717, 16.252857072930514 ], [ -90.367758785366775, 16.25288133665838 ], [ -90.367882748349246, 16.253038689738311 ], [ -90.368110022865679, 16.253337049588993 ], [ -90.368711622846263, 16.254057119554339 ], [ -90.368819318163418, 16.254186215289984 ], [ -90.369198106384204, 16.254641637046291 ], [ -90.369469943924898, 16.25496365825536 ], [ -90.369575409710194, 16.255079842727731 ], [ -90.369602150520066, 16.25513004924343 ], [ -90.369622949063768, 16.255165910920866 ], [ -90.36963483728492, 16.255206077512177 ], [ -90.369636860537625, 16.255236762208735 ], [ -90.369616818832455, 16.255247878820178 ], [ -90.369647599304372, 16.255307445237577 ], [ -90.369702051110067, 16.255288903977949 ], [ -90.369748464010385, 16.255306827577815 ], [ -90.369807257012795, 16.255342682762066 ], [ -90.369884623172908, 16.255429343156102 ], [ -90.369961994260152, 16.255539913623011 ], [ -90.370593326897705, 16.256334811518236 ], [ -90.371051343557525, 16.256854772471151 ], [ -90.371487694554219, 16.257326916265885 ], [ -90.371828119246999, 16.257730335769708 ], [ -90.372100456443292, 16.258035139396306 ], [ -90.372397550305436, 16.258354879020654 ], [ -90.372833909590611, 16.258832997998983 ], [ -90.372487406320801, 16.258985491107278 ], [ -90.371515946544619, 16.259356281552652 ], [ -90.371491190590788, 16.259344330471979 ], [ -90.370963384857632, 16.259557229188314 ], [ -90.370322965323126, 16.259829322227635 ], [ -90.369673262248028, 16.260095438665516 ], [ -90.369410282102706, 16.260191125849062 ], [ -90.369054491129077, 16.260337637724806 ], [ -90.368689415983638, 16.260478173403673 ], [ -90.368330527899928, 16.260621694953635 ], [ -90.368232239630672, 16.260655403873216 ], [ -90.368042796433372, 16.260720373006631 ], [ -90.367711754578806, 16.260860901068732 ], [ -90.367585431499521, 16.260910638885171 ], [ -90.366492785896355, 16.261202738141449 ], [ -90.366425908548493, 16.261197048811717 ], [ -90.366288524969903, 16.261161206375615 ], [ -90.365995190902794, 16.261078762879599 ], [ -90.365638735009085, 16.260981984780813 ], [ -90.365501352460271, 16.260953313776245 ], [ -90.365282283879125, 16.260910310136765 ], [ -90.365193169821183, 16.26088163166358 ], [ -90.365107763993862, 16.26083501978918 ], [ -90.364112587889224, 16.260103521906785 ], [ -90.363728897195486, 16.260011817152929 ], [ -90.363715827350276, 16.26006234674664 ], [ -90.363691790108291, 16.260155284507732 ], [ -90.363628707645759, 16.260392002892733 ], [ -90.363331805389507, 16.261213359729297 ], [ -90.363053466695433, 16.262045471066582 ], [ -90.362778834387527, 16.262852477603026 ], [ -90.362578429518521, 16.263472974733624 ], [ -90.362489391062539, 16.263946407626925 ], [ -90.362459706810128, 16.264075526607659 ], [ -90.36226291946997, 16.264079140601002 ], [ -90.362132122910012, 16.264059447684417 ], [ -90.361739379735624, 16.26400031037462 ], [ -90.361557429135175, 16.263903499163181 ], [ -90.361564846754561, 16.263838941211862 ], [ -90.361568535127191, 16.263677547467424 ], [ -90.361538809590073, 16.263526917352237 ], [ -90.361434805529044, 16.263250770867259 ], [ -90.361245403521522, 16.262963874212673 ], [ -90.360458199885286, 16.262555116982988 ], [ -90.360346805534192, 16.262508506864371 ], [ -90.360339700238271, 16.262493413543169 ], [ -90.3596910861407, 16.263389068509998 ], [ -90.359001335746925, 16.264347217728243 ], [ -90.35828112703571, 16.265358737368505 ], [ -90.357595549050743, 16.266308095627441 ], [ -90.357031466583052, 16.267096918434536 ], [ -90.356459899797287, 16.267909727786062 ], [ -90.356233414157344, 16.268232583171741 ], [ -90.356003604042172, 16.268558063488104 ], [ -90.35589037508764, 16.268719469271154 ], [ -90.355790475858782, 16.268860954502745 ], [ -90.355677247491087, 16.269022360165053 ], [ -90.355571473931235, 16.269172165604722 ], [ -90.355547315976949, 16.269207128449239 ], [ -90.355564630439503, 16.269233032426929 ], [ -90.355565976337857, 16.269235150126971 ], [ -90.355598581524177, 16.269289210862482 ], [ -90.355701125498143, 16.269453851980675 ], [ -90.35570167037497, 16.26945474534114 ], [ -90.355796252931754, 16.269613536787929 ], [ -90.35591383789982, 16.269806747426337 ], [ -90.356030286981323, 16.269983457715337 ], [ -90.356031324448637, 16.269985095266179 ], [ -90.356149308013258, 16.270178956802688 ], [ -90.356241179059921, 16.27032423929121 ], [ -90.356301254311148, 16.270417701372264 ], [ -90.356317303525984, 16.27044793379822 ], [ -90.35635058261424, 16.270441834705384 ], [ -90.356762599935593, 16.270380893487651 ], [ -90.357084290399371, 16.270332135670891 ], [ -90.357139478765063, 16.27032203279078 ], [ -90.357209625081168, 16.27027788709276 ], [ -90.357294648074387, 16.27020333282746 ], [ -90.357339843345912, 16.270152283042485 ], [ -90.357367226187776, 16.270082855318226 ], [ -90.35746614177404, 16.269969473447354 ], [ -90.357666684241337, 16.26982727239546 ], [ -90.357795083244127, 16.269753129400652 ], [ -90.357892883527327, 16.269701492980261 ], [ -90.358064038572252, 16.269662580182555 ], [ -90.35845144983881, 16.269662839536451 ], [ -90.358605847006217, 16.26966543909354 ], [ -90.359182702753913, 16.269655794581716 ], [ -90.359279244131343, 16.269660563230353 ], [ -90.359667893031514, 16.269756154108258 ], [ -90.359843652509085, 16.269813516741571 ], [ -90.360032293091692, 16.269880487379453 ], [ -90.36038707654059, 16.27000430301733 ], [ -90.360538358467352, 16.270057970324011 ], [ -90.360636586668519, 16.270074105194645 ], [ -90.3607649232424, 16.270087198531986 ], [ -90.360898808206798, 16.27009570485771 ], [ -90.360927677890885, 16.270108275383262 ], [ -90.360976701283477, 16.270111645442697 ], [ -90.361050966558309, 16.270135545503113 ], [ -90.361112560845655, 16.270147846442494 ], [ -90.361198235369557, 16.270158651035558 ], [ -90.361393383963474, 16.270192089730692 ], [ -90.361385508193123, 16.270202354854732 ], [ -90.361409908656256, 16.27020722713522 ], [ -90.361436963304314, 16.270294165776711 ], [ -90.361448157650528, 16.270308579332919 ], [ -90.361459305954781, 16.270365961186567 ], [ -90.361440838261245, 16.271033056325177 ], [ -90.36156708608614, 16.271047386067078 ], [ -90.361700751450883, 16.271004328851401 ], [ -90.361871554068912, 16.271004305686159 ], [ -90.361990381399124, 16.271061672774941 ], [ -90.362105498578615, 16.271129801154242 ], [ -90.362454557690896, 16.27130907797639 ], [ -90.362599381096686, 16.271387959332419 ], [ -90.362640240413029, 16.271488377534077 ], [ -90.362658455569985, 16.271552849974054 ], [ -90.362673677191893, 16.271606727521934 ], [ -90.362677419619004, 16.271803985651037 ], [ -90.362682914220855, 16.271923859450425 ], [ -90.362688596845643, 16.272047867512317 ], [ -90.362714621489559, 16.2722594685826 ], [ -90.362733196313783, 16.272316850658765 ], [ -90.362792609707284, 16.272341947099854 ], [ -90.362948562648114, 16.272345510712629 ], [ -90.363053670441829, 16.272339262732682 ], [ -90.363371854468838, 16.272320344077873 ], [ -90.363602073331663, 16.272352588624639 ], [ -90.363910270546228, 16.272395580857374 ], [ -90.364025382384739, 16.272431429525653 ], [ -90.364225897618795, 16.272467265135756 ], [ -90.364352155135435, 16.272531802176267 ], [ -90.364358108817981, 16.272529354053177 ], [ -90.3643636601427, 16.272526094845226 ], [ -90.364368699294403, 16.27252208902539 ], [ -90.364373126589655, 16.272517415835974 ], [ -90.364376854448594, 16.27251216772105 ], [ -90.364423341189308, 16.272435860483014 ], [ -90.364433460138841, 16.272407476596534 ], [ -90.364480099664746, 16.272270718233887 ], [ -90.364517858725208, 16.272085169670472 ], [ -90.364533824781802, 16.271954904695278 ], [ -90.364541117406318, 16.271882005108729 ], [ -90.36455128954762, 16.271509907167147 ], [ -90.364550738435256, 16.271391138341809 ], [ -90.364537122762925, 16.271379869650406 ], [ -90.364311833335535, 16.271210142381644 ], [ -90.364247434417152, 16.270968658674356 ], [ -90.364163182329094, 16.270423520536351 ], [ -90.364159761673847, 16.270399830625102 ], [ -90.364590480998075, 16.270396178469767 ], [ -90.365448205852601, 16.270399632945388 ], [ -90.366235397576901, 16.270496343227549 ], [ -90.367453328800764, 16.270700576129773 ], [ -90.368674979579296, 16.27092273463337 ], [ -90.369347071862677, 16.271040971740245 ], [ -90.369421341412277, 16.271073236583 ], [ -90.36948448128723, 16.271166475412375 ], [ -90.369542940890028, 16.271253707159751 ], [ -90.37030159950011, 16.272385747205007 ], [ -90.370851308414032, 16.273224892185226 ], [ -90.371739019707633, 16.27456967267387 ], [ -90.371861425002223, 16.274743517263751 ], [ -90.371858531318011, 16.274775758025296 ], [ -90.371851874899477, 16.274849920000602 ], [ -90.371845700095392, 16.274921650950095 ], [ -90.371811691484027, 16.275065117807738 ], [ -90.371762216094211, 16.275232498900543 ], [ -90.371716187347744, 16.275344626105699 ], [ -90.371610771044772, 16.275538317328156 ], [ -90.371486051744483, 16.275754966839266 ], [ -90.371442991972799, 16.275825269907198 ], [ -90.371419233090762, 16.275853965797094 ], [ -90.371386560148011, 16.275869754021727 ], [ -90.37127962349453, 16.275886989322011 ], [ -90.371144466201486, 16.275901359404997 ], [ -90.370991484549776, 16.275914299516906 ], [ -90.370721167090963, 16.275930129749753 ], [ -90.370385498930389, 16.275956012753554 ], [ -90.370259257326808, 16.275994771392167 ], [ -90.370145891061853, 16.276041654293358 ], [ -90.370145901944952, 16.276106212525612 ], [ -90.369982534943148, 16.276180363185119 ], [ -90.369985024558872, 16.276252093062087 ], [ -90.369915719376223, 16.276290361332467 ], [ -90.369913270534084, 16.276426650012521 ], [ -90.369716240161296, 16.276524796471985 ], [ -90.369300312358689, 16.276266639756717 ], [ -90.36925944377515, 16.276141119736689 ], [ -90.368728365761726, 16.27565344498581 ], [ -90.368197289023243, 16.275162182480798 ], [ -90.367655079612661, 16.274688852804449 ], [ -90.367376540031813, 16.274398391040037 ], [ -90.36641838890057, 16.273516263702184 ], [ -90.365761055862464, 16.272895901018586 ], [ -90.365088881600968, 16.27231499008122 ], [ -90.36509258208288, 16.272236084914109 ], [ -90.365077715806066, 16.272150011346735 ], [ -90.365044287656204, 16.272096219074385 ], [ -90.364973743125461, 16.272124921474536 ], [ -90.364773213457099, 16.272006598042594 ], [ -90.364713806572681, 16.272020952759402 ], [ -90.364588763249003, 16.271969579261874 ], [ -90.364571439039523, 16.272142773737073 ], [ -90.36457114002134, 16.272144892135508 ], [ -90.36457099729671, 16.272145609689368 ], [ -90.364521527575917, 16.272378742209092 ], [ -90.364520400175167, 16.272382589113956 ], [ -90.36451827584925, 16.272386960509049 ], [ -90.364465354691106, 16.27249234093054 ], [ -90.364422421116942, 16.272618869342278 ], [ -90.364086561659022, 16.273366298251911 ], [ -90.364049429964808, 16.273452413506586 ], [ -90.364044944196351, 16.273458914622854 ], [ -90.364042708078031, 16.273463890606443 ], [ -90.36402366946659, 16.273499080042367 ], [ -90.364014088958101, 16.273503631928325 ], [ -90.364012305515303, 16.273506216654766 ], [ -90.364003576139552, 16.273508626997884 ], [ -90.363968985208558, 16.273525063608687 ], [ -90.363943361503416, 16.273525255023031 ], [ -90.363925670638281, 16.273530140630129 ], [ -90.363784076845533, 16.273541318579049 ], [ -90.363746986248387, 16.273799554727482 ], [ -90.363680149117741, 16.2737959786045 ], [ -90.363568798251038, 16.274075743227083 ], [ -90.363433208503693, 16.274489169337251 ], [ -90.363358969313381, 16.27463981421413 ], [ -90.363295858051316, 16.274718727062201 ], [ -90.363184475600292, 16.274804818586425 ], [ -90.363006659052331, 16.274924848545801 ], [ -90.362913442337501, 16.274987771026471 ], [ -90.362705527126977, 16.275138434793075 ], [ -90.36258717653368, 16.275211098624386 ], [ -90.362485208584431, 16.275273703408335 ], [ -90.362216670146438, 16.27543857624757 ], [ -90.362152308277928, 16.275443367145662 ], [ -90.362092893734882, 16.275414684108782 ], [ -90.362033890831853, 16.275386158590841 ], [ -90.361955914856978, 16.275393342947911 ], [ -90.361892796998234, 16.275436390291933 ], [ -90.36177398405664, 16.275493791206539 ], [ -90.361688584866812, 16.275526080955913 ], [ -90.361632886739244, 16.275526089743874 ], [ -90.361551192228987, 16.275490235425341 ], [ -90.361532831505528, 16.275477234404427 ], [ -90.36149548716169, 16.275450790878836 ], [ -90.361417508175975, 16.275432869215365 ], [ -90.361332103618764, 16.275422121818568 ], [ -90.361261549600059, 16.275400611314797 ], [ -90.361198418531103, 16.27535040980365 ], [ -90.361116720226775, 16.275300209649068 ], [ -90.36095333217628, 16.275235674320868 ], [ -90.360906955981221, 16.275230577856046 ], [ -90.360659984353262, 16.27520343413978 ], [ -90.360656278889024, 16.275253646051276 ], [ -90.360455769885675, 16.275278778850303 ], [ -90.36037035305533, 16.275178367029831 ], [ -90.360236686586333, 16.275235769031646 ], [ -90.360199545096805, 16.275167629705102 ], [ -90.360051025073233, 16.275221448015625 ], [ -90.360017594467806, 16.275135374509418 ], [ -90.359453231607858, 16.275443888766262 ], [ -90.360080893615418, 16.276387301608011 ], [ -90.36019975103423, 16.276635951862698 ], [ -90.360191342510191, 16.276676589946277 ], [ -90.360191178736216, 16.276678934146378 ], [ -90.360190805822995, 16.276681254282529 ], [ -90.360176226345246, 16.276751714832997 ], [ -90.360172653972839, 16.27678554933139 ], [ -90.360172024120502, 16.276789115570065 ], [ -90.360170915347425, 16.276792563090115 ], [ -90.360169348236582, 16.276795827892695 ], [ -90.360167351879412, 16.276798849370859 ], [ -90.360141135456601, 16.276833325090543 ], [ -90.359882903310009, 16.277314509499575 ], [ -90.359772056695832, 16.277540566462548 ], [ -90.35977173527813, 16.277541199837628 ], [ -90.359647144799567, 16.27777909237345 ], [ -90.359474254674595, 16.278128240101069 ], [ -90.359349488564035, 16.278376513769757 ], [ -90.359349213067787, 16.278377046849002 ], [ -90.359203152761225, 16.27865212303859 ], [ -90.359091941731833, 16.278879205215507 ], [ -90.358916687378183, 16.279231498014614 ], [ -90.358916414686888, 16.279232031095106 ], [ -90.358797660563965, 16.279457920432723 ], [ -90.358730545651468, 16.279587609315357 ], [ -90.358719298701885, 16.279625329661457 ], [ -90.358709293206715, 16.279711868737813 ], [ -90.358705809559169, 16.279803041607302 ], [ -90.358662714495409, 16.279888918668355 ], [ -90.358641939696469, 16.279938024573177 ], [ -90.358640693281131, 16.279940581591752 ], [ -90.358600044926277, 16.280013802073007 ], [ -90.358230633483572, 16.280749941244373 ], [ -90.356121800499338, 16.284984633317205 ], [ -90.355972826835327, 16.285025218929743 ], [ -90.355945385482315, 16.285093031166134 ], [ -90.355737496126906, 16.285599948393063 ], [ -90.355571674389154, 16.285968184555269 ], [ -90.355230127011126, 16.286718999826775 ], [ -90.354955411621091, 16.287386121938685 ], [ -90.35468069386333, 16.288062808002792 ], [ -90.354517352488315, 16.288509945071088 ], [ -90.354322441572336, 16.289018954760653 ], [ -90.354282841445993, 16.289105034788179 ], [ -90.354119497352741, 16.289552171490275 ], [ -90.354159937087118, 16.289586338973937 ], [ -90.354252309887869, 16.289638877408311 ], [ -90.35461177094183, 16.289843326986865 ], [ -90.35607869789844, 16.29074577757051 ], [ -90.356183915980452, 16.290763699856775 ], [ -90.356276763181043, 16.290847373886493 ], [ -90.35631390575935, 16.290907146124166 ], [ -90.356992698872347, 16.291315931914269 ], [ -90.35779983233752, 16.29183229657199 ], [ -90.35786420894037, 16.291901628615982 ], [ -90.358453471156281, 16.292303249016268 ], [ -90.358748103636231, 16.292504056342768 ], [ -90.359278151648553, 16.292843714172403 ], [ -90.359773330141053, 16.293141333769686 ], [ -90.360227658372352, 16.293421022986145 ], [ -90.360456678208223, 16.293553694277247 ], [ -90.360466582283664, 16.293566843452236 ], [ -90.360466583817441, 16.293575258140766 ], [ -90.360573905917832, 16.293644537252799 ], [ -90.361226926430533, 16.294035978651635 ], [ -90.361115541850879, 16.294178676823584 ], [ -90.36027396029823, 16.29529778634361 ], [ -90.359600682015213, 16.296153856802835 ], [ -90.359422469151411, 16.296436020786423 ], [ -90.359392764942697, 16.296474280167033 ], [ -90.359333350963354, 16.296498197640929 ], [ -90.359271147730411, 16.29650298723217 ], [ -90.358989890164622, 16.29641922420296 ], [ -90.358875439671692, 16.296378683235734 ], [ -90.358535820065839, 16.296230503329145 ], [ -90.357068887264077, 16.295716370978134 ], [ -90.356541534431827, 16.295528497401708 ], [ -90.356146392051443, 16.295377907042045 ], [ -90.355608645847425, 16.295198639409861 ], [ -90.355440784236436, 16.295129797250684 ], [ -90.354932747885329, 16.294950524715869 ], [ -90.354864417241401, 16.294946228904209 ], [ -90.354454419901614, 16.29477268320332 ], [ -90.354042942997623, 16.29463930654369 ], [ -90.353496284037007, 16.294418430299654 ], [ -90.352970425873337, 16.294253500813259 ], [ -90.352769884449259, 16.294154532561546 ], [ -90.352703042889132, 16.294181796224926 ], [ -90.352439741884695, 16.294053049636389 ], [ -90.352392765647551, 16.294030080279892 ], [ -90.352355437251788, 16.294011827523324 ], [ -90.352299733562717, 16.294001073680974 ], [ -90.352247746630084, 16.294033357522441 ], [ -90.352192058502922, 16.294180409275661 ], [ -90.351709391985324, 16.295188267047937 ], [ -90.351156172976857, 16.296296553008794 ], [ -90.35076344320025, 16.297096753735989 ], [ -90.350714336873139, 16.297196808585444 ], [ -90.350680915647558, 16.297203984913214 ], [ -90.350469187933982, 16.296723690453909 ], [ -90.350372623964077, 16.296504637945077 ], [ -90.349926911716722, 16.29557934960928 ], [ -90.349436629313558, 16.294514191158608 ] ], [ [ -90.354597636711986, 16.280728637379642 ], [ -90.354630282298245, 16.28069824940599 ], [ -90.354661484167863, 16.280719695324056 ], [ -90.354653935643015, 16.280675910220626 ], [ -90.354685514856328, 16.280657643729359 ], [ -90.354684352610121, 16.280622058980477 ], [ -90.354667731337827, 16.28059909017767 ], [ -90.354662995321874, 16.280574981667783 ], [ -90.354676095211346, 16.280538258844537 ], [ -90.354697522627092, 16.280490063044834 ], [ -90.354732027939832, 16.280434989004771 ], [ -90.354771281080119, 16.280387953303098 ], [ -90.354812940720109, 16.280301891684744 ], [ -90.35483080107241, 16.280255988257593 ], [ -90.354851043356774, 16.280203200149781 ], [ -90.354890289672113, 16.280165347375288 ], [ -90.35494733723985, 16.28016194287973 ], [ -90.354992448145865, 16.280229698094587 ], [ -90.355035189790385, 16.280287121755467 ], [ -90.355094576352286, 16.280335372947313 ], [ -90.355140911165904, 16.280354918452286 ], [ -90.355224115395842, 16.280336609484479 ], [ -90.355269297971404, 16.280306795787286 ], [ -90.355340631332382, 16.280271260612071 ], [ -90.355383430271374, 16.280250627312341 ], [ -90.355483269216222, 16.280236921087692 ], [ -90.355522476773274, 16.280251870163887 ], [ -90.355590216947093, 16.280253064273282 ], [ -90.355663897637612, 16.280256558152018 ], [ -90.355726882380253, 16.280260045616725 ], [ -90.355795810256311, 16.280263536209024 ], [ -90.355849279110913, 16.280278494943108 ], [ -90.355894418844656, 16.280307222425247 ], [ -90.355950265434956, 16.280321034883677 ], [ -90.356003745202187, 16.280321071283179 ], [ -90.356077428437274, 16.280321121411458 ], [ -90.356130925772831, 16.280297052531768 ], [ -90.356161853628294, 16.280258045090971 ], [ -90.356221309114915, 16.280213318587212 ], [ -90.356223705220771, 16.280186919216945 ], [ -90.356229669148888, 16.280157078662167 ], [ -90.356229698408455, 16.280116903249571 ], [ -90.356211887623616, 16.280093933757787 ], [ -90.356184571112735, 16.280069809934798 ], [ -90.356176273791988, 16.280039959688356 ], [ -90.356186995653417, 16.280004383020611 ], [ -90.356221486353974, 16.279969970372839 ], [ -90.356258353816443, 16.279934411464211 ], [ -90.356286906386615, 16.279893107554496 ], [ -90.356302384472613, 16.279854090501694 ], [ -90.356324984815714, 16.279826556978779 ], [ -90.356370172956375, 16.279788707056181 ], [ -90.356415332692862, 16.279789885572811 ], [ -90.35645571781852, 16.279819758483498 ], [ -90.356515155485098, 16.279797988368927 ], [ -90.356591248753546, 16.279752125168848 ], [ -90.356640011302147, 16.27970165194883 ], [ -90.356663817518452, 16.279650013944842 ], [ -90.356695928704227, 16.279619043214481 ], [ -90.356749467421452, 16.27953758072373 ], [ -90.356817253983053, 16.279474493772888 ], [ -90.356893351217352, 16.27942289111601 ], [ -90.356969433442373, 16.27939195007411 ], [ -90.357019351815907, 16.279386244459847 ], [ -90.357068053496491, 16.279419565578905 ], [ -90.357092979033098, 16.279463201458196 ], [ -90.357096517746427, 16.279499935675332 ], [ -90.357120260680134, 16.279535535665364 ], [ -90.357176089806927, 16.279574600919755 ], [ -90.357221229576112, 16.279603328121031 ], [ -90.357265185902932, 16.279625167296881 ], [ -90.357329375503724, 16.279605696800338 ], [ -90.357351963234322, 16.279595381201428 ], [ -90.357378136999287, 16.279556371276779 ], [ -90.357400762862383, 16.279493253695943 ], [ -90.357413964145692, 16.279315341895085 ], [ -90.357410500821885, 16.279174151595047 ], [ -90.357427146336832, 16.27916383198334 ], [ -90.357494872896822, 16.279183391385835 ], [ -90.35751624479893, 16.279210954648459 ], [ -90.357545968868223, 16.279192608745301 ], [ -90.357549559841999, 16.279157027203155 ], [ -90.357551973149469, 16.279106522562419 ], [ -90.357573397222836, 16.279061770065475 ], [ -90.357620991722612, 16.278983746954552 ], [ -90.357638885238956, 16.27889078064398 ], [ -90.357654356357216, 16.278860946438982 ], [ -90.357691215908162, 16.278835718095618 ], [ -90.357751846536289, 16.278807062116325 ], [ -90.357802963918942, 16.278786434815373 ], [ -90.357869535012981, 16.278760078532969 ], [ -90.357945573057052, 16.278789974200759 ], [ -90.35800382017004, 16.278770499506596 ], [ -90.358013350725557, 16.278738365548975 ], [ -90.358018160579732, 16.278660313634362 ], [ -90.358013419245239, 16.278643092407233 ], [ -90.358013436581473, 16.278618987154378 ], [ -90.358036047274851, 16.278576531143035 ], [ -90.358066976958824, 16.278534080708553 ], [ -90.358093172003123, 16.278466373959841 ], [ -90.358083743678378, 16.278355023366434 ], [ -90.358057660992202, 16.278267767771098 ], [ -90.358048179986056, 16.278231029578858 ], [ -90.35806487407568, 16.278152985630332 ], [ -90.358099392175518, 16.278079545110959 ], [ -90.358158845631749, 16.278034818044294 ], [ -90.358242063448046, 16.277995845325258 ], [ -90.358324094453252, 16.277954576942818 ], [ -90.358415641055174, 16.277901836196076 ], [ -90.358460843989434, 16.277842177200796 ], [ -90.358489409781313, 16.277781359201605 ], [ -90.358517975555472, 16.277720541198086 ], [ -90.358540585213859, 16.277679232996867 ], [ -90.3585869469985, 16.277662045932509 ], [ -90.358624991342054, 16.277641409692311 ], [ -90.358680868597858, 16.277611602394764 ], [ -90.358717726963135, 16.277587521736095 ], [ -90.358760566027442, 16.27750949427373 ], [ -90.358786735951625, 16.277475075640186 ], [ -90.358847368465774, 16.277442975730743 ], [ -90.358887792045209, 16.277418897419494 ], [ -90.358904461123529, 16.277375289476591 ], [ -90.35892944340344, 16.277339722162957 ], [ -90.358997216217631, 16.27729385252994 ], [ -90.359042376339801, 16.277295030482478 ], [ -90.359125601860882, 16.277244579619431 ], [ -90.359179111093439, 16.277202144042285 ], [ -90.359221900784817, 16.277192989549654 ], [ -90.359261126847031, 16.277181536938681 ], [ -90.359349080597426, 16.27716667309921 ], [ -90.359400199025075, 16.277143749665772 ], [ -90.359442691372038, 16.277109266773326 ], [ -90.359467900730735, 16.277059492168718 ], [ -90.359492496724613, 16.277009002220375 ], [ -90.359531354672185, 16.276958521735036 ], [ -90.359581307463074, 16.276903457123563 ], [ -90.359620152309475, 16.276871342532356 ], [ -90.359639183872574, 16.276847632206859 ], [ -90.359640795317773, 16.276809371243449 ], [ -90.359622600417921, 16.276771097143957 ], [ -90.359613124086962, 16.276727470894276 ], [ -90.359628987842569, 16.276701463631841 ], [ -90.359663068637801, 16.27668388495643 ], [ -90.35969636336128, 16.276657123698019 ], [ -90.359703516158689, 16.276625753626863 ], [ -90.359720181183704, 16.276587501736238 ], [ -90.359737632268136, 16.276558434229162 ], [ -90.359763793743085, 16.276535494164388 ], [ -90.359823231962196, 16.276511045042387 ], [ -90.359878705288423, 16.276491951210623 ], [ -90.359934179147729, 16.276472090912769 ], [ -90.360057062843524, 16.276493893154559 ], [ -90.35989152394869, 16.276202294234288 ], [ -90.359896494418791, 16.27626468381127 ], [ -90.359894471590934, 16.276324945650895 ], [ -90.359878590129696, 16.276374676775944 ], [ -90.359846878363058, 16.276403352530522 ], [ -90.359815175672409, 16.276420549585676 ], [ -90.359772577235276, 16.276438695674489 ], [ -90.359718089447114, 16.276465443803833 ], [ -90.35966161384053, 16.276501754979474 ], [ -90.359644759949731, 16.276526614622199 ], [ -90.359630864856257, 16.276568694276278 ], [ -90.359620939932512, 16.276599296958466 ], [ -90.359567431910477, 16.276640394073262 ], [ -90.359527807168803, 16.276654716152898 ], [ -90.359488186760956, 16.276664255134964 ], [ -90.359460448481144, 16.276676672578802 ], [ -90.359459434360545, 16.276709194587689 ], [ -90.359468331834478, 16.276731201638775 ], [ -90.359482177279389, 16.276758951324616 ], [ -90.359486117258484, 16.276788606947513 ], [ -90.359476191619819, 16.276820166782457 ], [ -90.359456368674572, 16.276842154762736 ], [ -90.359433570847358, 16.276870836372286 ], [ -90.359416712128819, 16.276902391599297 ], [ -90.359411738957874, 16.276932041302434 ], [ -90.359394879548944, 16.276964553687879 ], [ -90.359368120358425, 16.276992275497246 ], [ -90.359328488970789, 16.277017119976737 ], [ -90.359273023625207, 16.27702473587139 ], [ -90.359207646223425, 16.277044780114483 ], [ -90.359121978158839, 16.277082542259272 ], [ -90.35911805423595, 16.27712619033959 ], [ -90.359064068740494, 16.277141048687028 ], [ -90.359046627338557, 16.277156341703048 ], [ -90.359019678569496, 16.277171629288528 ], [ -90.358948362407929, 16.277186886401978 ], [ -90.358915075696288, 16.277202168846038 ], [ -90.35888811907212, 16.277228424442061 ], [ -90.358866718745404, 16.277240654419423 ], [ -90.358838189531681, 16.277250583899971 ], [ -90.35881995261532, 16.277271233393932 ], [ -90.358815966511429, 16.277304901284474 ], [ -90.358813577630102, 16.277321735417534 ], [ -90.358804849170738, 16.277340861061003 ], [ -90.35879295619975, 16.277353096469437 ], [ -90.358720034349361, 16.277398197955062 ], [ -90.358677238018132, 16.277416535300315 ], [ -90.358672467509834, 16.277438723964764 ], [ -90.35867561120331, 16.277474692352726 ], [ -90.358662123007917, 16.277502233126519 ], [ -90.35861537667229, 16.277503732094662 ], [ -90.358582899466256, 16.27749529298455 ], [ -90.358532975856178, 16.277509034058099 ], [ -90.358515528896817, 16.277531979792705 ], [ -90.358517092859273, 16.277560294359308 ], [ -90.358515487768884, 16.277589373258966 ], [ -90.358482980934852, 16.277622256525149 ], [ -90.358448116057772, 16.277627590236118 ], [ -90.358429088666043, 16.277645178782663 ], [ -90.358400540712665, 16.277681125971618 ], [ -90.358383878083657, 16.277715550918092 ], [ -90.358381475438236, 16.277751515597711 ], [ -90.358369545635995, 16.277815023681665 ], [ -90.358351300383035, 16.277847151826201 ], [ -90.358302958176509, 16.27786471983422 ], [ -90.358268096934225, 16.277866227586024 ], [ -90.358233225964483, 16.277879978667844 ], [ -90.358204690032537, 16.277899090111756 ], [ -90.358188844680356, 16.277899079494691 ], [ -90.35817300114077, 16.277895242946183 ], [ -90.3581508205841, 16.277891402149137 ], [ -90.358120713749841, 16.277890616419771 ], [ -90.358093767395872, 16.277903607243175 ], [ -90.358075531605465, 16.277921196287846 ], [ -90.358065212191477, 16.277949503790612 ], [ -90.358064396490477, 16.277981643598277 ], [ -90.358051703136468, 16.278004592481004 ], [ -90.358031884178459, 16.27802064936413 ], [ -90.357997009698011, 16.278040522075159 ], [ -90.357965302070539, 16.278062692645371 ], [ -90.357932010179354, 16.278084863051067 ], [ -90.357893976695024, 16.278090193638871 ], [ -90.357865450615833, 16.278095531509202 ], [ -90.357848004077482, 16.27811771254289 ], [ -90.357844817933511, 16.278142197990206 ], [ -90.357861435516483, 16.278170523574424 ], [ -90.357883605632324, 16.278188904380038 ], [ -90.357912115587368, 16.278207289439987 ], [ -90.357929527599893, 16.278231788717029 ], [ -90.357926341463411, 16.278256275069204 ], [ -90.357940569549157, 16.278302199411439 ], [ -90.357961160934948, 16.2783129263827 ], [ -90.357993634945274, 16.278325957065302 ], [ -90.357998367188955, 16.278355804854652 ], [ -90.357994362592194, 16.278416256943029 ], [ -90.357994340575033, 16.27844686708977 ], [ -90.357966585573408, 16.278482050104191 ], [ -90.357923777923915, 16.278515691914084 ], [ -90.357906323644016, 16.278548586095955 ], [ -90.357908680674043, 16.278576136552317 ], [ -90.357914208261974, 16.278602158945645 ], [ -90.357926867693664, 16.278625124839575 ], [ -90.357915762782412, 16.278643483299785 ], [ -90.357889604669353, 16.278661066103581 ], [ -90.357844449863364, 16.27865338301017 ], [ -90.357823061992661, 16.278648012519266 ], [ -90.35780561980998, 16.278664070976415 ], [ -90.357792139679916, 16.278680132094568 ], [ -90.357769141251723, 16.278709961251476 ], [ -90.357750114246471, 16.278726784186496 ], [ -90.357718430195604, 16.278716048833381 ], [ -90.357702593602795, 16.278703794844226 ], [ -90.357672493651037, 16.278694591644928 ], [ -90.357643964719912, 16.278703755413591 ], [ -90.357628904895961, 16.278712162692504 ], [ -90.357605918413839, 16.27872668721124 ], [ -90.357574218360767, 16.278738144576078 ], [ -90.357555989072992, 16.278746549716612 ], [ -90.357543295441857, 16.278771028757852 ], [ -90.357540108864882, 16.278794749554521 ], [ -90.357539301356766, 16.278815410665509 ], [ -90.357538485948723, 16.278848316015814 ], [ -90.357540842930632, 16.278875866475126 ], [ -90.357540827468881, 16.278897293666876 ], [ -90.357540020512758, 16.278917189230302 ], [ -90.357521786067295, 16.278934012677713 ], [ -90.35749642341122, 16.278946238940986 ], [ -90.35746867267008, 16.278975300219823 ], [ -90.357471032405726, 16.278999024750412 ], [ -90.357463096510514, 16.279016619772392 ], [ -90.35744407939606, 16.27901966824961 ], [ -90.35741635185029, 16.279016588282321 ], [ -90.357398133032021, 16.279010454335907 ], [ -90.357376737948798, 16.279015031396256 ], [ -90.35734661861207, 16.279032611461869 ], [ -90.357316499822673, 16.279049426879613 ], [ -90.357284000463025, 16.279070066618484 ], [ -90.357266559306268, 16.279084593935242 ], [ -90.35725387225645, 16.279099890908963 ], [ -90.357242760233305, 16.279126666737106 ], [ -90.357239577870189, 16.27914579605239 ], [ -90.357229250694417, 16.279183286461713 ], [ -90.357230017838063, 16.279218487712441 ], [ -90.357237125744959, 16.279249868213789 ], [ -90.357244231441058, 16.279284309096465 ], [ -90.357250521298553, 16.279350889778076 ], [ -90.357246536924549, 16.279383027439831 ], [ -90.357227502062003, 16.279410563469213 ], [ -90.357199773529231, 16.279407483472614 ], [ -90.357182350986605, 16.279397524114202 ], [ -90.357160976343195, 16.279373786747456 ], [ -90.35714276968308, 16.279350817064881 ], [ -90.357130111958611, 16.279325555387842 ], [ -90.357115066465667, 16.279314066533306 ], [ -90.357087343487606, 16.279303334664196 ], [ -90.357066749831404, 16.279295667990088 ], [ -90.357031107366538, 16.279281103929758 ], [ -90.35700020256354, 16.279288735813587 ], [ -90.356970891449393, 16.279283358978429 ], [ -90.356955844860281, 16.279273400303421 ], [ -90.356931285089289, 16.27927261905678 ], [ -90.356914643145117, 16.279277963927303 ], [ -90.356885327041581, 16.2792794751985 ], [ -90.356867104159036, 16.279280227517599 ], [ -90.356838591754595, 16.279266433795133 ], [ -90.356802946155881, 16.279254930981288 ], [ -90.356776006746486, 16.279257974037161 ], [ -90.35674430267342, 16.279274788299567 ], [ -90.356733972620361, 16.279316104612338 ], [ -90.35673314707914, 16.279362784385398 ], [ -90.356694310162169, 16.279382654193874 ], [ -90.356664187375458, 16.279404825636963 ], [ -90.356655452122325, 16.279431603946474 ], [ -90.356657806209199, 16.279462980341982 ], [ -90.356639569971264, 16.279482099449567 ], [ -90.356600727462592, 16.279509622001775 ], [ -90.356586447904206, 16.279534865455613 ], [ -90.356581664145182, 16.27957618551833 ], [ -90.356561833233528, 16.279608312425282 ], [ -90.356518240664954, 16.279632005811379 ], [ -90.356484159083536, 16.279649583065371 ], [ -90.356431046947321, 16.279688574603028 ], [ -90.356395380522713, 16.279706916314893 ], [ -90.356355759075896, 16.279716837927257 ], [ -90.356309801462942, 16.279722928395447 ], [ -90.356274926687675, 16.279741270624374 ], [ -90.356230546468893, 16.279758076198231 ], [ -90.356215478143653, 16.279777962968112 ], [ -90.356213081763642, 16.27980474466105 ], [ -90.356209882567669, 16.279846831338002 ], [ -90.356195599033072, 16.279877430883307 ], [ -90.356169436322446, 16.279899605848918 ], [ -90.356144855845017, 16.279927138008681 ], [ -90.35613216381492, 16.279947791031379 ], [ -90.356106000908269, 16.279971496180153 ], [ -90.356071120868961, 16.279998255779461 ], [ -90.356060805143287, 16.280019675961533 ], [ -90.356059187951175, 16.280064824093969 ], [ -90.356065505887315, 16.28009237725945 ], [ -90.356067065608826, 16.280126049761453 ], [ -90.356058314997085, 16.280175018971558 ], [ -90.356042446583118, 16.280206383878575 ], [ -90.355996479915049, 16.280224718513768 ], [ -90.355942598377879, 16.280231569055967 ], [ -90.355914087577929, 16.280215479471774 ], [ -90.355872900728798, 16.280199381250331 ], [ -90.355834089827539, 16.280183284639644 ], [ -90.355788138799198, 16.280180192042035 ], [ -90.355750107092433, 16.280182461858598 ], [ -90.355716835850359, 16.280175551958521 ], [ -90.355694659746305, 16.280164058141931 ], [ -90.355666147298024, 16.280150264262261 ], [ -90.355624161722915, 16.280142582855959 ], [ -90.35557900051208, 16.280143317586017 ], [ -90.355543336911353, 16.280156302128777 ], [ -90.355495790418161, 16.280168513907345 ], [ -90.355432404550797, 16.280172296542517 ], [ -90.355382498549403, 16.280160783746741 ], [ -90.355351590182352, 16.280173006863095 ], [ -90.355288989247882, 16.280185972947471 ], [ -90.355252528901588, 16.280205845016614 ], [ -90.355223210404972, 16.280210416437324 ], [ -90.355193896772448, 16.280209630831905 ], [ -90.355156671321055, 16.280192004991001 ], [ -90.355098861007804, 16.280155998233749 ], [ -90.355085412202044, 16.280127675513505 ], [ -90.35506562931036, 16.28009399052489 ], [ -90.355047443432127, 16.280044237359753 ], [ -90.355026859895517, 16.280022796061097 ], [ -90.355008642185226, 16.280015130814984 ], [ -90.354976165288292, 16.28000592560409 ], [ -90.354956342506767, 16.280026573668064 ], [ -90.354919095550812, 16.280039557924137 ], [ -90.354878689237893, 16.280038764669698 ], [ -90.354854120569286, 16.280048696322218 ], [ -90.354829547959426, 16.280063984090681 ], [ -90.35481685897004, 16.280081576652599 ], [ -90.354804163977619, 16.28010605552241 ], [ -90.354778001454932, 16.280128994957998 ], [ -90.354763730627397, 16.280141994049377 ], [ -90.354750243019694, 16.280166473275557 ], [ -90.354735158557517, 16.280209316411597 ], [ -90.354737521356554, 16.280228449492011 ], [ -90.35472482296575, 16.280257519831927 ], [ -90.354701831022481, 16.280278931242961 ], [ -90.354682010438339, 16.280296517995406 ], [ -90.354674861213169, 16.280321766212726 ], [ -90.354670092808078, 16.280341659943534 ], [ -90.354661363249775, 16.280361550049705 ], [ -90.354649461951524, 16.280384499263196 ], [ -90.354633601942041, 16.280402854278833 ], [ -90.354602683345973, 16.280428851710639 ], [ -90.35456227188098, 16.280434945608064 ], [ -90.354528993308335, 16.280437984019017 ], [ -90.354515513918884, 16.280452514732168 ], [ -90.354509954581815, 16.280470111272567 ], [ -90.35451152080897, 16.280494599928442 ], [ -90.354499607076008, 16.280534384843357 ], [ -90.354505131446501, 16.280564233245816 ], [ -90.35451144805225, 16.280593317549052 ], [ -90.354505093092229, 16.280616270567037 ], [ -90.354477349575575, 16.280634617399016 ], [ -90.354455154310372, 16.280649141209835 ], [ -90.354425032401593, 16.280668251946413 ], [ -90.354383819050312, 16.280688120593705 ], [ -90.354350537609534, 16.280694984904127 ], [ -90.354325980127868, 16.280689610974285 ], [ -90.354287156831688, 16.280690349790792 ], [ -90.35423644686135, 16.280694140794633 ], [ -90.354207917484942, 16.280703304094743 ], [ -90.354170666396001, 16.280721644335159 ], [ -90.354142924159945, 16.280736929837452 ], [ -90.354089029216979, 16.280762911353548 ], [ -90.354043345061839, 16.280778423985861 ], [ -90.353996780461159, 16.280801349248197 ], [ -90.353958144063256, 16.280817584369064 ], [ -90.35394228573989, 16.280834791463239 ], [ -90.353921465348208, 16.280865387240684 ], [ -90.353919461647024, 16.280895995103357 ], [ -90.353921423583998, 16.280921823517421 ], [ -90.353920406627154, 16.280958172311546 ], [ -90.353924340185145, 16.280995480779641 ], [ -90.353918356202882, 16.281051913857251 ], [ -90.353925272905613, 16.281072962601492 ], [ -90.353895537032784, 16.281106421893767 ], [ -90.353858857540445, 16.281155181008636 ], [ -90.353847930577132, 16.281199175719948 ], [ -90.353852849454881, 16.281244136728343 ], [ -90.353847876042479, 16.281272830025049 ], [ -90.353847845587254, 16.281313962588804 ], [ -90.353851788344826, 16.281338836114195 ], [ -90.353842849507174, 16.281373266017859 ], [ -90.353818081329024, 16.281385683856914 ], [ -90.353783429358259, 16.281370355292058 ], [ -90.353763628227071, 16.28136268884499 ], [ -90.353727985978935, 16.281346402426419 ], [ -90.353704231250958, 16.28132725545192 ], [ -90.353675530260944, 16.281301408547701 ], [ -90.353641869794458, 16.281284166324845 ], [ -90.35359039069111, 16.281257347395968 ], [ -90.353561686661536, 16.281234370147374 ], [ -90.353529027147459, 16.281203737393806 ], [ -90.353492398664685, 16.281183624323354 ], [ -90.35345280240405, 16.281157769844825 ], [ -90.353409240013335, 16.281138608214036 ], [ -90.353359729951066, 16.281128052375905 ], [ -90.353277540306408, 16.281112689874671 ], [ -90.353235931968371, 16.28112987905795 ], [ -90.353195311546415, 16.28114993949535 ], [ -90.353172505685066, 16.281186272261966 ], [ -90.353147716139134, 16.281227387642886 ], [ -90.353131834225692, 16.281276161062721 ], [ -90.353127830838204, 16.281331638329192 ], [ -90.35309610804218, 16.281372748890625 ], [ -90.353030759923598, 16.281350702382728 ], [ -90.352985225250364, 16.281321017763009 ], [ -90.352947610796221, 16.281294207407257 ], [ -90.352904027040054, 16.281303743292607 ], [ -90.352885198899301, 16.28131903482457 ], [ -90.35287722927751, 16.281381205834222 ], [ -90.352868293833481, 16.281410852607987 ], [ -90.352849467818999, 16.281423274464931 ], [ -90.352819738131004, 16.28144812458838 ], [ -90.352777137973519, 16.281466270150382 ], [ -90.35274347920793, 16.28144807153005 ], [ -90.352749464965484, 16.281389725978816 ], [ -90.352760392897338, 16.281344775071211 ], [ -90.352773287385773, 16.281318000729723 ], [ -90.35278027032362, 16.281250089691181 ], [ -90.352768408708215, 16.281219471290534 ], [ -90.352745642943518, 16.281203193666371 ], [ -90.352719906562996, 16.281185001459271 ], [ -90.352651583868592, 16.281167735853934 ], [ -90.352584236956872, 16.281169602361569 ], [ -90.352510953541028, 16.281163811947074 ], [ -90.352468363647631, 16.28116952160233 ], [ -90.352389128000866, 16.281177118200514 ], [ -90.352318486880222, 16.281180564938776 ], [ -90.352317915295203, 16.28124286491547 ], [ -90.35231767983322, 16.281246142053284 ], [ -90.352310198091217, 16.281301375551298 ], [ -90.352309783528327, 16.281371428724992 ], [ -90.352309766068814, 16.281372251201756 ], [ -90.352309306756283, 16.281384547542899 ], [ -90.352309627810286, 16.281386942023278 ], [ -90.352308508085656, 16.281410158025942 ], [ -90.352309414516526, 16.28143813322502 ], [ -90.352301705848078, 16.282070500711161 ], [ -90.352301333027569, 16.282143537464719 ], [ -90.3522978850919, 16.282345531096908 ], [ -90.352295812498554, 16.282450333712784 ], [ -90.35229192212006, 16.282647058582263 ], [ -90.352288476175715, 16.282848861496994 ], [ -90.352287773520189, 16.282889959236982 ], [ -90.352282298324013, 16.283197381851302 ], [ -90.352644057181877, 16.283003069415841 ], [ -90.352725458795035, 16.282959346188395 ], [ -90.353333421514932, 16.282632785799596 ], [ -90.353575725862072, 16.282502634328146 ], [ -90.353998057403714, 16.282275780952176 ], [ -90.354138859645275, 16.282200150333772 ], [ -90.354142301471867, 16.281884831228684 ], [ -90.354145196215867, 16.281619671815587 ], [ -90.354148060845233, 16.28135726003061 ], [ -90.35414867304722, 16.281301266123712 ], [ -90.354150123473062, 16.281168338436594 ], [ -90.354150394520943, 16.281143454263145 ], [ -90.354159646064559, 16.281063131480508 ], [ -90.354147794140047, 16.281019121955698 ], [ -90.354135939394268, 16.280978937454091 ], [ -90.354143912614276, 16.280910070790927 ], [ -90.354165723968407, 16.280879476578313 ], [ -90.354231116563511, 16.280841258723235 ], [ -90.354290561274112, 16.280810689515512 ], [ -90.354344055286091, 16.280791595792039 ], [ -90.354419342246729, 16.280766776799027 ], [ -90.354482725501484, 16.280766820397201 ], [ -90.354550082130174, 16.280751562084141 ], [ -90.354597636711986, 16.280728637379642 ] ], [ [ -90.341648142055746, 16.27161900086044 ], [ -90.342471195425489, 16.271176629326209 ], [ -90.342502140013494, 16.271221459042057 ], [ -90.342700168633627, 16.271134776692726 ], [ -90.342709448200083, 16.271075000355001 ], [ -90.342644466572594, 16.271039137623223 ], [ -90.342670344222782, 16.270596361069462 ], [ -90.342667043490309, 16.270540476331615 ], [ -90.342695136333049, 16.269475532351532 ], [ -90.342718380292737, 16.268866124604386 ], [ -90.342677681216955, 16.268865787968629 ], [ -90.342625638086304, 16.268864609558232 ], [ -90.342593554401432, 16.268864055158527 ], [ -90.34255025621205, 16.268863306225111 ], [ -90.342526809512009, 16.269456412236746 ], [ -90.342403040694322, 16.269465982140996 ], [ -90.342318876266646, 16.269432511037312 ], [ -90.342264417161005, 16.26941816728959 ], [ -90.342205007835588, 16.269418170021837 ], [ -90.342160957423943, 16.269493265733242 ], [ -90.342096712271697, 16.26945810475771 ], [ -90.342025545316176, 16.269470062730026 ], [ -90.341935814139035, 16.269526852384285 ], [ -90.341873933803427, 16.269616518094647 ], [ -90.341821334200887, 16.2696673294455 ], [ -90.341672815380875, 16.269742055944452 ], [ -90.341539763639275, 16.269765970390029 ], [ -90.341474784870584, 16.269759996209054 ], [ -90.341431465662239, 16.269742064229781 ], [ -90.341366485848042, 16.269742067073146 ], [ -90.341326261873206, 16.269777934531266 ], [ -90.341313887867258, 16.269819777318887 ], [ -90.341276760136665, 16.26990346445708 ], [ -90.341128239597637, 16.269975200683159 ], [ -90.340998282629045, 16.269996126319715 ], [ -90.340803346527323, 16.270023032508394 ], [ -90.340546523432451, 16.269996142684278 ], [ -90.340413473109678, 16.27002603528565 ], [ -90.340382532766782, 16.270079834405713 ], [ -90.340320648648273, 16.270118689684995 ], [ -90.340252576438004, 16.270142602603567 ], [ -90.340206163803884, 16.270175480714077 ], [ -90.340153562848414, 16.270220314584488 ], [ -90.340070019432133, 16.270253193550889 ], [ -90.339989569888331, 16.270238251130309 ], [ -90.339899836802587, 16.270229287755406 ], [ -90.33982248090048, 16.270244234706659 ], [ -90.339735843721755, 16.270283090969063 ], [ -90.339639923291131, 16.270315970337673 ], [ -90.339540907377469, 16.270318962932784 ], [ -90.339389289109832, 16.270298045315187 ], [ -90.339330498421447, 16.270301036688632 ], [ -90.339280991319967, 16.270327936092329 ], [ -90.33922529527382, 16.270339893112183 ], [ -90.339185069674301, 16.270321962120239 ], [ -90.339147937615408, 16.270289085856305 ], [ -90.339116993198573, 16.270223333693089 ], [ -90.339095331986769, 16.270178503310472 ], [ -90.339055106984461, 16.270172527313171 ], [ -90.338993222240646, 16.270178505221889 ], [ -90.338956091683684, 16.270187473750692 ], [ -90.338900396398131, 16.270205407743394 ], [ -90.338875641637571, 16.270205408790353 ], [ -90.338853981932829, 16.270187476498744 ], [ -90.338826132202783, 16.2701605788778 ], [ -90.338761153963489, 16.270151613979767 ], [ -90.338708552727525, 16.270181503489219 ], [ -90.338693081848092, 16.270208401566617 ], [ -90.338693083766387, 16.270262200507229 ], [ -90.338674519106789, 16.270310020897536 ], [ -90.338603352218428, 16.270318988733877 ], [ -90.3385538434475, 16.270310024717972 ], [ -90.338507430965564, 16.270316001628142 ], [ -90.338454829857298, 16.270339914016287 ], [ -90.338343438249311, 16.270399690852969 ], [ -90.33833725604552, 16.270656726702715 ], [ -90.338422041853036, 16.270710517152246 ], [ -90.338498160363102, 16.270767306205897 ], [ -90.338563142034616, 16.270871911330769 ], [ -90.338730233968164, 16.27096157070557 ], [ -90.339021096465103, 16.271042259540916 ], [ -90.339277921839198, 16.27113789235063 ], [ -90.339457388367251, 16.271122943521444 ], [ -90.339621387588963, 16.271221567695726 ], [ -90.339964851870732, 16.271284321428698 ], [ -90.340187640548308, 16.271329145469608 ], [ -90.340413521364425, 16.271341092822212 ], [ -90.340692008138916, 16.271421779982152 ], [ -90.340958119879119, 16.271571207647771 ], [ -90.341168532241426, 16.271610053342876 ], [ -90.341648142055746, 16.27161900086044 ] ], [ [ -90.350798429009558, 16.269321464926804 ], [ -90.350810554959793, 16.269336515093126 ], [ -90.350725713395775, 16.269227696831432 ], [ -90.350709039333822, 16.269215776145511 ], [ -90.350798429009558, 16.269321464926804 ] ], [ [ -90.350691296520054, 16.26933776689641 ], [ -90.350668131323616, 16.269362965747824 ], [ -90.350706068693498, 16.269342920133955 ], [ -90.350691296520054, 16.26933776689641 ] ], [ [ -90.351305105364617, 16.270854492228665 ], [ -90.351584346939589, 16.271018012032318 ], [ -90.351614049080212, 16.270989317114427 ], [ -90.351686828890792, 16.271025177145937 ], [ -90.352071485793331, 16.270817123167021 ], [ -90.352111590746276, 16.270842943018003 ], [ -90.352378919368405, 16.270709499400645 ], [ -90.352472496013533, 16.270764005316185 ], [ -90.352531902196091, 16.270732438692068 ], [ -90.352537833247709, 16.27063918875033 ], [ -90.3526328841441, 16.270599010777993 ], [ -90.352681890528885, 16.27052727496573 ], [ -90.352485817466814, 16.270314971322627 ], [ -90.352249654226, 16.270211702577704 ], [ -90.352040235694218, 16.270201679222797 ], [ -90.351918452290633, 16.270257639981992 ], [ -90.351646639280148, 16.270104162001921 ], [ -90.351498602991327, 16.270165053522913 ], [ -90.351547418590343, 16.270223071479219 ], [ -90.351548768724044, 16.270226374883517 ], [ -90.351549548497104, 16.27022985731011 ], [ -90.351549736028673, 16.270233421040302 ], [ -90.351549326056542, 16.270236966073984 ], [ -90.351548330084725, 16.270240392935687 ], [ -90.351546776060715, 16.270243605465897 ], [ -90.351544707591216, 16.270246513519357 ], [ -90.351542182718561, 16.270249035494587 ], [ -90.351539272291987, 16.270251100623661 ], [ -90.351536057979544, 16.270252650957985 ], [ -90.351532629976518, 16.270253642994387 ], [ -90.351529084474436, 16.270254048895804 ], [ -90.351525520961914, 16.27025385727244 ], [ -90.351522039432965, 16.27025307350134 ], [ -90.351518737581088, 16.27025171957553 ], [ -90.351515708057931, 16.270249833486865 ], [ -90.351106001293374, 16.269765043228315 ], [ -90.351180252116194, 16.269856014901123 ], [ -90.351460993421668, 16.27019455723541 ], [ -90.351452095275761, 16.270338020326179 ], [ -90.351316947348096, 16.270432716050628 ], [ -90.351305105364617, 16.270854492228665 ] ], [ [ -90.364723206029865, 16.257215501175921 ], [ -90.364728928540444, 16.257196427552941 ], [ -90.364746093753354, 16.257184984191692 ], [ -90.364797591507454, 16.257173539240682 ], [ -90.364856720640063, 16.257181170094828 ], [ -90.364883423130664, 16.257169724671002 ], [ -90.365020752689745, 16.257158280155078 ], [ -90.365127563017339, 16.257207871183763 ], [ -90.365200043253395, 16.257215501402403 ], [ -90.365329742741466, 16.257158280647374 ], [ -90.365455627180012, 16.257181169842458 ], [ -90.365484238826355, 16.257177353935145 ], [ -90.36550521863289, 16.257181169694153 ], [ -90.36558723394549, 16.257165909846446 ], [ -90.365598678662835, 16.257108689793885 ], [ -90.365600586226762, 16.257070543679802 ], [ -90.365594864210308, 16.257013321775091 ], [ -90.365591048905344, 16.256902696994167 ], [ -90.365581511502199, 16.256883622704269 ], [ -90.365589141413309, 16.256708145872018 ], [ -90.365566254373107, 16.256647110634518 ], [ -90.365570068354316, 16.256567002404786 ], [ -90.365583420783196, 16.256525042128914 ], [ -90.365573883219142, 16.256452561942744 ], [ -90.365592957615888, 16.256383897828897 ], [ -90.365581511935957, 16.256322862618223 ], [ -90.365560532967763, 16.25618171793619 ], [ -90.365507126308543, 16.256067277310425 ], [ -90.365488052465153, 16.255960466061392 ], [ -90.365427016996861, 16.255956651980007 ], [ -90.365306854093205, 16.255918505126687 ], [ -90.365230560472568, 16.255857469335346 ], [ -90.365158081690964, 16.255815506896781 ], [ -90.365100861126123, 16.255762101634406 ], [ -90.365018845970539, 16.255681993882927 ], [ -90.364952086861564, 16.255601884977448 ], [ -90.364854812715933, 16.255533220854151 ], [ -90.364799500469701, 16.25546837144395 ], [ -90.364727020098258, 16.255373002957882 ], [ -90.364599228147398, 16.255350113923317 ], [ -90.364522934374349, 16.255388261293767 ], [ -90.36443328935664, 16.255365373949637 ], [ -90.364336014066794, 16.25538063262659 ], [ -90.364215850792149, 16.255342485156124 ], [ -90.364128112902861, 16.255304338527726 ], [ -90.364040375566987, 16.255315783571277 ], [ -90.364017487404311, 16.255334855202012 ], [ -90.363878249799157, 16.255315782520505 ], [ -90.363859177279892, 16.255315782921098 ], [ -90.36382103022919, 16.255292893149747 ], [ -90.363763809793582, 16.255411149599574 ], [ -90.363739014489838, 16.255445482158439 ], [ -90.363725662371166, 16.255460740275723 ], [ -90.363677979215126, 16.255582809793012 ], [ -90.363630294765528, 16.255678179964448 ], [ -90.363578796446859, 16.255792620427755 ], [ -90.363506317191138, 16.255937577153492 ], [ -90.363470078702164, 16.255994798293994 ], [ -90.363428116256671, 16.256124498005672 ], [ -90.363382339126716, 16.2562351242969 ], [ -90.363321304547242, 16.256357195055259 ], [ -90.363277435218194, 16.25644874708194 ], [ -90.363256454504452, 16.256464006571647 ], [ -90.363193512285946, 16.25659370534213 ], [ -90.36315345832945, 16.256681444710043 ], [ -90.363197327513859, 16.256711961251419 ], [ -90.363317490055792, 16.256761552772147 ], [ -90.363380432285524, 16.256799700016533 ], [ -90.363389969130424, 16.256811143312461 ], [ -90.363433838035689, 16.256834031424958 ], [ -90.363460540659091, 16.256845474935265 ], [ -90.363548278639399, 16.256853106511471 ], [ -90.363588333147987, 16.256841662618509 ], [ -90.363653182581061, 16.256864548827288 ], [ -90.36368179345456, 16.256864549160301 ], [ -90.363712311380212, 16.25694847193288 ], [ -90.363739013894559, 16.257017138198805 ], [ -90.363739014645091, 16.257093431035159 ], [ -90.363813400006947, 16.257184984167974 ], [ -90.363878249610323, 16.257188799358971 ], [ -90.363943100516252, 16.257200242910699 ], [ -90.364067077764659, 16.257181170193476 ], [ -90.364131927161992, 16.257238389387972 ], [ -90.36416244554448, 16.257249833449265 ], [ -90.364192963551361, 16.257291795543999 ], [ -90.364219665532218, 16.257307054052131 ], [ -90.364318848307832, 16.257303239229156 ], [ -90.364370346509602, 16.257318499134911 ], [ -90.364423752151879, 16.257307054592776 ], [ -90.364509582794213, 16.2573566451596 ], [ -90.364528655896962, 16.257364273985765 ], [ -90.364566803201825, 16.257364274874192 ], [ -90.364660263617452, 16.257272721731258 ], [ -90.364723206029865, 16.257215501175921 ] ], [ [ -90.336586096330336, 16.261638599518651 ], [ -90.336681197171913, 16.261596584878358 ], [ -90.33670780409939, 16.261582289546535 ], [ -90.336772980942897, 16.261540986612037 ], [ -90.336767468469091, 16.261168635722875 ], [ -90.336693208739632, 16.261120817123821 ], [ -90.336696918547759, 16.260888889549715 ], [ -90.336672164852772, 16.260891280993672 ], [ -90.336532312817042, 16.260882913870944 ], [ -90.33652488681642, 16.26091280158505 ], [ -90.3363107776417, 16.261029963989422 ], [ -90.33630954208742, 16.26112201864564 ], [ -90.336173402425061, 16.261200923956281 ], [ -90.336156077951941, 16.261367099627083 ], [ -90.336096671653692, 16.261394597140161 ], [ -90.3360908394815, 16.261501810972199 ], [ -90.336137442348516, 16.261513200101444 ], [ -90.33622190038254, 16.261534792964884 ], [ -90.336226778778098, 16.26153627269947 ], [ -90.336229744906092, 16.261537412017333 ], [ -90.336269968505491, 16.261554148696874 ], [ -90.336277271554465, 16.261557819275001 ], [ -90.336283963744194, 16.261562512063595 ], [ -90.336289903025886, 16.261568127453266 ], [ -90.33631168666804, 16.261592038073147 ], [ -90.336312576615654, 16.261593039306341 ], [ -90.336315384513227, 16.261596559202427 ], [ -90.3363407569815, 16.261631228230392 ], [ -90.336343652114962, 16.261635617682888 ], [ -90.336359456804558, 16.261662804599748 ], [ -90.33637527407474, 16.261663498310341 ], [ -90.336441486300927, 16.261674837443557 ], [ -90.336502889785891, 16.261667232979629 ], [ -90.336586096330336, 16.261638599518651 ] ], [ [ -90.346844693742554, 16.260833760559589 ], [ -90.346828831811678, 16.261158771971907 ], [ -90.346829130618346, 16.261175259955923 ], [ -90.34682926664172, 16.261177224992739 ], [ -90.34684621416848, 16.261353087488157 ], [ -90.346884837996669, 16.261479330618172 ], [ -90.346960592943233, 16.26163569829265 ], [ -90.34701240421056, 16.261614878811415 ], [ -90.347060669680786, 16.261586183446131 ], [ -90.347465034208682, 16.261377223534744 ], [ -90.347539616861013, 16.261338681643068 ], [ -90.347547035697033, 16.261234672682917 ], [ -90.347695546282992, 16.26115217165572 ], [ -90.347697281595742, 16.260997247350456 ], [ -90.347699740404664, 16.26077768575993 ], [ -90.347701555053106, 16.260615719722836 ], [ -90.347701560001042, 16.260615369942016 ], [ -90.34770727431345, 16.260105209445513 ], [ -90.347711394999223, 16.25973730247944 ], [ -90.347713986350982, 16.259505958555351 ], [ -90.347430967766641, 16.259641158543484 ], [ -90.347229632162851, 16.259737336119425 ], [ -90.347045691509123, 16.259825204446901 ], [ -90.346971435058478, 16.259850315411644 ], [ -90.346915742290889, 16.259846732137664 ], [ -90.346860048617557, 16.259846736172097 ], [ -90.346793219718492, 16.259889778215747 ], [ -90.346715250476137, 16.25992206195609 ], [ -90.346632949283418, 16.259927447094171 ], [ -90.346665550607909, 16.260022381570518 ], [ -90.346732889379552, 16.260190705514578 ], [ -90.346806170324911, 16.260370504310458 ], [ -90.346829940569179, 16.260481444723659 ], [ -90.34684764673365, 16.260589876220681 ], [ -90.346844693742554, 16.260833760559589 ] ], [ [ -90.352950561256961, 16.23642090645756 ], [ -90.352855517953074, 16.236371181887034 ], [ -90.35278423864311, 16.236371188466261 ], [ -90.352691173809603, 16.236308074837545 ], [ -90.352661469507225, 16.236256432410798 ], [ -90.352598103963487, 16.236195229293646 ], [ -90.352542662439731, 16.236160804247792 ], [ -90.352467423427157, 16.236158898159019 ], [ -90.352404067667436, 16.236187595224251 ], [ -90.352320908550709, 16.236187603323888 ], [ -90.352259530006975, 16.236185695964711 ], [ -90.352210033800432, 16.236210566736599 ], [ -90.352142715554024, 16.236225875123811 ], [ -90.352089253378821, 16.236185711065581 ], [ -90.352059546263945, 16.236113028111841 ], [ -90.352006078824857, 16.236017392787861 ], [ -90.351936774844589, 16.235969579303934 ], [ -90.351897173843355, 16.235952366988631 ], [ -90.351812036098522, 16.235952374411873 ], [ -90.351802135081925, 16.235944724641758 ], [ -90.351788272274504, 16.235914120948163 ], [ -90.351746694207137, 16.235912211909987 ], [ -90.351647692382741, 16.23587587800662 ], [ -90.351647687051653, 16.235828057749124 ], [ -90.351649663135035, 16.235787888057043 ], [ -90.351659560116758, 16.235753456947812 ], [ -90.351667477811475, 16.235724763824429 ], [ -90.351548681040313, 16.235736251651392 ], [ -90.351503638137274, 16.235741201174264 ], [ -90.351535798392021, 16.235958151099332 ], [ -90.351560581319944, 16.235948572397213 ], [ -90.351643739835353, 16.235950478019198 ], [ -90.351701160107368, 16.235969600899903 ], [ -90.351786300704092, 16.235998284952206 ], [ -90.351821941495643, 16.236011671287571 ], [ -90.351875403680424, 16.236044184425612 ], [ -90.351926886603152, 16.23608243553894 ], [ -90.351966489676485, 16.236120687387722 ], [ -90.35202391379066, 16.236172328462288 ], [ -90.352079359048176, 16.236235445978163 ], [ -90.352156580992784, 16.236275607619966 ], [ -90.352190238795941, 16.236262215411433 ], [ -90.352287254573071, 16.236233513834463 ], [ -90.352411990560384, 16.236225851155339 ], [ -90.352510991004692, 16.236246882727244 ], [ -90.352546635652345, 16.236300438209923 ], [ -90.352550600941214, 16.236353996070871 ], [ -90.352564467300382, 16.23641520457042 ], [ -90.352643666156595, 16.23642284913144 ], [ -90.352703061724753, 16.236390325107596 ], [ -90.352734742005694, 16.236394147742935 ], [ -90.352796125739943, 16.236445788646762 ], [ -90.352808006939398, 16.236455350457948 ], [ -90.352853548855691, 16.236487864180802 ], [ -90.352895131483265, 16.236516551010137 ], [ -90.352940672597271, 16.236537588684584 ], [ -90.352970373548573, 16.236558626215988 ], [ -90.353009976986471, 16.236589227787167 ], [ -90.353031760102667, 16.236621743082779 ], [ -90.353045624889916, 16.236667649574819 ], [ -90.353051568221005, 16.236709730055455 ], [ -90.353065430827456, 16.236738421145088 ], [ -90.353128794491695, 16.236782409625174 ], [ -90.35322383848569, 16.236837871636386 ], [ -90.353264075254074, 16.236859837427783 ], [ -90.353273735315568, 16.236849383091236 ], [ -90.353309809608731, 16.236666965661946 ], [ -90.353322180129425, 16.236631099084558 ], [ -90.353328140231454, 16.236504141101459 ], [ -90.353314881153466, 16.236499296400055 ], [ -90.353205981692142, 16.236476352157769 ], [ -90.35311094213948, 16.236470623819613 ], [ -90.353002042233243, 16.236449592897294 ], [ -90.352950561256961, 16.23642090645756 ] ], [ [ -90.349096785324264, 16.233260048396605 ], [ -90.349089174687577, 16.231553533440827 ], [ -90.349017910006083, 16.231521916193227 ], [ -90.349015139540711, 16.230847420468272 ], [ -90.348305856574683, 16.23121805852794 ], [ -90.347665506101407, 16.231567789104314 ], [ -90.347340691231651, 16.231774036547183 ], [ -90.347285011387541, 16.231842781264522 ], [ -90.347260279577895, 16.232084872749894 ], [ -90.34728293873286, 16.232791949780218 ], [ -90.347285085605492, 16.232858959161096 ], [ -90.349096785324264, 16.233260048396605 ] ] ], [ [ [ -90.354599041156632, 16.280676770918287 ], [ -90.354599148826651, 16.280676695974044 ], [ -90.354599080434781, 16.280676804387152 ], [ -90.354599041156632, 16.280676770918287 ] ] ] ] } },
{ "type": "Feature", "properties": { "OBJECTID": 7, "Id": 0, "Shape_Leng": 8934.0515636700002, "Shape_Area": 1189201.3544099999 }, "geometry": { "type": "MultiPolygon", "coordinates": [ [ [ [ -90.489253151524977, 16.031293877520316 ], [ -90.489430416755482, 16.031023270414423 ], [ -90.489232296291377, 16.031038391140836 ], [ -90.488991348357658, 16.030965518938263 ], [ -90.488884934306228, 16.03080174346259 ], [ -90.488875922631365, 16.030501382014577 ], [ -90.488744735038793, 16.030258707427809 ], [ -90.488516889885361, 16.030228669196934 ], [ -90.488405838911646, 16.030246027236931 ], [ -90.488280961395063, 16.029990471824085 ], [ -90.488038303369422, 16.029940557344702 ], [ -90.487804989963891, 16.029916184337083 ], [ -90.487557025130542, 16.029841430093885 ], [ -90.487347101695391, 16.029722152868576 ], [ -90.487179059929858, 16.029574335015823 ], [ -90.486860496673117, 16.029500788712586 ], [ -90.486960345001989, 16.029443529080517 ], [ -90.487430894583355, 16.02943866186834 ], [ -90.487461058688794, 16.029441985311038 ], [ -90.487460830269555, 16.029313392531904 ], [ -90.487428948753461, 16.027021411072646 ], [ -90.487428489212903, 16.026449973870438 ], [ -90.489757833304225, 16.026242148853942 ], [ -90.489760259084818, 16.026250190595743 ], [ -90.489760232531609, 16.026239412989792 ], [ -90.489763438862596, 16.025547782664532 ], [ -90.489761455211223, 16.025135432500605 ], [ -90.489761144481449, 16.025070932256838 ], [ -90.489752646756955, 16.023304848709564 ], [ -90.490413673299884, 16.023301910981402 ], [ -90.49159053081776, 16.023296678170944 ], [ -90.494399542348972, 16.023284160122628 ], [ -90.49564480946583, 16.023284054329171 ], [ -90.495916790169332, 16.023287617262596 ], [ -90.496727064293879, 16.025008734711449 ], [ -90.496732513850873, 16.025008312692684 ], [ -90.496789085098882, 16.025064290393185 ], [ -90.496838408800642, 16.025113097664217 ], [ -90.498657488573912, 16.026913078031711 ], [ -90.498209554203754, 16.028662027417596 ], [ -90.498231054568976, 16.028672796159768 ], [ -90.498179229115976, 16.028780430747805 ], [ -90.498023608285706, 16.028934772154518 ], [ -90.497901336002144, 16.02905680808464 ], [ -90.497587581578159, 16.029397966862003 ], [ -90.496815155856211, 16.030328555287305 ], [ -90.496714172939079, 16.030700192980618 ], [ -90.496504670870095, 16.030707683554596 ], [ -90.495136260146353, 16.030715941656315 ], [ -90.494020015570143, 16.030713234411728 ], [ -90.492773984290366, 16.030721381397719 ], [ -90.492599652666144, 16.030719674394732 ], [ -90.492649168332917, 16.030487859168176 ], [ -90.492683843169758, 16.030207330001858 ], [ -90.492577706770177, 16.030021447991551 ], [ -90.492732873426661, 16.029927370739728 ], [ -90.492945051880142, 16.029830177851323 ], [ -90.493164856275143, 16.029684718080841 ], [ -90.493292436571039, 16.029508568340464 ], [ -90.493415840061502, 16.029527010863919 ], [ -90.493613497571559, 16.029582839101771 ], [ -90.493930059969358, 16.029491270313716 ], [ -90.49392064713048, 16.029259294916198 ], [ -90.493928692956899, 16.028955806768121 ], [ -90.493874047267468, 16.028758362869432 ], [ -90.493734016065289, 16.028761606387331 ], [ -90.491198947715191, 16.028820300683215 ], [ -90.49110299857108, 16.029269455364766 ], [ -90.491398103621904, 16.029406952320723 ], [ -90.491457902330069, 16.029428657241773 ], [ -90.491391394819445, 16.029673574762281 ], [ -90.491266538851193, 16.030218033800889 ], [ -90.491181111960159, 16.030560598744767 ], [ -90.491138375970493, 16.030731972940444 ], [ -90.490786513399698, 16.030732243737013 ], [ -90.490111562891713, 16.030716025596089 ], [ -90.489778593894357, 16.030726298603668 ], [ -90.489778543428187, 16.030726245273662 ], [ -90.489779241792462, 16.030795488947533 ], [ -90.489779315626592, 16.03079548895105 ], [ -90.489779025528364, 16.031885211452153 ], [ -90.489544315564373, 16.031602847650792 ], [ -90.489122528491663, 16.031497707123275 ], [ -90.489253151524977, 16.031293877520316 ] ] ], [ [ [ -90.489756907731376, 16.032620329577099 ], [ -90.488966025479215, 16.032607026243912 ], [ -90.488858736958676, 16.032607108372694 ], [ -90.488858654775257, 16.032504994149271 ], [ -90.48873010482761, 16.032519437406165 ], [ -90.484997635381944, 16.03254627305277 ], [ -90.48499749997508, 16.032544766312654 ], [ -90.484954273018673, 16.032544265259613 ], [ -90.484949884793409, 16.031662262577818 ], [ -90.484934742337572, 16.030515078043923 ], [ -90.484938788567646, 16.029601944211194 ], [ -90.484938657534627, 16.029567099577498 ], [ -90.484966588228545, 16.029578714302229 ], [ -90.48533527375568, 16.029779750575525 ], [ -90.485548101218384, 16.029906287038092 ], [ -90.485851044161819, 16.029906145439881 ], [ -90.486214117514194, 16.029936430237115 ], [ -90.486399960302506, 16.029987870705167 ], [ -90.48665184574223, 16.029989586680855 ], [ -90.486880634122741, 16.030179509457536 ], [ -90.487014731203274, 16.030183503628667 ], [ -90.487221061291493, 16.030230462392684 ], [ -90.487488750696457, 16.030255938941021 ], [ -90.487654871273065, 16.030334865293657 ], [ -90.487801573196563, 16.030390316322904 ], [ -90.488040935085962, 16.030397542584335 ], [ -90.488001452924493, 16.030626424289451 ], [ -90.488188983630437, 16.030775670653647 ], [ -90.488368611640254, 16.030826684257832 ], [ -90.48829978238912, 16.031065968722327 ], [ -90.488452431933013, 16.031251709816832 ], [ -90.488536388511861, 16.031407784337333 ], [ -90.488567774083151, 16.031532716321866 ], [ -90.488722849097528, 16.031626781770587 ], [ -90.488856362269274, 16.031728960821884 ], [ -90.488944688108319, 16.031810681358078 ], [ -90.489051948127639, 16.031742762857117 ], [ -90.489220391831424, 16.031792492599021 ], [ -90.489361928424628, 16.031994267814934 ], [ -90.489532553771255, 16.032295504851401 ], [ -90.489756907731376, 16.032620329577099 ] ] ], [ [ [ -90.471369460115966, 16.031846140071242 ], [ -90.469782680290066, 16.031438580016879 ], [ -90.469371419822807, 16.031311513428456 ], [ -90.469378107309808, 16.031168432814692 ], [ -90.468705296208, 16.03094413473729 ], [ -90.468703606680691, 16.029636236106203 ], [ -90.469714489773892, 16.029619874027308 ], [ -90.469704919114008, 16.027597534992708 ], [ -90.471886173885977, 16.027522195227444 ], [ -90.474069430035655, 16.027518057537158 ], [ -90.474070053158471, 16.027570638646782 ], [ -90.474094197138172, 16.029607598312566 ], [ -90.476193098087492, 16.029611158634786 ], [ -90.476205716413645, 16.029971694451884 ], [ -90.476212163217923, 16.030327343316962 ], [ -90.476224796092353, 16.030691954605125 ], [ -90.476225000903142, 16.030966914473066 ], [ -90.476231445321062, 16.031319576054788 ], [ -90.476228650178584, 16.031719519202365 ], [ -90.475850995179599, 16.031720089837876 ], [ -90.475817543505357, 16.031719955010281 ], [ -90.475806280916103, 16.033297390385712 ], [ -90.475339669948625, 16.033134331066954 ], [ -90.47325067177502, 16.032423388404158 ], [ -90.471369460115966, 16.031846140071242 ] ] ] ] } },
{ "type": "Feature", "properties": { "OBJECTID": 8, "Id": 0, "Shape_Leng": 5029.4513727699996, "Shape_Area": 276193.83347000001 }, "geometry": { "type": "MultiPolygon", "coordinates": [ [ [ [ -90.528396193946151, 16.054587650095343 ], [ -90.5283960097982, 16.054587593176834 ], [ -90.528348641022134, 16.054587870606341 ], [ -90.52834857839602, 16.054587871518482 ], [ -90.528348578404575, 16.054587932076807 ], [ -90.525489871745179, 16.054606493097555 ], [ -90.525490592223022, 16.05305486640254 ], [ -90.52566417563537, 16.053052671908713 ], [ -90.525873671953491, 16.053052801273381 ], [ -90.526058979352428, 16.053049740957544 ], [ -90.526257214310888, 16.053057508898295 ], [ -90.526392904826253, 16.052902073312119 ], [ -90.526455215980931, 16.052721240225956 ], [ -90.526502481318431, 16.052620653304579 ], [ -90.526625849615456, 16.052455314636155 ], [ -90.526749718651175, 16.052317516321043 ], [ -90.527037115526895, 16.052191653567824 ], [ -90.527015305142967, 16.051963740012038 ], [ -90.527069883172359, 16.051759370394841 ], [ -90.527086646071538, 16.051606241521831 ], [ -90.527185245658856, 16.051277195637788 ], [ -90.527210846270521, 16.051001741372001 ], [ -90.527217271187837, 16.050883027204424 ], [ -90.527124577547525, 16.050889294544593 ], [ -90.526895233951976, 16.050929545043456 ], [ -90.526666678252269, 16.050977070335783 ], [ -90.526555836114625, 16.051016828456437 ], [ -90.52651025344035, 16.050819105655176 ], [ -90.526494843926613, 16.050642323264213 ], [ -90.526344139460392, 16.050545139357165 ], [ -90.52610385830225, 16.050636224121916 ], [ -90.525972921129338, 16.050683547856345 ], [ -90.525713074059738, 16.05075706268763 ], [ -90.525489783058575, 16.050786782841683 ], [ -90.525485869500272, 16.048567476675295 ], [ -90.526261756392103, 16.048559504093639 ], [ -90.526311400185065, 16.048726505323636 ], [ -90.526529314468036, 16.04886057366117 ], [ -90.526658874002905, 16.049013661782745 ], [ -90.526757220213426, 16.049213356546176 ], [ -90.526928631674124, 16.049265948543653 ], [ -90.527134422004195, 16.049254488807218 ], [ -90.527422564211335, 16.0492813789105 ], [ -90.527615553833698, 16.049167873182778 ], [ -90.527815006249824, 16.049145775222591 ], [ -90.527977459498615, 16.049303251914377 ], [ -90.528064336877819, 16.049425053246587 ], [ -90.528050262639795, 16.049641718439428 ], [ -90.528133997318093, 16.049733764303898 ], [ -90.528385536355529, 16.049890548359539 ], [ -90.528369607066182, 16.051592787925184 ], [ -90.528409276919064, 16.051592689572473 ], [ -90.528415354014342, 16.052710596719908 ], [ -90.528413800300768, 16.053611990633708 ], [ -90.528402211993864, 16.054372326465813 ], [ -90.528396193946151, 16.054587650095343 ] ] ], [ [ [ -90.532115071341849, 16.054154163601826 ], [ -90.534265110332456, 16.054183431819141 ], [ -90.534333584255563, 16.056557035999614 ], [ -90.534215526958121, 16.056556760230702 ], [ -90.534080448059456, 16.056577401417297 ], [ -90.534004888005256, 16.056674948469009 ], [ -90.53402669425553, 16.056740606491093 ], [ -90.533823217744299, 16.0567751958197 ], [ -90.533620669000825, 16.056785429520044 ], [ -90.533375714585816, 16.056786041771289 ], [ -90.533373250020631, 16.05702358712016 ], [ -90.53278266083025, 16.057008657138251 ], [ -90.532760330631035, 16.056789036330279 ], [ -90.532749867617454, 16.056585414655316 ], [ -90.532756137193644, 16.056324586306769 ], [ -90.53274840404012, 16.056175033747014 ], [ -90.532845400108755, 16.055926174815013 ], [ -90.533063436522767, 16.055712565631985 ], [ -90.533137899905938, 16.055528230860816 ], [ -90.533045361033984, 16.055283319270796 ], [ -90.532874688795246, 16.055111483710764 ], [ -90.532686380073073, 16.055229087868302 ], [ -90.53264456855311, 16.055255200304671 ], [ -90.532527745275232, 16.055285874143735 ], [ -90.532466308148301, 16.055138225994877 ], [ -90.532344043858586, 16.05505292142092 ], [ -90.532272677297811, 16.054968522009737 ], [ -90.532179309823789, 16.054881431485917 ], [ -90.532113494154899, 16.054793616419715 ], [ -90.532098575329755, 16.05463771801675 ], [ -90.532062596596063, 16.054524183766798 ], [ -90.532040077543726, 16.054356059133255 ], [ -90.532113520336708, 16.054286363576036 ], [ -90.532115071341849, 16.054154163601826 ] ] ], [ [ [ -90.528396193946151, 16.054587650095343 ], [ -90.529530116976275, 16.054580937528542 ], [ -90.529497323980905, 16.054808062899721 ], [ -90.529745989828257, 16.054972363939861 ], [ -90.529913601885781, 16.054969561247106 ], [ -90.530057093207617, 16.054990140034821 ], [ -90.530230942721545, 16.055031001484743 ], [ -90.530277906480578, 16.054861201954019 ], [ -90.530384240154817, 16.054791834959758 ], [ -90.530480685607614, 16.054748775134641 ], [ -90.530540032365025, 16.054696154148985 ], [ -90.530547536517489, 16.054574961399119 ], [ -90.53118996704832, 16.054570227541312 ], [ -90.5313861235106, 16.054569221827997 ], [ -90.531395200625212, 16.054152000712026 ], [ -90.531395335247026, 16.054146178957684 ], [ -90.531730759301112, 16.054149079730326 ], [ -90.532115071341849, 16.054154163601826 ], [ -90.5317307929554, 16.05414910774487 ], [ -90.531821949296315, 16.054224509233652 ], [ -90.531776901795055, 16.054362072813372 ], [ -90.531831784464885, 16.05443079204494 ], [ -90.531740766089868, 16.054601442653041 ], [ -90.531681188223473, 16.054892752398292 ], [ -90.531869719666886, 16.055092318357058 ], [ -90.531966312196857, 16.055157843441808 ], [ -90.532089474551697, 16.055306664741213 ], [ -90.531987901384454, 16.055379627404793 ], [ -90.531881888467282, 16.055483615523794 ], [ -90.531852493100303, 16.055517908561821 ], [ -90.53180550665904, 16.055572723537427 ], [ -90.531763271455475, 16.055621997163431 ], [ -90.531491289037774, 16.055694133355125 ], [ -90.53139064352213, 16.055706702679419 ], [ -90.531281512721264, 16.055720329802718 ], [ -90.531240484730532, 16.055713783740298 ], [ -90.53119687683639, 16.055706826791408 ], [ -90.53118173675368, 16.055710676708728 ], [ -90.530692899082482, 16.055834997613829 ], [ -90.530479228346977, 16.055891275050961 ], [ -90.530396134493387, 16.05591309689131 ], [ -90.530196698684591, 16.055895906646022 ], [ -90.530134966080936, 16.055874105303438 ], [ -90.530041181143503, 16.055854604233033 ], [ -90.529813246774182, 16.055782318588779 ], [ -90.529719467613944, 16.055794958480934 ], [ -90.529537187013347, 16.055822224992955 ], [ -90.529515879458259, 16.055971239367064 ], [ -90.529475010065283, 16.056134096265556 ], [ -90.529451053893112, 16.056273669318422 ], [ -90.529450172809973, 16.056454173908996 ], [ -90.529462520667678, 16.056664496678568 ], [ -90.529471498658452, 16.056835419942111 ], [ -90.529487489501079, 16.057028657525262 ], [ -90.529522290920582, 16.057228164365242 ], [ -90.529523692418593, 16.057427020506339 ], [ -90.529551820544015, 16.057611610119739 ], [ -90.528429808575567, 16.057631996577651 ], [ -90.528421882911644, 16.056630331432462 ], [ -90.528402321603124, 16.05563331897714 ], [ -90.528396009806414, 16.054587651023603 ], [ -90.528396193946151, 16.054587650095343 ] ] ] ] } },
{ "type": "Feature", "properties": { "OBJECTID": 9, "Id": 0, "Shape_Leng": 7600.4890295300002, "Shape_Area": 988585.36310700001 }, "geometry": { "type": "MultiPolygon", "coordinates": [ [ [ [ -90.517183052187079, 16.072042196392228 ], [ -90.51719126902421, 16.07094234511489 ], [ -90.517317016605105, 16.070938601156616 ], [ -90.517319920846475, 16.070925816805392 ], [ -90.517374251008675, 16.07096644246425 ], [ -90.517465610746044, 16.0709257109669 ], [ -90.517519940938215, 16.070966342011864 ], [ -90.517611302515235, 16.070925608644504 ], [ -90.517665630867427, 16.070966240556473 ], [ -90.517756992414533, 16.070925505319256 ], [ -90.517811322665651, 16.070966135386353 ], [ -90.517884197438519, 16.071006750333094 ], [ -90.517957012594366, 16.070966033732642 ], [ -90.518048373147053, 16.07092529746733 ], [ -90.518102703457359, 16.07096592926812 ], [ -90.518194063045556, 16.070925193844602 ], [ -90.518248393385377, 16.070965825608383 ], [ -90.518339753878763, 16.070925091930349 ], [ -90.518394084247774, 16.070965720041709 ], [ -90.518485444711459, 16.070924987205352 ], [ -90.518539775110227, 16.070965617991281 ], [ -90.518631135544069, 16.07092488418893 ], [ -90.518685465972425, 16.070965515841699 ], [ -90.518776825441435, 16.070924779265717 ], [ -90.518831155899406, 16.070965411785316 ], [ -90.518922516273534, 16.070924676050971 ], [ -90.518976846760637, 16.07096530491815 ], [ -90.519068207105349, 16.07092457273707 ], [ -90.519122536687178, 16.070965201567322 ], [ -90.519213897002018, 16.070924468420241 ], [ -90.519268243439697, 16.070965097211968 ], [ -90.519359605594076, 16.070924361290984 ], [ -90.519413934300658, 16.070964995470433 ], [ -90.519505296425635, 16.070924263102725 ], [ -90.519486808463029, 16.07100561077517 ], [ -90.519559685459072, 16.071046223343124 ], [ -90.519632498418218, 16.071005507077228 ], [ -90.51965098632175, 16.070924161199969 ], [ -90.519705315087094, 16.070964792593823 ], [ -90.519778130791607, 16.070924078989446 ], [ -90.519800085698307, 16.070936315147851 ], [ -90.519851005012896, 16.07096469507416 ], [ -90.51995473160099, 16.070923952329181 ], [ -90.519996696807965, 16.070964596551335 ], [ -90.520100420561675, 16.070923851928349 ], [ -90.520142326198709, 16.070883168215929 ], [ -90.520142264749026, 16.07080203192665 ], [ -90.520142208909093, 16.070720904674779 ], [ -90.52008417085392, 16.070680278258237 ], [ -90.520018141337445, 16.070649788396306 ], [ -90.520019541463284, 16.070563712404248 ], [ -90.520020943744555, 16.070480505245158 ], [ -90.520021946113673, 16.070464511447796 ], [ -90.520026788095535, 16.070387252231981 ], [ -90.52002672461316, 16.070322697148285 ], [ -90.52002070204442, 16.070232323116262 ], [ -90.520020630224636, 16.070159159722831 ], [ -90.520021547323338, 16.070103763302992 ], [ -90.520022032359407, 16.07007451904747 ], [ -90.520021951121421, 16.069991312927186 ], [ -90.520021868948845, 16.069908107710177 ], [ -90.520024758764905, 16.069827768337021 ], [ -90.520029132235464, 16.069748862337587 ], [ -90.520027978675117, 16.069692532427656 ], [ -90.520027574743693, 16.069672832053488 ], [ -90.520023038941503, 16.069586761128104 ], [ -90.520024446319553, 16.069507858115955 ], [ -90.520018415437576, 16.06940887667146 ], [ -90.520021316822351, 16.069341448854992 ], [ -90.520024197356562, 16.069252502975914 ], [ -90.520026169450119, 16.069202686850403 ], [ -90.520026654313668, 16.069190429634084 ], [ -90.520027093489006, 16.069179336586604 ], [ -90.520012177309539, 16.069097579821591 ], [ -90.520025457855553, 16.069022969004603 ], [ -90.52001647787381, 16.06894407509445 ], [ -90.520020854276595, 16.068866603505576 ], [ -90.520020768870609, 16.068779094124807 ], [ -90.520022175309563, 16.068700192010695 ], [ -90.520017642480056, 16.068615555494254 ], [ -90.52002053335805, 16.068536650528564 ], [ -90.520018966749049, 16.068453447246799 ], [ -90.520019827077832, 16.06842867522413 ], [ -90.520021853454637, 16.06837023902866 ], [ -90.520022630160341, 16.068322513626548 ], [ -90.520023253564133, 16.068284163018291 ], [ -90.520017245724645, 16.068209570268717 ], [ -90.520027556116375, 16.068132093600227 ], [ -90.520020052270496, 16.068044591234294 ], [ -90.520045554601779, 16.06800305944045 ], [ -90.520098469615533, 16.067916883692394 ], [ -90.520164842861931, 16.067962805015636 ], [ -90.520238928726187, 16.067922493340031 ], [ -90.520310606319043, 16.06796270446695 ], [ -90.520399162387179, 16.067920434517458 ], [ -90.520456294993451, 16.067962605633891 ], [ -90.520525769314318, 16.06792031937734 ], [ -90.52060198366722, 16.067962503086271 ], [ -90.520670179171717, 16.067920187078741 ], [ -90.520747670471252, 16.067962401343536 ], [ -90.520818550099676, 16.067923876698728 ], [ -90.52089336007964, 16.067962302212958 ], [ -90.520960989304456, 16.067931398236439 ], [ -90.521039047817709, 16.067962198464155 ], [ -90.521107367747263, 16.067921699956866 ], [ -90.521184735555877, 16.067962098231639 ], [ -90.521255738683919, 16.067925388370018 ], [ -90.521330425162958, 16.067961994284371 ], [ -90.521406081403285, 16.067923337910312 ], [ -90.52147713795938, 16.067862354954251 ], [ -90.521691855864503, 16.067916904432863 ], [ -90.521742753248873, 16.067954541198819 ], [ -90.521834039066178, 16.067916774286374 ], [ -90.521888442849757, 16.067954437775686 ], [ -90.521991682026581, 16.067919618851221 ], [ -90.522062749959957, 16.067895642219057 ], [ -90.52211847227764, 16.067903572312986 ], [ -90.522146217990596, 16.067907520193206 ], [ -90.522276042760566, 16.067910390020781 ], [ -90.52232550791193, 16.067954129623388 ], [ -90.522430597535745, 16.06791622453478 ], [ -90.522471195642439, 16.067954028515462 ], [ -90.522572767833182, 16.067901150470885 ], [ -90.522616884307226, 16.067953925500582 ], [ -90.522724227205927, 16.067903997859784 ], [ -90.522780798721783, 16.067874264973689 ], [ -90.522806937225525, 16.067875339585498 ], [ -90.522794553835965, 16.067141880944476 ], [ -90.522805165512651, 16.066371183701175 ], [ -90.522762958600879, 16.066199073461512 ], [ -90.522769828728798, 16.06564436350105 ], [ -90.522782021930837, 16.065472202268705 ], [ -90.522843089416014, 16.065224929104016 ], [ -90.522845769444288, 16.064922222408804 ], [ -90.522858080881264, 16.064869609511483 ], [ -90.52331034460714, 16.064865250271666 ], [ -90.523343474655633, 16.062900940302274 ], [ -90.523419167143217, 16.062928126324149 ], [ -90.523482913859596, 16.062879292191472 ], [ -90.523566029954054, 16.062912209595844 ], [ -90.52362386291091, 16.062883464249733 ], [ -90.523700962589757, 16.062834616828507 ], [ -90.523764723826631, 16.062798694179122 ], [ -90.523840421689584, 16.062831618627278 ], [ -90.523910120064997, 16.06279999310425 ], [ -90.523985817017632, 16.062832918404951 ], [ -90.524033256213372, 16.062795574835341 ], [ -90.524110983624027, 16.062829692952537 ], [ -90.524172774534577, 16.062803334997422 ], [ -90.524243539438729, 16.062849175044168 ], [ -90.524313792783374, 16.062877323971108 ], [ -90.524382994218655, 16.062841394193189 ], [ -90.524454661872724, 16.062800680910438 ], [ -90.524522942715762, 16.062835046708937 ], [ -90.524587192096291, 16.062794340558185 ], [ -90.524660921675249, 16.062836353204368 ], [ -90.524727228011102, 16.062875503269524 ], [ -90.524798897476728, 16.062834789871552 ], [ -90.524863146800953, 16.062794083638085 ], [ -90.524936876616124, 16.062837529703227 ], [ -90.525001126847869, 16.062796823428286 ], [ -90.525068915404859, 16.06283310257114 ], [ -90.5253487934323, 16.062774476320403 ], [ -90.525404211657445, 16.06280502818792 ], [ -90.525488835237894, 16.062745399855608 ], [ -90.525562453581458, 16.062793403859544 ], [ -90.52561979290904, 16.062766571494514 ], [ -90.525701226465387, 16.06279733800034 ], [ -90.525766467679958, 16.062759022073465 ], [ -90.525835751587209, 16.062806776136902 ], [ -90.525910883456163, 16.062768449030244 ], [ -90.525986080757164, 16.062795158776979 ], [ -90.526043120376812, 16.062764260795188 ], [ -90.526102494602426, 16.062794809289205 ], [ -90.526118712458427, 16.06278607788013 ], [ -90.526173670519071, 16.062756487091789 ], [ -90.526863940619236, 16.062768029710671 ], [ -90.526921338891441, 16.062798579129201 ], [ -90.526994501368193, 16.062769819195491 ], [ -90.527053875481641, 16.062798453964483 ], [ -90.52713099144836, 16.062765864754862 ], [ -90.52720619981713, 16.062804048510863 ], [ -90.527285283993422, 16.062761892594285 ], [ -90.527311668520554, 16.062741611243876 ], [ -90.527316853622921, 16.063954302839804 ], [ -90.527321652268483, 16.064869006067816 ], [ -90.528523139914128, 16.064883416823303 ], [ -90.528507802400426, 16.06641404628283 ], [ -90.528495908404835, 16.066874318685777 ], [ -90.528499443778514, 16.066914029069405 ], [ -90.527924429099173, 16.066818937075876 ], [ -90.527670969878542, 16.066819178773077 ], [ -90.527516428664086, 16.066825302420575 ], [ -90.527405209694152, 16.066879204500289 ], [ -90.527349680852936, 16.06698685074797 ], [ -90.527343674279336, 16.067160201797652 ], [ -90.527337789652606, 16.067453099352239 ], [ -90.52736272278166, 16.067656308894144 ], [ -90.527368996204956, 16.067745964140872 ], [ -90.527285101509733, 16.067712307169462 ], [ -90.527248065317693, 16.067766138234806 ], [ -90.527155354241941, 16.067784158412902 ], [ -90.525993138610545, 16.067773300048714 ], [ -90.525887996599323, 16.067725580226753 ], [ -90.525789085507057, 16.067725672607033 ], [ -90.525702611544304, 16.067797482503519 ], [ -90.525646136124422, 16.067880560743866 ], [ -90.525606081371407, 16.067966153336577 ], [ -90.525643089255041, 16.06798677848408 ], [ -90.525643151081354, 16.068068060310981 ], [ -90.525643211979229, 16.068149390945507 ], [ -90.52564327381188, 16.068230720675452 ], [ -90.525643335644745, 16.068312051308649 ], [ -90.525643395608029, 16.068393381037581 ], [ -90.525643457441106, 16.068474711669527 ], [ -90.525643519274169, 16.068556041397002 ], [ -90.525643581107431, 16.06863737202773 ], [ -90.525643640136337, 16.068718701754307 ], [ -90.525643701035023, 16.068800032383894 ], [ -90.525643763807679, 16.068881396455271 ], [ -90.52564382376751, 16.068962693641129 ], [ -90.525643882801077, 16.069044056807865 ], [ -90.525644004599258, 16.069206717157634 ], [ -90.525644063628974, 16.069288047783761 ], [ -90.525644123593466, 16.069369377505289 ], [ -90.525644244457638, 16.069532037850255 ], [ -90.525644303487752, 16.069613368473892 ], [ -90.52564436438756, 16.069694699096694 ], [ -90.525644423417745, 16.069776028815266 ], [ -90.525644600513345, 16.070020052313705 ], [ -90.525644659544056, 16.070101382933643 ], [ -90.525644688079254, 16.070141693932587 ], [ -90.525644716705173, 16.070182712649352 ], [ -90.525644774801293, 16.070264043268171 ], [ -90.525654736668727, 16.070357081229325 ], [ -90.525654794768968, 16.070438410942959 ], [ -90.525654851934618, 16.070519741559938 ], [ -90.525654910969848, 16.07060107127224 ], [ -90.525654969070487, 16.070682401887872 ], [ -90.525646755717048, 16.070738872076426 ], [ -90.525652343649881, 16.070795065839182 ], [ -90.525726197056329, 16.070844865677177 ], [ -90.527042987691502, 16.070861556639759 ], [ -90.528414147011745, 16.070817535762579 ], [ -90.528461733746582, 16.070863626914893 ], [ -90.528526985899362, 16.070834872949959 ], [ -90.52860211691133, 16.070792721620418 ], [ -90.528597830610195, 16.070712387620485 ], [ -90.528598990210995, 16.070637071091642 ], [ -90.528600142071568, 16.070553386679773 ], [ -90.528596361202432, 16.07048405251793 ], [ -90.528598614056662, 16.070412093660359 ], [ -90.5285987554945, 16.070407539119373 ], [ -90.528603624183404, 16.070331023581904 ], [ -90.528613436989815, 16.070254502863719 ], [ -90.528613368526422, 16.070187557091099 ], [ -90.528610807975724, 16.070101484284731 ], [ -90.528608258142327, 16.070024975159516 ], [ -90.528618063363055, 16.069941282355341 ], [ -90.528618030796366, 16.069909651975067 ], [ -90.528617985117592, 16.069864771994801 ], [ -90.528620372759917, 16.069781085603903 ], [ -90.528615349471224, 16.069704579518696 ], [ -90.528610319894042, 16.069623291139923 ], [ -90.528623642129531, 16.069568225643629 ], [ -90.528603787221371, 16.069496516486996 ], [ -90.528608035036569, 16.069425491037798 ], [ -90.52860864959446, 16.069415218649958 ], [ -90.528606086845116, 16.069326756046458 ], [ -90.528615907170987, 16.069257407405154 ], [ -90.528603467629821, 16.069183300232993 ], [ -90.52860832684955, 16.06909961169896 ], [ -90.528602810015329, 16.069023106578388 ], [ -90.528606670378409, 16.06892937635331 ], [ -90.528620451991841, 16.068864330431097 ], [ -90.52861046870585, 16.068774438917206 ], [ -90.528622258233085, 16.068696003559609 ], [ -90.528614279885716, 16.068630977717753 ], [ -90.528614204994142, 16.068558291555835 ], [ -90.528616111185528, 16.068487516780955 ], [ -90.528612084571208, 16.068418661681736 ], [ -90.528619909497863, 16.068332579338325 ], [ -90.528623787258681, 16.068256064822013 ], [ -90.528621729802524, 16.068177643061695 ], [ -90.52861761516867, 16.06802271209548 ], [ -90.52862545843098, 16.067953844560286 ], [ -90.528615490463707, 16.067879257102451 ], [ -90.528591570005432, 16.067811605879687 ], [ -90.53140437604128, 16.067832813887605 ], [ -90.531369387017747, 16.067873716627869 ], [ -90.531370202181861, 16.067945507867421 ], [ -90.531371067606173, 16.068021868083818 ], [ -90.531371827797543, 16.068088831843358 ], [ -90.531373674240299, 16.068251422347959 ], [ -90.531374569981409, 16.068330339562131 ], [ -90.531375465719577, 16.068409233275489 ], [ -90.531376278992909, 16.06848085910633 ], [ -90.53138128295015, 16.068546781000602 ], [ -90.531375417384737, 16.06861373307402 ], [ -90.531377484602288, 16.068699805929729 ], [ -90.531369652170298, 16.068778237242132 ], [ -90.53136775128867, 16.068852837149429 ], [ -90.531369810762897, 16.068931258876429 ], [ -90.53136741006648, 16.069001794222416 ], [ -90.531361545418306, 16.069068747196361 ], [ -90.531363612634962, 16.069154820048571 ], [ -90.53135578018005, 16.069233251357161 ], [ -90.531353880223918, 16.069307850357212 ], [ -90.531355938763241, 16.069386273888867 ], [ -90.531377534591229, 16.069465870471777 ], [ -90.531371669933293, 16.069532824346968 ], [ -90.531373737159342, 16.069618896291487 ], [ -90.531365904690588, 16.069697327597076 ], [ -90.531364002864549, 16.06977192659426 ], [ -90.531366063282533, 16.069850350122135 ], [ -90.53137282226443, 16.069930679189749 ], [ -90.531366957591459, 16.069997632158078 ], [ -90.531369023886, 16.070083705002876 ], [ -90.531361192332199, 16.07016213540096 ], [ -90.531359291435265, 16.070236735298579 ], [ -90.5313613509216, 16.070315157919374 ], [ -90.531361310322978, 16.070539270415452 ], [ -90.531353477814164, 16.070617702617803 ], [ -90.531351576910339, 16.070692302512196 ], [ -90.531353636398535, 16.070770724225873 ], [ -90.531378216977288, 16.070843066026402 ], [ -90.531372351345297, 16.070910019893219 ], [ -90.53137441858712, 16.0709960927305 ], [ -90.531414985500987, 16.072112632384869 ], [ -90.531392056609121, 16.073852083117224 ], [ -90.530940749068094, 16.0738405641398 ], [ -90.528461726396088, 16.073854895308575 ], [ -90.525741588076272, 16.073857468661622 ], [ -90.525721720711616, 16.072542455470771 ], [ -90.525722534494392, 16.072233669852306 ], [ -90.524970106320481, 16.0722340400512 ], [ -90.524970612142639, 16.071800300225551 ], [ -90.524994174626599, 16.07173214596008 ], [ -90.525057142755159, 16.071642425638629 ], [ -90.525168286840454, 16.071509622847564 ], [ -90.525216302276604, 16.071305150893661 ], [ -90.525201288787869, 16.071129428922326 ], [ -90.525186314878255, 16.070993157472333 ], [ -90.525171288636884, 16.070841992313849 ], [ -90.524671989157881, 16.070875220994736 ], [ -90.522851368503694, 16.070864958267371 ], [ -90.52284856475174, 16.07089509759 ], [ -90.522822900889835, 16.073854191618128 ], [ -90.521258829938432, 16.073864598781395 ], [ -90.519549482115821, 16.073878114380566 ], [ -90.518340844250005, 16.073846334298512 ], [ -90.517258967698623, 16.073844320103429 ], [ -90.517239307822507, 16.07268471835669 ], [ -90.517186725718318, 16.072648901034643 ], [ -90.517183052187079, 16.072042196392228 ] ] ] ] } },
{ "type": "Feature", "properties": { "OBJECTID": 10, "Id": 0, "Shape_Leng": 6300.7697813200002, "Shape_Area": 887222.31981599994 }, "geometry": { "type": "MultiPolygon", "coordinates": [ [ [ [ -90.500060090538113, 16.073856255406202 ], [ -90.500052175350646, 16.073284820715049 ], [ -90.500069180758985, 16.071516688305387 ], [ -90.500403028482552, 16.071534348347445 ], [ -90.500974262968739, 16.071548227904884 ], [ -90.501525701156751, 16.071545384774289 ], [ -90.501815046152657, 16.071573838563019 ], [ -90.502101895039303, 16.07157599343881 ], [ -90.502368977792571, 16.07159490018644 ], [ -90.50264839390141, 16.071580323164103 ], [ -90.502937007077804, 16.071539546528683 ], [ -90.503090974751899, 16.07151779220176 ], [ -90.503375321484086, 16.071486473872572 ], [ -90.503723974153758, 16.07146944760937 ], [ -90.504186366313604, 16.07144037110919 ], [ -90.504381721585546, 16.071442598815775 ], [ -90.504438638815756, 16.071490370865323 ], [ -90.504502917100623, 16.071473580428052 ], [ -90.504854006621343, 16.07141590323069 ], [ -90.504982580365322, 16.071401449452868 ], [ -90.504972620052897, 16.071324947450705 ], [ -90.504943894115925, 16.071304058233832 ], [ -90.504950560902458, 16.07046482293379 ], [ -90.505184164725634, 16.070378552631496 ], [ -90.505288057836907, 16.070417916566939 ], [ -90.50536589557791, 16.070356881858181 ], [ -90.505358164866422, 16.070009002928803 ], [ -90.505294889804532, 16.069765178003642 ], [ -90.505168734799341, 16.069718659695415 ], [ -90.505139000155339, 16.069650542319984 ], [ -90.504912668591061, 16.06957183003988 ], [ -90.504727324240051, 16.069701097158717 ], [ -90.504694214555713, 16.070005972528232 ], [ -90.504549655200904, 16.070117273578393 ], [ -90.504534949568665, 16.07026433010855 ], [ -90.504067604617376, 16.070282652494235 ], [ -90.503674428582187, 16.070282980472484 ], [ -90.503633601887813, 16.070254322655927 ], [ -90.50365177789817, 16.069838279032787 ], [ -90.503625695746933, 16.069705601769574 ], [ -90.503547760472358, 16.069659042817879 ], [ -90.502894898225875, 16.069609374990048 ], [ -90.502860736838301, 16.068730723070143 ], [ -90.504155138649026, 16.068614881932405 ], [ -90.505286363706077, 16.068531446573672 ], [ -90.505943968886697, 16.068516547359632 ], [ -90.50594373787564, 16.068260705893174 ], [ -90.505964971223293, 16.06781238255093 ], [ -90.505950593353646, 16.067341143848367 ], [ -90.505948181580393, 16.064665657725925 ], [ -90.508581610193502, 16.064627555858607 ], [ -90.508569164294002, 16.067238500085775 ], [ -90.508557384481435, 16.067813475965757 ], [ -90.508638661892405, 16.06781310031355 ], [ -90.509272321238498, 16.067824512088691 ], [ -90.509633978843411, 16.067839144892552 ], [ -90.510582960634437, 16.067898099199038 ], [ -90.510839522585243, 16.067909831954303 ], [ -90.511395936441531, 16.067951191468328 ], [ -90.511427494498406, 16.067963963060031 ], [ -90.511765027694025, 16.067963669102081 ], [ -90.514053587143238, 16.067965249335465 ], [ -90.514194527554793, 16.067957952257522 ], [ -90.514246482945495, 16.067986598286879 ], [ -90.514265666938897, 16.068660833678393 ], [ -90.514289291468273, 16.070109738005335 ], [ -90.511407181399946, 16.070140624866095 ], [ -90.511445686506676, 16.070926105749912 ], [ -90.51283465664055, 16.070938738783635 ], [ -90.514038273472892, 16.070949678505901 ], [ -90.514261898477613, 16.070951710049737 ], [ -90.514324069974464, 16.070952274422869 ], [ -90.514361109524145, 16.072256274329092 ], [ -90.514382884048501, 16.072271557946618 ], [ -90.514411095459991, 16.072816673257464 ], [ -90.514450682383483, 16.07283959142767 ], [ -90.514474801376821, 16.073241252664541 ], [ -90.514508543293317, 16.073357901800907 ], [ -90.514520711220939, 16.073673498830839 ], [ -90.514536379017073, 16.073846152889878 ], [ -90.51187063057094, 16.073834147852271 ], [ -90.510268223039063, 16.073835537702664 ], [ -90.508151460511272, 16.073837355152211 ], [ -90.506222622372732, 16.073824647560507 ], [ -90.504041571242993, 16.073831258225848 ], [ -90.502721071608747, 16.073837136966969 ], [ -90.501430238963422, 16.073833418375788 ], [ -90.500084823749901, 16.073861017805413 ], [ -90.500060090538113, 16.073856255406202 ] ] ] ] } },
{ "type": "Feature", "properties": { "OBJECTID": 11, "Id": 0, "Shape_Leng": 21277.844920799998, "Shape_Area": 2156716.7994900001 }, "geometry": { "type": "MultiPolygon", "coordinates": [ [ [ [ -90.468335709513909, 16.047914019039638 ], [ -90.468186255397754, 16.047844255361149 ], [ -90.468186281283394, 16.047681175294883 ], [ -90.467821781378689, 16.047504298579621 ], [ -90.467821820727707, 16.047259200784392 ], [ -90.467942629262026, 16.047321165580904 ], [ -90.468069845842479, 16.047314228492198 ], [ -90.468186347332932, 16.047265053437652 ], [ -90.468186359803056, 16.047186488443344 ], [ -90.468478007305094, 16.047023837398957 ], [ -90.468478020098217, 16.046942490332992 ], [ -90.468578310232928, 16.046886559064067 ], [ -90.468717701561658, 16.04688657945271 ], [ -90.468943113962638, 16.046764591627738 ], [ -90.46923447729381, 16.046764633645729 ], [ -90.469354791624994, 16.046697533220886 ], [ -90.469354772809851, 16.046820596873605 ], [ -90.469536086117103, 16.046921785031145 ], [ -90.469571607132565, 16.046901974834498 ], [ -90.469571613141824, 16.046862390447558 ], [ -90.469412114464006, 16.046773376763078 ], [ -90.469508772277067, 16.046611657192514 ], [ -90.469700441441518, 16.046504761780721 ], [ -90.469701778574446, 16.046439373385116 ], [ -90.469609961007691, 16.046439360387097 ], [ -90.469613765448315, 16.04583323754354 ], [ -90.469730219857752, 16.045833864123008 ], [ -90.469708969007797, 16.046371844580605 ], [ -90.469693911353417, 16.04692775116332 ], [ -90.469691012413747, 16.047196736584038 ], [ -90.469660469903957, 16.047707824122661 ], [ -90.469654328817228, 16.047764613445636 ], [ -90.469635802473903, 16.047788535896817 ], [ -90.469637423071063, 16.047820393443732 ], [ -90.469636850927444, 16.047821147178794 ], [ -90.469584911018401, 16.04785940276097 ], [ -90.469411797172384, 16.047872531041236 ], [ -90.469149657853308, 16.047855753148674 ], [ -90.468992510526164, 16.047849535441163 ], [ -90.468628304001243, 16.047863920641642 ], [ -90.468416876361502, 16.047900121571885 ], [ -90.468335709513909, 16.047914019039638 ] ] ], [ [ [ -90.475889081798641, 16.051841911380315 ], [ -90.475730242310888, 16.051756888508542 ], [ -90.475308596021307, 16.051764112763721 ], [ -90.475235737853481, 16.051806440064997 ], [ -90.475068495003555, 16.051809304876407 ], [ -90.474966479463518, 16.051754698275932 ], [ -90.474964318207142, 16.051636713186262 ], [ -90.475039023571981, 16.051630121041129 ], [ -90.476144284976144, 16.051637681150535 ], [ -90.476144278312375, 16.051693653334286 ], [ -90.475889081798641, 16.051841911380315 ] ] ], [ [ [ -90.47354950308268, 16.054401445452157 ], [ -90.473659363429562, 16.054337624176206 ], [ -90.473845856757507, 16.054437449867535 ], [ -90.473848190011367, 16.05456485313432 ], [ -90.473552474632356, 16.054563713227317 ], [ -90.47354950308268, 16.054401445452157 ] ] ], [ [ [ -90.479269356127929, 16.054540325396253 ], [ -90.479271797050416, 16.054473525269952 ], [ -90.479159626234036, 16.054480374653622 ], [ -90.479087934966969, 16.054499552910254 ], [ -90.478494502893739, 16.054490410416825 ], [ -90.477404097016333, 16.054507917053723 ], [ -90.476682270993877, 16.05450645138929 ], [ -90.476680269342921, 16.05417275486209 ], [ -90.47675882011589, 16.054125686973766 ], [ -90.476847008959695, 16.053979553890315 ], [ -90.477092226818613, 16.054107205586835 ], [ -90.477236682438431, 16.054110476671298 ], [ -90.477459131073573, 16.054228822139258 ], [ -90.477596248100539, 16.054225624217388 ], [ -90.477670473301103, 16.05426633801369 ], [ -90.477817716854091, 16.054265299412801 ], [ -90.477965579502168, 16.054346404089021 ], [ -90.478240042219255, 16.054344468060869 ], [ -90.478506028055506, 16.054193569074965 ], [ -90.478505408737732, 16.054111426600638 ], [ -90.478679292677057, 16.054012778173824 ], [ -90.478846558638907, 16.054011598047897 ], [ -90.478994477597254, 16.054092731849032 ], [ -90.479240796436883, 16.054091757095453 ], [ -90.47924019448385, 16.054046603113978 ], [ -90.479057177416308, 16.054049219138847 ], [ -90.478769882045995, 16.05389544409168 ], [ -90.478551305442522, 16.054022429425753 ], [ -90.478476940782286, 16.053982625198479 ], [ -90.478441081845745, 16.054003458180659 ], [ -90.478442588185203, 16.054085590802803 ], [ -90.478296870515493, 16.054170247492777 ], [ -90.478298376797099, 16.054252379210734 ], [ -90.47826137643014, 16.054273875476746 ], [ -90.478187010799644, 16.054234071149644 ], [ -90.4781141523396, 16.054276399419525 ], [ -90.477891057491334, 16.054156987111313 ], [ -90.477818198062238, 16.05419931528073 ], [ -90.477520738985433, 16.054040098105087 ], [ -90.477447880455529, 16.05408242614908 ], [ -90.477224786221171, 16.053963013145736 ], [ -90.477151926722215, 16.054005341089251 ], [ -90.476926400766871, 16.053884625963025 ], [ -90.476853540561962, 16.053916585675626 ], [ -90.476629234415114, 16.053806254766855 ], [ -90.476558115630951, 16.053829693920672 ], [ -90.476451300123827, 16.05377251875224 ], [ -90.476447319095172, 16.053709517758261 ], [ -90.476372022182332, 16.053669213769002 ], [ -90.476369011208078, 16.053504948490779 ], [ -90.476294647174285, 16.053465144408822 ], [ -90.476290130814064, 16.053218746484351 ], [ -90.476215766902143, 16.053178942374117 ], [ -90.476212760711974, 16.053014882262158 ], [ -90.476136486362975, 16.052974870928697 ], [ -90.476136496170014, 16.052892530564975 ], [ -90.476060617338177, 16.052851915472456 ], [ -90.476060622126653, 16.052811838503874 ], [ -90.476134617174594, 16.052768851238177 ], [ -90.476132371635188, 16.052646342362468 ], [ -90.476021408898887, 16.052586947546171 ], [ -90.475875691299265, 16.05267160260146 ], [ -90.475763562181498, 16.052611582956107 ], [ -90.475762056950401, 16.052529451209146 ], [ -90.475464601988932, 16.052370231159752 ], [ -90.475463104310265, 16.052288503433463 ], [ -90.475385312419547, 16.052248493464354 ], [ -90.475385337613389, 16.052043409462822 ], [ -90.475456682190227, 16.051996334886976 ], [ -90.475456691835362, 16.051917591862736 ], [ -90.475566171629666, 16.051853990089025 ], [ -90.475863625906399, 16.052013209100288 ], [ -90.476118059883063, 16.051865394795509 ], [ -90.476116555446637, 16.051783262141388 ], [ -90.476226413541056, 16.051719438626648 ], [ -90.476300776913774, 16.051759243641712 ], [ -90.476336635670279, 16.051738411916983 ], [ -90.476335614688509, 16.051622080118431 ], [ -90.476360972791966, 16.051618233394702 ], [ -90.476332236660099, 16.051590422189978 ], [ -90.476321489488683, 16.050442769705356 ], [ -90.476325913652758, 16.049744607339655 ], [ -90.47629546169064, 16.048697388982209 ], [ -90.477822339133269, 16.048707506587487 ], [ -90.478360366220883, 16.048714777070266 ], [ -90.479009152327379, 16.048706666214997 ], [ -90.479481912613338, 16.048723543606584 ], [ -90.480405648326496, 16.048721208618492 ], [ -90.481102915422397, 16.048738638829153 ], [ -90.481866907734471, 16.048712981080985 ], [ -90.48277923870198, 16.048672867264067 ], [ -90.483966067091586, 16.048689929240169 ], [ -90.484945182644708, 16.048682034568035 ], [ -90.484989701652921, 16.048699934044453 ], [ -90.485046225062405, 16.048741110455722 ], [ -90.485346025331452, 16.04874985428048 ], [ -90.486409208275148, 16.048743084856692 ], [ -90.48723441773646, 16.048745455795899 ], [ -90.487790741076239, 16.048751013483194 ], [ -90.487855659098244, 16.048768897256053 ], [ -90.487889679369729, 16.048795769923746 ], [ -90.487899430665806, 16.04884815255987 ], [ -90.487899475293958, 16.048929483355348 ], [ -90.487899519922237, 16.049010812342484 ], [ -90.487899566419856, 16.049092142232961 ], [ -90.487899610113345, 16.049173473026539 ], [ -90.487899656610992, 16.049254802915787 ], [ -90.487899702173948, 16.04933613280436 ], [ -90.487899746802185, 16.049417463596129 ], [ -90.487899790495774, 16.049498793483387 ], [ -90.487899836058844, 16.04958012246626 ], [ -90.487899877880722, 16.049661491217979 ], [ -90.487899923443621, 16.049742822911199 ], [ -90.487900009896236, 16.049905482680082 ], [ -90.48790003248142, 16.049949399244504 ], [ -90.48790005172043, 16.04998681346737 ], [ -90.487900095414105, 16.050068143350313 ], [ -90.487900148454855, 16.050149472329295 ], [ -90.487900181866792, 16.050230803114264 ], [ -90.487900200834147, 16.050257236387981 ], [ -90.487900239581165, 16.050312130284567 ], [ -90.487952772973557, 16.050382720792211 ], [ -90.487977544743572, 16.050439487059268 ], [ -90.487983938217354, 16.050702488756301 ], [ -90.487984775107705, 16.050868429550317 ], [ -90.48786590845603, 16.050938111964111 ], [ -90.487790081911371, 16.050902151358574 ], [ -90.48766751125244, 16.050966797164921 ], [ -90.4875628264178, 16.051101128530508 ], [ -90.487485674083672, 16.050981326955881 ], [ -90.487420669398389, 16.051007906460786 ], [ -90.487313491762833, 16.050946486737971 ], [ -90.487314449374864, 16.050865145170871 ], [ -90.487210345038037, 16.050805486289285 ], [ -90.48708165750449, 16.050870923173836 ], [ -90.487078326766223, 16.050876997789732 ], [ -90.487244068408643, 16.050963321455441 ], [ -90.487240328456522, 16.051098635716727 ], [ -90.487278684737703, 16.05113173720602 ], [ -90.487347686454996, 16.051102328911092 ], [ -90.487378802615879, 16.05111932414377 ], [ -90.487385020920613, 16.051183186459593 ], [ -90.487494638931125, 16.051189302951435 ], [ -90.487647697106212, 16.05118401071292 ], [ -90.487716386119288, 16.051223373976978 ], [ -90.487748565658336, 16.051215777101312 ], [ -90.487748947130015, 16.051183364845052 ], [ -90.487640572920967, 16.051121259191547 ], [ -90.487863124260869, 16.050995122528263 ], [ -90.487985757026678, 16.051063076818565 ], [ -90.487987617420444, 16.051431728170709 ], [ -90.487998589004974, 16.051572002721826 ], [ -90.488024942725204, 16.051593018848692 ], [ -90.48804801356529, 16.051601663711832 ], [ -90.488737865732816, 16.051608314592592 ], [ -90.488880561081046, 16.051620322540977 ], [ -90.488915734104339, 16.051619958301533 ], [ -90.488908035439124, 16.052454967178722 ], [ -90.488986600638825, 16.052489114389683 ], [ -90.488970036042502, 16.053552557854719 ], [ -90.489430424902451, 16.053563195943255 ], [ -90.489429130154122, 16.053601799563037 ], [ -90.489429266464725, 16.053657939864522 ], [ -90.489429310778632, 16.053739274238982 ], [ -90.489429357896952, 16.053820604093708 ], [ -90.489429404080525, 16.053901934851606 ], [ -90.489429450264169, 16.053983264705035 ], [ -90.489429497382531, 16.054064594557914 ], [ -90.489429543566146, 16.054145925313964 ], [ -90.489429589749818, 16.054227255165546 ], [ -90.489429636868252, 16.054308585016578 ], [ -90.489429681182486, 16.054389915770681 ], [ -90.489436002397014, 16.054448641400615 ], [ -90.488032209453436, 16.054466946590061 ], [ -90.486345901450221, 16.054477777895947 ], [ -90.485099695167321, 16.054459577063923 ], [ -90.485050281379813, 16.054507432784668 ], [ -90.485060887550418, 16.055411207905568 ], [ -90.485066555864705, 16.056324550821255 ], [ -90.485077359595252, 16.05747698639993 ], [ -90.483519600082744, 16.057482916303019 ], [ -90.482134923287433, 16.057488708381218 ], [ -90.482124019278814, 16.056183251714891 ], [ -90.48211782193745, 16.054571749729799 ], [ -90.480866672222206, 16.054558307972208 ], [ -90.479343545251709, 16.054554618001731 ], [ -90.479269356127929, 16.054540325396253 ] ], [ [ -90.487029627961675, 16.050831288653487 ], [ -90.487143838381584, 16.050772611775464 ], [ -90.487098653351666, 16.050738028429862 ], [ -90.487098657782667, 16.050669204307898 ], [ -90.487027492164358, 16.050614735450985 ], [ -90.487028257182772, 16.050550297787982 ], [ -90.486994056806267, 16.050530517535751 ], [ -90.486922937268318, 16.050573210466268 ], [ -90.486666386118287, 16.050430906013347 ], [ -90.486667676715584, 16.050349987470788 ], [ -90.486374442816981, 16.050193728457227 ], [ -90.486375731654704, 16.0501129048195 ], [ -90.486158594569417, 16.050002802130688 ], [ -90.486160019558042, 16.049805974890411 ], [ -90.486236786237882, 16.049766076392107 ], [ -90.486234873361028, 16.049500980674601 ], [ -90.486160492654918, 16.049465580875768 ], [ -90.486161808796282, 16.04938307606314 ], [ -90.485949358474215, 16.049269740364409 ], [ -90.485950681270623, 16.049186855932462 ], [ -90.485749281082661, 16.04906251721194 ], [ -90.485738178885441, 16.048995383455821 ], [ -90.485477542123448, 16.048854788288818 ], [ -90.485407097255333, 16.048878006282315 ], [ -90.485264326214732, 16.048882453428742 ], [ -90.48511581033739, 16.048889636054007 ], [ -90.48502013322279, 16.048889629388047 ], [ -90.485020860199555, 16.049005055495403 ], [ -90.485177624023549, 16.048933112207557 ], [ -90.485343235498803, 16.048925693898997 ], [ -90.485735720927408, 16.049135796453218 ], [ -90.485733949480121, 16.049217397378488 ], [ -90.485950849302696, 16.04933655984 ], [ -90.485949094430424, 16.049409611190885 ], [ -90.486005801281607, 16.049439638292526 ], [ -90.486097643602406, 16.049533932740214 ], [ -90.486019107765685, 16.049571494605956 ], [ -90.48601729904766, 16.049840558913068 ], [ -90.486092067885025, 16.049874263151466 ], [ -90.486092064914629, 16.049917063451932 ], [ -90.486015578966786, 16.049964494653263 ], [ -90.486015854674193, 16.049991695318269 ], [ -90.486089039299841, 16.050024723369511 ], [ -90.486084937271926, 16.050167524238798 ], [ -90.486031964130945, 16.050167137557668 ], [ -90.485943006620616, 16.050077789177241 ], [ -90.485941232511394, 16.050078503107219 ], [ -90.485936417412759, 16.050258242718368 ], [ -90.486124010516505, 16.050356577319913 ], [ -90.486156319506662, 16.050341142450783 ], [ -90.486158146114605, 16.050257008025291 ], [ -90.486282545542196, 16.050213186232646 ], [ -90.486365676379975, 16.050329459974439 ], [ -90.486449229626928, 16.050379165610448 ], [ -90.486449224289203, 16.050458101172371 ], [ -90.486482826656896, 16.050473937045837 ], [ -90.48655740448531, 16.050433646927523 ], [ -90.486812172974453, 16.050577638900489 ], [ -90.486810443203638, 16.050657348055751 ], [ -90.486921284139285, 16.050710938149869 ], [ -90.487024490064755, 16.050684403593369 ], [ -90.487029627961675, 16.050831288653487 ] ] ], [ [ [ -90.465446597127581, 16.059966175771418 ], [ -90.465446003201762, 16.059778661875779 ], [ -90.465408605194938, 16.059793850549234 ], [ -90.465270166323108, 16.059839368891321 ], [ -90.464454201881551, 16.059863801816963 ], [ -90.463326680700547, 16.059890822292356 ], [ -90.462710983319042, 16.059888820604129 ], [ -90.461805177140235, 16.059913778225212 ], [ -90.461782097706703, 16.059911920301438 ], [ -90.461784901237152, 16.059484533781937 ], [ -90.461776371212565, 16.058688801611183 ], [ -90.46175729126486, 16.058649900794066 ], [ -90.461767544781836, 16.057502124772881 ], [ -90.46176810162234, 16.057439828448516 ], [ -90.46176709290549, 16.055937109853797 ], [ -90.461732506089945, 16.054136738161137 ], [ -90.461769594770175, 16.054136715858775 ], [ -90.462255508494493, 16.054208138817497 ], [ -90.462689473837145, 16.054243730027348 ], [ -90.463027039725077, 16.05432600415871 ], [ -90.463290383240121, 16.05434376953059 ], [ -90.463958051563779, 16.054440178762615 ], [ -90.464655425188482, 16.054583190902093 ], [ -90.464671690659202, 16.054559687011107 ], [ -90.464681456869329, 16.054377968442964 ], [ -90.464689896933066, 16.052264353788122 ], [ -90.464688527818069, 16.052135733068713 ], [ -90.464765379958706, 16.052181347958289 ], [ -90.464825398691303, 16.052217831113619 ], [ -90.464898255884989, 16.052258465053832 ], [ -90.46489829304609, 16.052339794911695 ], [ -90.464971149360551, 16.05238044961531 ], [ -90.465043969426546, 16.052339731955655 ], [ -90.465116825770806, 16.052380385705931 ], [ -90.465189645807442, 16.052339667092859 ], [ -90.46526250124694, 16.052380318985797 ], [ -90.465335323122858, 16.052339603938883 ], [ -90.465408178592469, 16.052380253070787 ], [ -90.465480998569419, 16.052339537974003 ], [ -90.465553855003222, 16.052380187960441 ], [ -90.465626675884891, 16.052339475525805 ], [ -90.465626636558738, 16.052258145667192 ], [ -90.46569945550938, 16.052217447668625 ], [ -90.465772276299745, 16.052176750549275 ], [ -90.465772235979657, 16.05209542068917 ], [ -90.465772225894966, 16.052072379594012 ], [ -90.465772198463824, 16.052014089925059 ], [ -90.465772159078369, 16.051932760063885 ], [ -90.465844977881162, 16.051892062014346 ], [ -90.46584493940081, 16.051810732152354 ], [ -90.465844901855277, 16.051729401386044 ], [ -90.465788412785159, 16.051625758065807 ], [ -90.464732560918932, 16.051626438327688 ], [ -90.464683108405552, 16.051626470856622 ], [ -90.463735854807211, 16.051625242480448 ], [ -90.463651768647111, 16.051625133329114 ], [ -90.463650010845228, 16.051581814833945 ], [ -90.463638424110385, 16.05073255075019 ], [ -90.463187825883367, 16.05061963553889 ], [ -90.462935595235976, 16.050576757424803 ], [ -90.462798388811507, 16.050605535924344 ], [ -90.4627638971387, 16.050627007359221 ], [ -90.462775841557118, 16.051623993239186 ], [ -90.462750862443443, 16.051624114534562 ], [ -90.461731300056385, 16.051622629713385 ], [ -90.461746793356269, 16.048681839408161 ], [ -90.464239096557023, 16.048657582730041 ], [ -90.464234704842042, 16.048733878301018 ], [ -90.464319856408309, 16.048733234486583 ], [ -90.464451548533489, 16.048804481136752 ], [ -90.464523892735954, 16.048762880491683 ], [ -90.464855380993896, 16.048942218583129 ], [ -90.464856491166984, 16.049023558584466 ], [ -90.464892277215966, 16.049042918720442 ], [ -90.464964621413287, 16.04900131883139 ], [ -90.465111531205892, 16.049080797171982 ], [ -90.465256220442072, 16.048997596317648 ], [ -90.465440799693141, 16.049097454356708 ], [ -90.465441910104587, 16.049178794354305 ], [ -90.465551151761233, 16.049237893399191 ], [ -90.465586396054306, 16.049217626472963 ], [ -90.465584745584636, 16.049096705626781 ], [ -90.465217470354688, 16.04889800949212 ], [ -90.465215265414599, 16.048736439427973 ], [ -90.465864209051873, 16.048750502020003 ], [ -90.467002028832241, 16.048720169655574 ], [ -90.467003175377656, 16.04865400394613 ], [ -90.46700058667993, 16.048424503620446 ], [ -90.466999725947787, 16.048139950578683 ], [ -90.46700830060405, 16.0471417195062 ], [ -90.46702063549904, 16.047102858295695 ], [ -90.467038326343669, 16.045880470337263 ], [ -90.467053758143493, 16.045850573140186 ], [ -90.467177376584985, 16.045841525520945 ], [ -90.468098210825502, 16.045828054272679 ], [ -90.468098184810216, 16.045991518505907 ], [ -90.467881324377089, 16.046112151852608 ], [ -90.467881958944062, 16.04619432514615 ], [ -90.467719644705383, 16.046277674282944 ], [ -90.467720271858425, 16.046359044046191 ], [ -90.4675212470936, 16.046458147138878 ], [ -90.467521220528951, 16.046622091309292 ], [ -90.467449805661957, 16.046653404521354 ], [ -90.467451138489622, 16.046826269956934 ], [ -90.467277162667969, 16.046839508462938 ], [ -90.467194329690685, 16.046875878729356 ], [ -90.46702879718687, 16.046795925316953 ], [ -90.467026513621946, 16.046961500594893 ], [ -90.467121354890196, 16.046900298784049 ], [ -90.467156766840077, 16.046920062511873 ], [ -90.467168792260622, 16.04698993606171 ], [ -90.467254581202624, 16.047002361843475 ], [ -90.467519934250291, 16.046853771182501 ], [ -90.467518651705603, 16.046687478598521 ], [ -90.467593316392779, 16.046645064691528 ], [ -90.467589552998518, 16.046577924770173 ], [ -90.467663813355003, 16.04653856038826 ], [ -90.467663182558809, 16.046456737793683 ], [ -90.467753774662299, 16.04641089971247 ], [ -90.46775315572927, 16.046330638982699 ], [ -90.467824268879227, 16.046367035310656 ], [ -90.467882787545093, 16.046343038565769 ], [ -90.467882185972201, 16.046264945285955 ], [ -90.467954775238525, 16.046223747530682 ], [ -90.467954147052041, 16.046142402170915 ], [ -90.468118184315998, 16.046049302308738 ], [ -90.468118193917391, 16.04598893554973 ], [ -90.468316625654722, 16.045875982017879 ], [ -90.468316633514192, 16.045826257262856 ], [ -90.469560058816839, 16.04583294882428 ], [ -90.469559980198952, 16.046350652446694 ], [ -90.469418074180041, 16.046435306415848 ], [ -90.469417612684936, 16.046605278345321 ], [ -90.469084534876202, 16.046694898536451 ], [ -90.468942702827903, 16.04661900110089 ], [ -90.46883484097458, 16.04668148982292 ], [ -90.468835680246286, 16.046766127955909 ], [ -90.46872795560094, 16.046811144196433 ], [ -90.468637123955091, 16.046781270223807 ], [ -90.468582321918831, 16.04674330927098 ], [ -90.468331812511508, 16.046880559143194 ], [ -90.468334952355747, 16.04696187142488 ], [ -90.468116147028326, 16.04708150052506 ], [ -90.468120184646921, 16.047247435582907 ], [ -90.468079948571798, 16.047263254310447 ], [ -90.467848405118062, 16.047142341579072 ], [ -90.467649600603878, 16.047244880373299 ], [ -90.467562465425758, 16.047210340798149 ], [ -90.467416441094088, 16.047286597792578 ], [ -90.467379675035986, 16.047264731532419 ], [ -90.46738088850951, 16.047222985307116 ], [ -90.467529007615639, 16.047145634083773 ], [ -90.467536083332405, 16.04690234415559 ], [ -90.467341025353932, 16.047014882595661 ], [ -90.467388767930601, 16.047021797134608 ], [ -90.467388759465479, 16.047073825813278 ], [ -90.467315847395838, 16.047114488240737 ], [ -90.467315820865863, 16.047277182367594 ], [ -90.467164868655445, 16.047319631502361 ], [ -90.467165223435259, 16.047344901570309 ], [ -90.467358068309963, 16.047342562018329 ], [ -90.467441864684204, 16.047366366971996 ], [ -90.467495727752421, 16.047395860746235 ], [ -90.467566678660191, 16.047351003165058 ], [ -90.46768032620399, 16.047415026009716 ], [ -90.46768030624952, 16.047538773871374 ], [ -90.467605168843249, 16.047577799176064 ], [ -90.467605163157373, 16.04761297816437 ], [ -90.467642538999556, 16.047627325297224 ], [ -90.467758153064736, 16.04757083995397 ], [ -90.467758134131572, 16.047688536496512 ], [ -90.468119353213041, 16.047861698884201 ], [ -90.468143461178798, 16.047946936111181 ], [ -90.468106490409895, 16.047953265741238 ], [ -90.468151897644873, 16.048676547258939 ], [ -90.468171461600249, 16.048677147614139 ], [ -90.468426017460445, 16.048708030261821 ], [ -90.468806790016956, 16.048712561010756 ], [ -90.469024369495997, 16.048707634916408 ], [ -90.469271622859281, 16.048707470756582 ], [ -90.46968205541161, 16.048697633791651 ], [ -90.469677897398597, 16.048744182700126 ], [ -90.470258208756121, 16.048733086026974 ], [ -90.470386793510926, 16.048752127293163 ], [ -90.470414564936519, 16.048746959263561 ], [ -90.470497778255705, 16.048731470504759 ], [ -90.470490409384553, 16.048799617534211 ], [ -90.470472581298722, 16.049800245275371 ], [ -90.470491407844634, 16.050194741273351 ], [ -90.470543444622578, 16.050352510178232 ], [ -90.470599113627443, 16.050402681833013 ], [ -90.470684434113309, 16.050427730333617 ], [ -90.47080683121311, 16.050434821523208 ], [ -90.471897010889691, 16.050136411853988 ], [ -90.471911806311084, 16.050082605434088 ], [ -90.471878362267461, 16.049992967448777 ], [ -90.471521798071223, 16.049275921140541 ], [ -90.471276629767232, 16.048738120219831 ], [ -90.471343530360798, 16.048731941375927 ], [ -90.471474965914098, 16.048725546953737 ], [ -90.471985543852469, 16.048751583896305 ], [ -90.472021467972183, 16.048830996873857 ], [ -90.472446174779208, 16.0497698194816 ], [ -90.472495670647589, 16.049831950580874 ], [ -90.472599506351912, 16.049817534723157 ], [ -90.472787375078212, 16.049755242301693 ], [ -90.472896381802997, 16.049731446737791 ], [ -90.472985146098495, 16.049712070231767 ], [ -90.473215618943769, 16.049657478231133 ], [ -90.473371250121758, 16.049654813172534 ], [ -90.473368885114368, 16.049712764517352 ], [ -90.473388935956137, 16.050080958212508 ], [ -90.473379524368667, 16.05073608727745 ], [ -90.473426511203797, 16.050748010450786 ], [ -90.47341708231275, 16.051379229772618 ], [ -90.473434572267038, 16.051627877293701 ], [ -90.473738705809467, 16.051637232632515 ], [ -90.47483635294266, 16.051645849739227 ], [ -90.474836346160416, 16.0516998560357 ], [ -90.474618148985925, 16.051826616887205 ], [ -90.474624167087299, 16.052155146633666 ], [ -90.474551307698206, 16.052197473700158 ], [ -90.47455431716412, 16.052361739021844 ], [ -90.474371598660653, 16.052467887774565 ], [ -90.474297234474591, 16.052428082996531 ], [ -90.474188516745301, 16.052491241320009 ], [ -90.474190761094547, 16.052613750216164 ], [ -90.474265124393398, 16.052653555934274 ], [ -90.474269638251627, 16.052899953007049 ], [ -90.47434400167235, 16.05293975869688 ], [ -90.474346271181901, 16.053063646873454 ], [ -90.47420055252924, 16.053148300784301 ], [ -90.47420205618964, 16.05323043344033 ], [ -90.474019336706974, 16.0533365827865 ], [ -90.473944973203771, 16.053296776985338 ], [ -90.473909113920072, 16.053317608306056 ], [ -90.473910618396886, 16.053399740962778 ], [ -90.47381035889623, 16.05345798585352 ], [ -90.473755641619292, 16.05345797915847 ], [ -90.473869228574756, 16.053863441053 ], [ -90.473896736794686, 16.0538170323162 ], [ -90.473919257911703, 16.053730446579422 ], [ -90.473964078185773, 16.053617694213742 ], [ -90.473962320306683, 16.053521723496022 ], [ -90.474253758233473, 16.053352415905373 ], [ -90.474252253616328, 16.053270283250498 ], [ -90.474397972335993, 16.053185629305531 ], [ -90.4743964685956, 16.053103496650415 ], [ -90.474469327412351, 16.053061169640547 ], [ -90.474467083822901, 16.052938660752272 ], [ -90.474392719443244, 16.052898856008845 ], [ -90.474388946172283, 16.052692834268679 ], [ -90.47446180484117, 16.052650507259532 ], [ -90.474460301078153, 16.052568375504595 ], [ -90.474606019199314, 16.052483720507883 ], [ -90.474604514443612, 16.052401588752485 ], [ -90.474677373895787, 16.05235926166878 ], [ -90.474674364329019, 16.052194996348657 ], [ -90.474747223691267, 16.052152669240257 ], [ -90.474745722590669, 16.052070760736097 ], [ -90.474817441576533, 16.052028211120284 ], [ -90.474817451926711, 16.05194585719228 ], [ -90.474917024252719, 16.051888010340736 ], [ -90.475231488604209, 16.051882623783747 ], [ -90.475333504281735, 16.051937230257586 ], [ -90.475335774392704, 16.052061118436111 ], [ -90.475262916122503, 16.052103445745299 ], [ -90.475265160189991, 16.052225954635471 ], [ -90.475339523559072, 16.052265759982241 ], [ -90.475344038730569, 16.052512157043157 ], [ -90.475390749687975, 16.052537161259039 ], [ -90.475537972532223, 16.052534638281625 ], [ -90.475714353138358, 16.05262904982256 ], [ -90.47571585741575, 16.052711182472816 ], [ -90.4758268210647, 16.052770577446744 ], [ -90.475899679458863, 16.052728249948618 ], [ -90.476011808682742, 16.052788269522217 ], [ -90.476016323757122, 16.053034666558023 ], [ -90.47609068757572, 16.053074471641722 ], [ -90.476092192945188, 16.053156604286261 ], [ -90.476166556824239, 16.053196408439405 ], [ -90.476172578437073, 16.05352493810414 ], [ -90.476321306529755, 16.053604548134118 ], [ -90.47632281199742, 16.05368668077309 ], [ -90.476397176118994, 16.053726484844574 ], [ -90.476398681618619, 16.05380861748213 ], [ -90.476696139458113, 16.05396783621736 ], [ -90.476698410432761, 16.054091725263028 ], [ -90.476625489080476, 16.054134088270484 ], [ -90.47663119417453, 16.05450634820798 ], [ -90.476528794704947, 16.054506139974183 ], [ -90.475762299910244, 16.054523411376149 ], [ -90.475252976586788, 16.05456919400336 ], [ -90.473964251344441, 16.054565300216257 ], [ -90.473946293860166, 16.054425982232907 ], [ -90.473546742619149, 16.054212109932912 ], [ -90.473544193323832, 16.0540729510844 ], [ -90.473718790590027, 16.054069960924451 ], [ -90.473845014172056, 16.053996632994977 ], [ -90.473722213959419, 16.05358206090424 ], [ -90.473622169313998, 16.053640180096128 ], [ -90.473625178037935, 16.053804445407696 ], [ -90.473479458542073, 16.053889098821049 ], [ -90.473480961911932, 16.053971231476034 ], [ -90.473408102555652, 16.054013558145432 ], [ -90.473414118732833, 16.054342087856092 ], [ -90.473314166162709, 16.054400153583348 ], [ -90.473166941922088, 16.05440267412644 ], [ -90.473048313962366, 16.054471588177311 ], [ -90.473049965631191, 16.054561775107448 ], [ -90.4723842527345, 16.054559206540464 ], [ -90.472328405502239, 16.054265156091251 ], [ -90.472283636783715, 16.053902956329498 ], [ -90.47224266403623, 16.053662692605787 ], [ -90.472204136438009, 16.053464023725891 ], [ -90.47216994475184, 16.05328771950288 ], [ -90.472008981116559, 16.052948312426484 ], [ -90.471949566145923, 16.052847932370007 ], [ -90.471810868491914, 16.052525246667518 ], [ -90.471741161143783, 16.052170003143829 ], [ -90.47173393449539, 16.052133180909149 ], [ -90.471662005874236, 16.051822404957971 ], [ -90.471659389655414, 16.051623956714987 ], [ -90.470697481738171, 16.051609304182069 ], [ -90.47043325285631, 16.051612683559185 ], [ -90.470433872622834, 16.051669314738064 ], [ -90.470446948899109, 16.051873935060513 ], [ -90.470446992051365, 16.051955265828795 ], [ -90.470447034269, 16.052036595692492 ], [ -90.470447076486607, 16.05211792555556 ], [ -90.470447120573482, 16.052199256322126 ], [ -90.470447162791174, 16.052280585280119 ], [ -90.470447205008725, 16.052361915141336 ], [ -90.470447248160824, 16.05244324590592 ], [ -90.470447290373372, 16.052524609208579 ], [ -90.470447332590837, 16.052605939067952 ], [ -90.470447375742864, 16.052687269830681 ], [ -90.470447417960273, 16.052768599688836 ], [ -90.470447461112386, 16.052849929546483 ], [ -90.470447503329609, 16.05293126030724 ], [ -90.470447545546946, 16.053012590163544 ], [ -90.470447588698988, 16.053093920019339 ], [ -90.470447675002973, 16.053256579729091 ], [ -90.470447720031302, 16.053337862582808 ], [ -90.470447762241989, 16.053419236724952 ], [ -90.470447802596681, 16.053500519576779 ], [ -90.470447845748566, 16.05358184942888 ], [ -90.470447887031142, 16.053663178376272 ], [ -90.47044792924811, 16.053744509130865 ], [ -90.470447972399938, 16.053825838981112 ], [ -90.470448013682145, 16.053907169734366 ], [ -90.470448055899183, 16.053988499583252 ], [ -90.470448098116208, 16.054069829431526 ], [ -90.470448140333076, 16.054151160183054 ], [ -90.470448163451167, 16.05419721163506 ], [ -90.470448182550044, 16.054232490030095 ], [ -90.470448223827333, 16.054313853319044 ], [ -90.470448266049203, 16.054395149722197 ], [ -90.47044831013045, 16.054476513914167 ], [ -90.470448352347475, 16.054557842854891 ], [ -90.470448395498892, 16.054639173602848 ], [ -90.470448439585155, 16.054720503446447 ], [ -90.470448482736543, 16.054801834193153 ], [ -90.470448525888031, 16.054883164035388 ], [ -90.470448538950748, 16.054908669036134 ], [ -90.470448569039505, 16.05496449387703 ], [ -90.470448612190822, 16.055045824621889 ], [ -90.470448655342253, 16.055127154462276 ], [ -90.470448698493513, 16.05520848520592 ], [ -90.470448741645413, 16.055289811429656 ], [ -90.470448786660342, 16.055371181038101 ], [ -90.470448831681523, 16.05545250816472 ], [ -90.470448876702278, 16.055533838002287 ], [ -90.470448921723147, 16.055615166935375 ], [ -90.470448966743717, 16.055696497675576 ], [ -90.47044901269912, 16.055777827511417 ], [ -90.470449057719776, 16.055859157346514 ], [ -90.470449101805556, 16.05594048808474 ], [ -90.470449146826169, 16.056021817918605 ], [ -90.470449170587699, 16.056063505548039 ], [ -90.470449191846626, 16.056103148655708 ], [ -90.470474178559869, 16.056327925609615 ], [ -90.470481150820248, 16.057430751385191 ], [ -90.469337567013895, 16.057449446981835 ], [ -90.468625007268557, 16.057444908585154 ], [ -90.468544555975456, 16.057395476683578 ], [ -90.468490003951729, 16.057449303199636 ], [ -90.468405455544655, 16.057472311040367 ], [ -90.468323836074447, 16.057439369726076 ], [ -90.468248199933299, 16.057476719392561 ], [ -90.468173990553581, 16.057435164473368 ], [ -90.468101330391661, 16.057485423393221 ], [ -90.468018220505996, 16.057443874325458 ], [ -90.467957425567036, 16.057489820865566 ], [ -90.467887666034798, 16.057445394964219 ], [ -90.467867993874151, 16.057438068073871 ], [ -90.467803079586645, 16.057413889233082 ], [ -90.46772892678058, 16.057451238035249 ], [ -90.467675540533421, 16.057485224892417 ], [ -90.467598727182718, 16.057437393913037 ], [ -90.467525907651634, 16.057478093438444 ], [ -90.46743229265968, 16.057446564499688 ], [ -90.467359463744373, 16.057487263063152 ], [ -90.467286602280268, 16.057446633590231 ], [ -90.467246136772445, 16.057469251811888 ], [ -90.467213792030378, 16.057487330299249 ], [ -90.46714097240303, 16.057528030597311 ], [ -90.467158329877563, 16.057622498803127 ], [ -90.467158370756778, 16.057703829525984 ], [ -90.467158409766625, 16.057785159344082 ], [ -90.467158450645925, 16.057866489161864 ], [ -90.467158490590293, 16.057947819882731 ], [ -90.467158508818741, 16.05798486801346 ], [ -90.467158530534789, 16.058029149699124 ], [ -90.467085709764746, 16.058069847264246 ], [ -90.467085750614487, 16.058151176175958 ], [ -90.467158611358258, 16.058191810234071 ], [ -90.467158637241681, 16.0582448801051 ], [ -90.46715865130264, 16.058273140048613 ], [ -90.467158692181599, 16.058354470766535 ], [ -90.467146860957044, 16.058430070124384 ], [ -90.467146901831114, 16.058511400841109 ], [ -90.467146943640017, 16.058592730653512 ], [ -90.467074123596632, 16.05863343182773 ], [ -90.467074164441186, 16.058714761639024 ], [ -90.467074206220445, 16.058796091449857 ], [ -90.467074247064787, 16.058877422163764 ], [ -90.467142447881827, 16.058915452405468 ], [ -90.467147108070861, 16.058918051704257 ], [ -90.467147149879622, 16.058999381513576 ], [ -90.467147190753465, 16.059080712225985 ], [ -90.467147233498963, 16.059162029380243 ], [ -90.467147274372735, 16.059243360091433 ], [ -90.467147284557868, 16.059261046732829 ], [ -90.467147317118631, 16.059324674532881 ], [ -90.467147357992502, 16.059406004338975 ], [ -90.467147400735655, 16.059487335048605 ], [ -90.467147443478936, 16.059568664853749 ], [ -90.467159356528413, 16.059655726016924 ], [ -90.467159400211202, 16.059737055820946 ], [ -90.467159442024311, 16.059818386527915 ], [ -90.46715945561246, 16.059843828246649 ], [ -90.467159483837534, 16.059899716330413 ], [ -90.467159526585476, 16.059981046132453 ], [ -90.467159569333234, 16.060062376837713 ], [ -90.467159610211624, 16.060143706638218 ], [ -90.467086791475282, 16.060184410521661 ], [ -90.467086808032249, 16.060214481786243 ], [ -90.467086835128285, 16.060265740321647 ], [ -90.467159697576619, 16.060306367142104 ], [ -90.467144904210883, 16.060386511519336 ], [ -90.467144946952615, 16.060467841317664 ], [ -90.467144991563643, 16.060549172019517 ], [ -90.467145008600923, 16.060582066022793 ], [ -90.467145033370571, 16.060630501816476 ], [ -90.46714507798157, 16.060711832517093 ], [ -90.467145120723174, 16.060793162312955 ], [ -90.467145163464735, 16.060874492108212 ], [ -90.467145207140888, 16.060955822806836 ], [ -90.467145238982937, 16.061012427642456 ], [ -90.467145251753834, 16.061037140851017 ], [ -90.467145294495168, 16.061118471548262 ], [ -90.467145337235735, 16.061199806764176 ], [ -90.467145379044183, 16.061281125709932 ], [ -90.467145419916051, 16.0613624555012 ], [ -90.467160299783885, 16.061444971617824 ], [ -90.467161101889658, 16.061495732242062 ], [ -90.467161470091753, 16.061519083394401 ], [ -90.467157568658436, 16.061597510300743 ], [ -90.467155645160403, 16.061675933894346 ], [ -90.467155696801512, 16.061748620118372 ], [ -90.467159704942901, 16.061823214986653 ], [ -90.467156886742757, 16.061891098587747 ], [ -90.46715581501428, 16.061916943254481 ], [ -90.467157844904065, 16.061993452183199 ], [ -90.467147997502053, 16.06205466787036 ], [ -90.467161915271063, 16.062156036442111 ], [ -90.467169086180775, 16.062204904463133 ], [ -90.465471464416893, 16.062246972251199 ], [ -90.465454307171839, 16.062180799163393 ], [ -90.465435652487244, 16.062022410024252 ], [ -90.465429280995707, 16.061747453584019 ], [ -90.465431778619674, 16.060886705565203 ], [ -90.465446597127581, 16.059966175771418 ] ], [ [ -90.469483465542211, 16.051609553219734 ], [ -90.469447678590313, 16.051590193853393 ], [ -90.469375333450103, 16.051631796149518 ], [ -90.469264207016494, 16.051571679243281 ], [ -90.469253628038999, 16.050797861329233 ], [ -90.469325972902993, 16.050756259070482 ], [ -90.469324319231262, 16.050635338266126 ], [ -90.469278446005021, 16.050610521751175 ], [ -90.469132645350243, 16.050612386243586 ], [ -90.469059188611226, 16.050572647563399 ], [ -90.468913387982383, 16.050574511002832 ], [ -90.468839932235426, 16.050534773151419 ], [ -90.467985149922157, 16.050545696798295 ], [ -90.46786762563238, 16.050613278599275 ], [ -90.467875946866855, 16.051222239251189 ], [ -90.467949402673753, 16.051261977430574 ], [ -90.467950514113681, 16.051343317400711 ], [ -90.468097426809578, 16.051422794586433 ], [ -90.468101017253218, 16.051685501748423 ], [ -90.469177347887324, 16.051703376652377 ], [ -90.469351546162642, 16.051698654586623 ], [ -90.469491892018411, 16.05169485039924 ], [ -90.469484577606536, 16.051690893180403 ], [ -90.469483465542211, 16.051609553219734 ] ], [ [ -90.469470860619069, 16.050550865828587 ], [ -90.469471974518896, 16.050632361260806 ], [ -90.469545431361908, 16.05067209979946 ], [ -90.469546543446896, 16.050753439766943 ], [ -90.469739329674638, 16.050857731385115 ], [ -90.469885130502931, 16.05085586738414 ], [ -90.47005962634141, 16.050950264342568 ], [ -90.470133083417878, 16.050990001775176 ], [ -90.470134195742943, 16.05107134173759 ], [ -90.470169982668665, 16.051090701894033 ], [ -90.470314671264262, 16.051007496735036 ], [ -90.470447287630563, 16.051079238748422 ], [ -90.470494984891616, 16.051045733956574 ], [ -90.470675863132911, 16.051045758784287 ], [ -90.470739801212957, 16.051079984799955 ], [ -90.470848519259931, 16.051016828218369 ], [ -90.470847016054577, 16.050934695523903 ], [ -90.470946968541995, 16.050876630927259 ], [ -90.47109419021713, 16.050874111000709 ], [ -90.47116704891819, 16.050831785104677 ], [ -90.471314270557741, 16.050829265930716 ], [ -90.47153284825005, 16.05070228794261 ], [ -90.471680068855576, 16.050699768517031 ], [ -90.471752928304497, 16.050657442420938 ], [ -90.4719001498094, 16.050654921940371 ], [ -90.472163409267154, 16.050501985895689 ], [ -90.472153132880251, 16.050483840554456 ], [ -90.47210271691732, 16.050403683658864 ], [ -90.471716951141829, 16.050627787582712 ], [ -90.471449880971733, 16.050632358219012 ], [ -90.471451104317651, 16.050699220227223 ], [ -90.471414103874622, 16.050720715317912 ], [ -90.471339741860433, 16.050680908605244 ], [ -90.471194023675437, 16.050765560491111 ], [ -90.471119660753629, 16.050725754606017 ], [ -90.470619554363552, 16.051016279039526 ], [ -90.470452312112982, 16.051019141153226 ], [ -90.470377950179824, 16.050979334108074 ], [ -90.470230728419381, 16.050981852638543 ], [ -90.470128714622462, 16.050927243733515 ], [ -90.470126447742601, 16.050803355491794 ], [ -90.470272166404811, 16.050718704332962 ], [ -90.470269161406506, 16.05055443893168 ], [ -90.470477757869901, 16.050433260676225 ], [ -90.470454551076386, 16.050395507026863 ], [ -90.470443183635894, 16.050158395095053 ], [ -90.470409078830784, 16.050211903186302 ], [ -90.47020028434936, 16.050572272386709 ], [ -90.470201396699665, 16.050653612352004 ], [ -90.470120368043041, 16.050793462844123 ], [ -90.47005797316028, 16.050829343545431 ], [ -90.470020873489631, 16.05085067839865 ], [ -90.469983203347809, 16.050830300211349 ], [ -90.469982091085214, 16.050748960246423 ], [ -90.469946304238661, 16.050729600058119 ], [ -90.469801615691424, 16.050812804970626 ], [ -90.469617032681739, 16.050712950696521 ], [ -90.469615920568344, 16.050631610729063 ], [ -90.469542464660847, 16.05059187221454 ], [ -90.469540240496585, 16.0504291922765 ], [ -90.469466783743428, 16.050389454639159 ], [ -90.469464559642546, 16.050226774697375 ], [ -90.469391103913281, 16.050187037033638 ], [ -90.469388879875765, 16.050024357088105 ], [ -90.469315423300969, 16.049984619397698 ], [ -90.469313199326848, 16.049821939448428 ], [ -90.469092830892322, 16.04970272531807 ], [ -90.469091718996538, 16.049621385340615 ], [ -90.469045844161812, 16.049596567869841 ], [ -90.468871044282167, 16.049598784114497 ], [ -90.468871059313784, 16.049502012763732 ], [ -90.468835565332739, 16.049482810605582 ], [ -90.468618533596427, 16.049607615924387 ], [ -90.468507407577121, 16.049547499520461 ], [ -90.468505184263122, 16.049384819557346 ], [ -90.468431729033142, 16.049345080658682 ], [ -90.468430825308189, 16.049279012259131 ], [ -90.468285025615515, 16.049280875272959 ], [ -90.468279800436449, 16.048898485509621 ], [ -90.468352143880864, 16.048856883571268 ], [ -90.468350536091648, 16.048739246455177 ], [ -90.468133579031345, 16.048732648695722 ], [ -90.468135885192467, 16.048901413443957 ], [ -90.46806354075251, 16.048943015308911 ], [ -90.468064082175815, 16.048982596153806 ], [ -90.468137537200064, 16.049022334275577 ], [ -90.468140871719484, 16.049266354232479 ], [ -90.468361239106514, 16.049385569344686 ], [ -90.468363462303671, 16.049548249309073 ], [ -90.468436917594602, 16.049587987326639 ], [ -90.468439140855125, 16.049750667287288 ], [ -90.468474927381081, 16.049770026824621 ], [ -90.468764303946173, 16.049603620483321 ], [ -90.468875430073751, 16.04966373765777 ], [ -90.46887654188194, 16.049745077635887 ], [ -90.468985783928588, 16.049804174929225 ], [ -90.469058127554064, 16.049762573660228 ], [ -90.469242709409983, 16.049862427518711 ], [ -90.469244933327275, 16.050025107468009 ], [ -90.46931868150476, 16.050065003398977 ], [ -90.46931865664537, 16.050227372999952 ], [ -90.469394164057377, 16.050267007037949 ], [ -90.469396377525428, 16.050511179541104 ], [ -90.469470860619069, 16.050550865828587 ] ], [ [ -90.472143202183631, 16.050359198419002 ], [ -90.472178831980131, 16.050420157291665 ], [ -90.472708515529717, 16.050112444335326 ], [ -90.472857239711544, 16.050192056789228 ], [ -90.472893098544574, 16.050171224733916 ], [ -90.472892359050704, 16.050130848485736 ], [ -90.472707035688614, 16.050031645740432 ], [ -90.472143202183631, 16.050359198419002 ] ] ] ] } },
{ "type": "Feature", "properties": { "OBJECTID": 12, "Id": 0, "Shape_Leng": 1231.4614059800001, "Shape_Area": 96073.500599299994 }, "geometry": { "type": "MultiPolygon", "coordinates": [ [ [ [ -90.469261876146263, 16.062211191350425 ], [ -90.47020767604927, 16.062198607769698 ], [ -90.470318956020435, 16.062210487222309 ], [ -90.470374617294837, 16.062246314704453 ], [ -90.470424134903439, 16.062335943294453 ], [ -90.470437676124519, 16.063979720200077 ], [ -90.470469432160968, 16.065163225784776 ], [ -90.467594884557485, 16.065183062730984 ], [ -90.467611543552692, 16.062493218427534 ], [ -90.469033226638032, 16.062318936795801 ], [ -90.469107352653694, 16.062241181622614 ], [ -90.469169157741945, 16.062223208333197 ], [ -90.469261876146263, 16.062211191350425 ] ] ] ] } },
{ "type": "Feature", "properties": { "OBJECTID": 13, "Id": 0, "Shape_Leng": 1348.8308812, "Shape_Area": 108032.632694 }, "geometry": { "type": "MultiPolygon", "coordinates": [ [ [ [ -90.458658489384405, 16.017352143050733 ], [ -90.458698030250986, 16.017332990663835 ], [ -90.458679699665268, 16.019542237259614 ], [ -90.458670718175554, 16.020928993051616 ], [ -90.458660973987676, 16.02114896590771 ], [ -90.4585818704861, 16.02115857946238 ], [ -90.455813031142682, 16.021150689820693 ], [ -90.455773469401962, 16.021141149582721 ], [ -90.455821757918713, 16.019333564652815 ], [ -90.455930501188647, 16.019285679790361 ], [ -90.455930121988217, 16.018692725001181 ], [ -90.455949813418002, 16.018558819681726 ], [ -90.457007548584315, 16.018032175822533 ], [ -90.458658489384405, 16.017352143050733 ] ] ] ] } },
{ "type": "Feature", "properties": { "OBJECTID": 15, "Id": 0, "Shape_Leng": 1749.5637142800001, "Shape_Area": 161989.526701 }, "geometry": { "type": "MultiPolygon", "coordinates": [ [ [ [ -90.477785610942973, 16.043237157449237 ], [ -90.477783695825849, 16.040697963215671 ], [ -90.481526969889089, 16.040723980694384 ], [ -90.482896686143107, 16.040713420679992 ], [ -90.482933789204822, 16.040734912834594 ], [ -90.483019754784053, 16.041588420867392 ], [ -90.482904968979568, 16.041821623079244 ], [ -90.482301269182202, 16.042865714870231 ], [ -90.481509861339191, 16.044176534012266 ], [ -90.480476336345504, 16.044134241313184 ], [ -90.480470729912312, 16.043273500819218 ], [ -90.477785610942973, 16.043237157449237 ] ] ] ] } },
{ "type": "Feature", "properties": { "OBJECTID": 16, "Id": 0, "Shape_Leng": 1405.36586296, "Shape_Area": 109439.110286 }, "geometry": { "type": "MultiPolygon", "coordinates": [ [ [ [ -90.539712311453442, 16.048527112237512 ], [ -90.539691440456693, 16.047515757106769 ], [ -90.539683148668288, 16.046702840290717 ], [ -90.539667318498829, 16.045779945376285 ], [ -90.539673940286264, 16.045041132854791 ], [ -90.539842025164148, 16.04500031696799 ], [ -90.540099098423553, 16.04494028370021 ], [ -90.540371036763617, 16.044908926689068 ], [ -90.540625663874863, 16.044872804771892 ], [ -90.540892639242827, 16.044824715849856 ], [ -90.541070614410927, 16.04478388897822 ], [ -90.541253549034423, 16.044757402494202 ], [ -90.541278426391131, 16.044898443593862 ], [ -90.541295873455454, 16.045027538042625 ], [ -90.541355293904189, 16.045101596714595 ], [ -90.54141231962052, 16.045247387681695 ], [ -90.541449487395582, 16.045321469604591 ], [ -90.541518735448335, 16.045338135968858 ], [ -90.541602794608949, 16.045333268674341 ], [ -90.541815383958124, 16.045292406445522 ], [ -90.542117017017944, 16.045282535129825 ], [ -90.542351401770432, 16.04527631832369 ], [ -90.542419020053913, 16.045612178875263 ], [ -90.542508862285601, 16.046374802482628 ], [ -90.542606039308623, 16.04706090859192 ], [ -90.542710423303575, 16.047553339398014 ], [ -90.541906856944578, 16.047554158735586 ], [ -90.54188319119676, 16.048527303680345 ], [ -90.541089520331951, 16.048537673594687 ], [ -90.540365055681008, 16.048524061802674 ], [ -90.540362608800109, 16.048547973776735 ], [ -90.539712311453442, 16.048527112237512 ] ] ] ] } },
{ "type": "Feature", "properties": { "OBJECTID": 17, "Id": 0, "Shape_Leng": 1374.55548939, "Shape_Area": 117788.624387 }, "geometry": { "type": "MultiPolygon", "coordinates": [ [ [ [ -90.554592604939927, 16.035719235393316 ], [ -90.551970621906946, 16.035682600847856 ], [ -90.551948395399009, 16.035704143338471 ], [ -90.551384672404282, 16.035683225593548 ], [ -90.551368543932014, 16.03454634441955 ], [ -90.551373573291571, 16.032448277224411 ], [ -90.553098215256597, 16.032622167955761 ], [ -90.554592911164974, 16.032774775134232 ], [ -90.554604069900805, 16.032803454396845 ], [ -90.55460146778519, 16.033761034850563 ], [ -90.554584180416327, 16.034847742174652 ], [ -90.554592604939927, 16.035719235393316 ] ] ] ] } },
{ "type": "Feature", "properties": { "OBJECTID": 18, "Id": 0, "Shape_Leng": 2436.1049911, "Shape_Area": 149089.615793 }, "geometry": { "type": "MultiPolygon", "coordinates": [ [ [ [ -90.485106780614871, 16.038454570299823 ], [ -90.485093674673521, 16.037516129752991 ], [ -90.485083885575307, 16.036217246432049 ], [ -90.485586068534772, 16.03619061788325 ], [ -90.486597206926035, 16.036115743740837 ], [ -90.486848333030821, 16.036098567920874 ], [ -90.486829117787764, 16.036213980282547 ], [ -90.486550972700002, 16.036307078400899 ], [ -90.486381925069693, 16.036585221680344 ], [ -90.486364137897226, 16.036875520523463 ], [ -90.486211248486583, 16.037167475618375 ], [ -90.486105806656653, 16.037404433060381 ], [ -90.486012662872739, 16.037757906573429 ], [ -90.485985672509045, 16.037968738534992 ], [ -90.485865655561796, 16.038093815450182 ], [ -90.485670670545204, 16.038102968525454 ], [ -90.485829422411271, 16.038329530866644 ], [ -90.486193941006235, 16.038373463119679 ], [ -90.486278135904328, 16.038329009599082 ], [ -90.486427653265139, 16.038157103678362 ], [ -90.48636547183176, 16.03787612760129 ], [ -90.486375462190921, 16.037615202744927 ], [ -90.486362440234529, 16.037375670719864 ], [ -90.486569889085857, 16.037153948653554 ], [ -90.486674759940072, 16.037102382005244 ], [ -90.486637417731103, 16.036844652922312 ], [ -90.486576446332748, 16.036653899077194 ], [ -90.486803574902211, 16.036473585510347 ], [ -90.486941274835857, 16.036487332569749 ], [ -90.486997547066196, 16.036506786093703 ], [ -90.48720702904653, 16.036621633759474 ], [ -90.487218952196699, 16.036959099522683 ], [ -90.487455341274398, 16.036952451148352 ], [ -90.487753748432098, 16.037019227292067 ], [ -90.487760931094314, 16.036790028482717 ], [ -90.487713453840385, 16.036599574905576 ], [ -90.487597264258412, 16.036528170723084 ], [ -90.48762182975095, 16.036187644807423 ], [ -90.4876844894698, 16.036036171869668 ], [ -90.488312910314832, 16.035968604832536 ], [ -90.488662506981498, 16.03592211471442 ], [ -90.489770028984495, 16.035806341984639 ], [ -90.489775694241473, 16.0390060438144 ], [ -90.485137631625179, 16.039031376075535 ], [ -90.485106780614871, 16.038454570299823 ] ] ] ] } },
{ "type": "Feature", "properties": { "OBJECTID": 19, "Id": 0, "Shape_Leng": 18421.2855408, "Shape_Area": 2437463.2400699998 }, "geometry": { "type": "MultiPolygon", "coordinates": [ [ [ [ -90.459327352913959, 15.99735396395837 ], [ -90.459283887402847, 15.997337165618077 ], [ -90.459740630403374, 15.997347124522127 ], [ -90.459670814195746, 15.99739560535221 ], [ -90.459601659833254, 15.997433362883932 ], [ -90.459532499838659, 15.997471117680581 ], [ -90.459463344489862, 15.997508875167243 ], [ -90.459394190984213, 15.997546631727955 ], [ -90.459256652627772, 15.997545337583832 ], [ -90.459257426966701, 15.997468529482262 ], [ -90.459258195698041, 15.997391722282943 ], [ -90.459327352913959, 15.99735396395837 ] ] ], [ [ [ -90.457244961467822, 16.002622581909687 ], [ -90.457460984554174, 16.002204036390186 ], [ -90.457639969947962, 16.001851263557409 ], [ -90.457797284069898, 16.001432753085783 ], [ -90.45789590060852, 16.001032210573406 ], [ -90.457935796607302, 16.00061377183388 ], [ -90.457932432852218, 16.000192370791531 ], [ -90.457876526660058, 15.999750080270013 ], [ -90.457758811328162, 15.999286906540148 ], [ -90.457576266239869, 15.99891343349389 ], [ -90.457257699586137, 15.998432450726813 ], [ -90.457072103059701, 15.998112773482104 ], [ -90.456991651006021, 15.997933502010664 ], [ -90.456651448562752, 15.99743758672342 ], [ -90.456169032339872, 15.996810254967968 ], [ -90.455835114975102, 15.996472734844351 ], [ -90.455544564041389, 15.996302554854681 ], [ -90.455399305085066, 15.996242867261698 ], [ -90.455297297275678, 15.996174188830958 ], [ -90.455223099908238, 15.996108482616634 ], [ -90.455182891519925, 15.996045743608777 ], [ -90.455136434879691, 15.995872428613069 ], [ -90.455083764120204, 15.995645320856203 ], [ -90.455009523524708, 15.99551087415675 ], [ -90.454839489003945, 15.995361541532379 ], [ -90.454570570345311, 15.995194334843598 ], [ -90.454344934183212, 15.995065956016555 ], [ -90.454103882684535, 15.994991381383711 ], [ -90.453788695187754, 15.994946736360163 ], [ -90.453671266259576, 15.994919908003565 ], [ -90.453322005609749, 15.994737803067276 ], [ -90.452842926086646, 15.994478069077511 ], [ -90.452527666040837, 15.994313876684833 ], [ -90.452166058124902, 15.994146720608192 ], [ -90.451914828392077, 15.993999464534253 ], [ -90.451766604113629, 15.994135833836266 ], [ -90.451648023208989, 15.99424349495637 ], [ -90.451507128468094, 15.99424357620274 ], [ -90.451188222843285, 15.994179204290903 ], [ -90.451199369704398, 15.994117824745151 ], [ -90.451231800763324, 15.99275552429626 ], [ -90.451242741301769, 15.992295904560235 ], [ -90.451235990267506, 15.99217163573393 ], [ -90.451234487872199, 15.992143963696117 ], [ -90.452256157940027, 15.992110059602705 ], [ -90.45236275284914, 15.992106522939665 ], [ -90.452467274754099, 15.991950604780222 ], [ -90.452504266665528, 15.991813104093382 ], [ -90.452510364015225, 15.991681598212411 ], [ -90.452467052068897, 15.991591963610855 ], [ -90.452417567315649, 15.991514286616482 ], [ -90.452287788134811, 15.991496431009336 ], [ -90.452164187404591, 15.991478570371529 ], [ -90.451985004460894, 15.991514538438771 ], [ -90.451849074691907, 15.991544504469088 ], [ -90.451663722911704, 15.99159840710036 ], [ -90.451459833866664, 15.991652320752737 ], [ -90.451262108382053, 15.991682321259541 ], [ -90.450847922733004, 15.991708593494991 ], [ -90.450312189781854, 15.991620092653871 ], [ -90.450267931526454, 15.991612782841498 ], [ -90.450040454028425, 15.991615330511774 ], [ -90.449860012105603, 15.991613042413833 ], [ -90.449736411822258, 15.991593984573212 ], [ -90.449641807089435, 15.99156638925878 ], [ -90.449582527769508, 15.991638150951204 ], [ -90.447958541138064, 15.991606789598439 ], [ -90.447969573629109, 15.991456153928747 ], [ -90.447902791004026, 15.991380876885811 ], [ -90.447969507072472, 15.99134497542112 ], [ -90.447974130382946, 15.991233843240241 ], [ -90.448004926927126, 15.991191371943964 ], [ -90.448047244270114, 15.991136920944456 ], [ -90.448065552469316, 15.990753164140289 ], [ -90.447924552607304, 15.990710360246371 ], [ -90.447783636009021, 15.990667402623854 ], [ -90.447817020967832, 15.990556051457123 ], [ -90.447783596599137, 15.990462822749745 ], [ -90.447798368765717, 15.990365982164544 ], [ -90.447850230907065, 15.990290638964565 ], [ -90.447868648988546, 15.990089789273405 ], [ -90.447783328904805, 15.990014522151855 ], [ -90.447783206289671, 15.989810097709203 ], [ -90.44784622813026, 15.989795716307437 ], [ -90.447890727964094, 15.989810037022028 ], [ -90.447898080739279, 15.98970602700861 ], [ -90.447857288698486, 15.989691704483031 ], [ -90.447868252778136, 15.989426304647546 ], [ -90.447964673444943, 15.989462114568298 ], [ -90.447979423886679, 15.989329408753342 ], [ -90.44807208703584, 15.989282734077802 ], [ -90.448071857161565, 15.988898988998523 ], [ -90.448153394946175, 15.988848734116784 ], [ -90.448160400127747, 15.988163726649635 ], [ -90.448275323250996, 15.988142143908453 ], [ -90.448275269677438, 15.988052483589788 ], [ -90.448330870752955, 15.98803093354263 ], [ -90.448352920637845, 15.987704559121863 ], [ -90.448278716131654, 15.9876185262505 ], [ -90.448441776393267, 15.987492910633893 ], [ -90.448528498093054, 15.987597836239607 ], [ -90.448598309596349, 15.987561251985358 ], [ -90.448665974773945, 15.987601451101218 ], [ -90.448733638110028, 15.987641649291428 ], [ -90.448801303342464, 15.987681845652988 ], [ -90.448799148681147, 15.987758629948182 ], [ -90.448994614971241, 15.987795120980438 ], [ -90.44906226535133, 15.987835339852587 ], [ -90.449129916692669, 15.987875559607488 ], [ -90.449197565258302, 15.987915777532635 ], [ -90.449265219456578, 15.987955999053206 ], [ -90.449330686516944, 15.988072998516538 ], [ -90.44939833892613, 15.988113219090573 ], [ -90.449468179412307, 15.988076657159088 ], [ -90.449535832785429, 15.98811687497856 ], [ -90.449595977964407, 15.988165474328435 ], [ -90.449594074955783, 15.988242264111101 ], [ -90.449592168207744, 15.988319054796159 ], [ -90.449659967512545, 15.988359043933317 ], [ -90.449727764041782, 15.988399030336792 ], [ -90.449725858277276, 15.988475821926155 ], [ -90.449793656726882, 15.988515811924449 ], [ -90.449861455204129, 15.988555799189717 ], [ -90.449929249970054, 15.988595789144265 ], [ -90.44992734708427, 15.98867257802328 ], [ -90.449926515521796, 15.988706108362353 ], [ -90.449925442327427, 15.988749369612876 ], [ -90.449923536635083, 15.988826159393961 ], [ -90.449991334308024, 15.988866147521147 ], [ -90.450059124531521, 15.988906140144458 ], [ -90.450126929733997, 15.988946127326621 ], [ -90.450194722815837, 15.988986115388382 ], [ -90.450192821895584, 15.989062906075409 ], [ -90.450190933098156, 15.989139789862339 ], [ -90.45018903684533, 15.98921658687633 ], [ -90.450256823490975, 15.989256569493129 ], [ -90.450254938477073, 15.989333358374777 ], [ -90.450322727978843, 15.989373339163448 ], [ -90.450320828037775, 15.989450129849175 ], [ -90.450388629738498, 15.989490114235025 ], [ -90.45038808986375, 15.989511965853264 ], [ -90.450386733559441, 15.989566903113717 ], [ -90.450384837378621, 15.989643692895696 ], [ -90.45045263728818, 15.98968367816429 ], [ -90.450538594499548, 15.989709829477606 ], [ -90.450605821443844, 15.989750710292194 ], [ -90.45067304935101, 15.989791586566607 ], [ -90.450740278219968, 15.989832462820132 ], [ -90.450807507115186, 15.98987334357186 ], [ -90.450944948615941, 15.989878342590723 ], [ -90.45101516677498, 15.989842463568701 ], [ -90.451085380237387, 15.989806582714772 ], [ -90.451155591804195, 15.989770709068198 ], [ -90.451285763791304, 15.989782098322371 ], [ -90.451353490080066, 15.98982219988838 ], [ -90.451404406965509, 15.989855277346722 ], [ -90.451490978661909, 15.989825620427627 ], [ -90.451558707810307, 15.989865719218027 ], [ -90.451556666305109, 15.989942505361171 ], [ -90.451624395504211, 15.989982611361484 ], [ -90.451692119125326, 15.990022711012113 ], [ -90.45175984090379, 15.990062814256349 ], [ -90.451827569250668, 15.99010291567293 ], [ -90.451897328722666, 15.99006623724754 ], [ -90.451967094711293, 15.990029554281483 ], [ -90.452034820284581, 15.990069658343948 ], [ -90.452102544016086, 15.990109762384586 ], [ -90.452170271511847, 15.990149868212361 ], [ -90.452309022978909, 15.990223212095662 ], [ -90.452376527146356, 15.990263661275877 ], [ -90.452441567812087, 15.990380889259834 ], [ -90.452509072992896, 15.99042134110986 ], [ -90.452576576332902, 15.99046178932274 ], [ -90.452644082502715, 15.990502240226554 ], [ -90.452641619048791, 15.99057901362951 ], [ -90.452709126205647, 15.990619463608949 ], [ -90.452776626848092, 15.990659916277263 ], [ -90.452844131256029, 15.990700366213545 ], [ -90.452880436888691, 15.990722122873644 ], [ -90.452911635690512, 15.990740818840136 ], [ -90.452979140152834, 15.990781268733873 ], [ -90.453049107010273, 15.990744946103744 ], [ -90.453116615239225, 15.99078539685906 ], [ -90.453186581139406, 15.990749072376207 ], [ -90.453254086594029, 15.990789523991674 ], [ -90.453321593010017, 15.990829976489925 ], [ -90.453389095715721, 15.990870428062237 ], [ -90.453456601252313, 15.990910877806167 ], [ -90.453524104946794, 15.990951329336131 ], [ -90.453591603061511, 15.990991782651355 ], [ -90.453659107744997, 15.991032233235119 ], [ -90.453726611521247, 15.991072683797409 ], [ -90.453794116258692, 15.991113136146346 ], [ -90.453861620089512, 15.991153585762232 ], [ -90.453929126750396, 15.991194037165158 ], [ -90.453996629700313, 15.99123449035373 ], [ -90.454064134546499, 15.991274942617569 ], [ -90.45413163848626, 15.991315391244497 ], [ -90.454199143387015, 15.991355842561926 ], [ -90.454266646445902, 15.991396294761547 ], [ -90.455491233194394, 15.992341625919249 ], [ -90.455555529052305, 15.992385819935423 ], [ -90.455625996424047, 15.992419251128046 ], [ -90.45569399855296, 15.992462247348149 ], [ -90.455695284035301, 15.992539951620136 ], [ -90.455755866950724, 15.992578171194829 ], [ -90.45581521886443, 15.992622367730636 ], [ -90.455890633130437, 15.992660577660716 ], [ -90.455887256047689, 15.992728965784648 ], [ -90.455886972591927, 15.992734698915285 ], [ -90.455953745206813, 15.992786063646797 ], [ -90.456014841750189, 15.992821991062289 ], [ -90.456080373458107, 15.992864988461363 ], [ -90.456159493413409, 15.992900805630333 ], [ -90.4562187924477, 15.992862514807339 ], [ -90.456292976282867, 15.992909094095765 ], [ -90.456433866459619, 15.992904226478579 ], [ -90.456586227030272, 15.992915579059069 ], [ -90.456657289631892, 15.992881300920311 ], [ -90.456723512173753, 15.99292368996446 ], [ -90.456789733808932, 15.992966079891785 ], [ -90.456866679178944, 15.992955480402458 ], [ -90.456927008717443, 15.992974187049784 ], [ -90.456996478131686, 15.993000829598234 ], [ -90.457047182173071, 15.993049812717343 ], [ -90.457125672951705, 15.99310135477414 ], [ -90.457191907811094, 15.99314375090688 ], [ -90.457226778991284, 15.993170250005765 ], [ -90.45725020894659, 15.993188054395509 ], [ -90.457315914752471, 15.993196251909916 ], [ -90.45740388837072, 15.993238627887871 ], [ -90.457541174703238, 15.993246739175531 ], [ -90.45760739661813, 15.993289126138823 ], [ -90.457673619494642, 15.993331516697245 ], [ -90.457739840530408, 15.993373906330934 ], [ -90.457783450364076, 15.993401819791119 ], [ -90.457806063463565, 15.993416293232903 ], [ -90.45786733440012, 15.993447449578374 ], [ -90.457862493849106, 15.993524116807144 ], [ -90.457932684744435, 15.993587544516958 ], [ -90.457996916225667, 15.993608894515793 ], [ -90.458059176607662, 15.993645543761039 ], [ -90.458136211006774, 15.9936705568514 ], [ -90.458131369618215, 15.993747224084688 ], [ -90.458126530094376, 15.993823893125386 ], [ -90.458121691501773, 15.99390055945403 ], [ -90.458130757027533, 15.993992200038674 ], [ -90.458194782666027, 15.994029042109768 ], [ -90.458193614081253, 15.99409906216092 ], [ -90.458259839217803, 15.994141448017567 ], [ -90.458254999733072, 15.994218117058452 ], [ -90.458318261261937, 15.994267680782547 ], [ -90.458316383587956, 15.994337174648525 ], [ -90.458311867560866, 15.99440873332397 ], [ -90.458311544120448, 15.994413840977728 ], [ -90.458397481443612, 15.994446979599152 ], [ -90.458520978978214, 15.994455727526526 ], [ -90.458587202431815, 15.994498115992569 ], [ -90.458516140519563, 15.994532396571447 ], [ -90.458445078583338, 15.994566676222792 ], [ -90.458501472273326, 15.994697057261652 ], [ -90.458521347869109, 15.994769406101417 ], [ -90.458574229265295, 15.9948218438295 ], [ -90.458653795010449, 15.994854183914679 ], [ -90.4587248560793, 15.994819900579778 ], [ -90.45879108343351, 15.994862288982697 ], [ -90.458857309881779, 15.994904674653331 ], [ -90.458852473408967, 15.994981343703259 ], [ -90.458781410436359, 15.995015624367797 ], [ -90.458776574866292, 15.995092293415347 ], [ -90.458771738358024, 15.995168962462035 ], [ -90.458766900911755, 15.995245630604021 ], [ -90.45883312654685, 15.99528801447299 ], [ -90.458762065330774, 15.995322297841829 ], [ -90.458757229745501, 15.995398967790567 ], [ -90.458763548954863, 15.995464912861708 ], [ -90.458758713366947, 15.995541581001739 ], [ -90.458762749180792, 15.995632995520236 ], [ -90.458691713091227, 15.995667130636141 ], [ -90.458686866257707, 15.995743797867011 ], [ -90.458684731932166, 15.995812274834504 ], [ -90.458677176316783, 15.995897134135221 ], [ -90.458672329471781, 15.995973802267976 ], [ -90.458667484492096, 15.996050469496566 ], [ -90.458591572361584, 15.996161412801575 ], [ -90.458718594425378, 15.996221872058118 ], [ -90.45829658647051, 15.997262188202324 ], [ -90.458260736308006, 15.997351589306417 ], [ -90.458196960431565, 15.997510625609078 ], [ -90.458093298983073, 15.997750978049545 ], [ -90.457952548897481, 15.997977007841454 ], [ -90.457722806929439, 15.998195918418494 ], [ -90.457500475299611, 15.998407651751361 ], [ -90.457373213346997, 15.99846899685495 ], [ -90.457427849622974, 15.998524762306301 ], [ -90.457528671978082, 15.998476883081389 ], [ -90.457558299088745, 15.998423308095683 ], [ -90.457617583237379, 15.998360150805794 ], [ -90.457680125714688, 15.998310736432858 ], [ -90.457749759006617, 15.998273809361805 ], [ -90.457819391338575, 15.998236882267838 ], [ -90.457866056927401, 15.998202605287732 ], [ -90.457872666932019, 15.998137360522222 ], [ -90.45793906716878, 15.998103650498082 ], [ -90.458009015975136, 15.99805879293327 ], [ -90.458078648185108, 15.99802186575428 ], [ -90.458081198516027, 15.997949191361066 ], [ -90.458150828805913, 15.997912264157812 ], [ -90.458164392851103, 15.997838410561533 ], [ -90.45822624720833, 15.997802799648065 ], [ -90.458221032970116, 15.997726221777162 ], [ -90.458290663157499, 15.997689292719892 ], [ -90.458292419974057, 15.997612503795331 ], [ -90.458294174921249, 15.99753571035057 ], [ -90.458295159840702, 15.997454585456843 ], [ -90.45836479365704, 15.99741766179825 ], [ -90.458366548574517, 15.997340869255293 ], [ -90.45837216757414, 15.997290583166466 ], [ -90.459143419103683, 15.997334102895767 ], [ -90.459120662121308, 15.997390426245198 ], [ -90.459119890534069, 15.997467233443379 ], [ -90.459050733240545, 15.997504990796763 ], [ -90.459050347928127, 15.997543259268323 ], [ -90.459049960691232, 15.997581799801356 ], [ -90.458980804280202, 15.997619554420316 ], [ -90.458980031703618, 15.997696363423778 ], [ -90.458979260060858, 15.997773172426863 ], [ -90.458910106374418, 15.997810925215019 ], [ -90.45884094892331, 15.997848682499329 ], [ -90.458840448099778, 15.997898682150632 ], [ -90.458840179095787, 15.997925490597202 ], [ -90.458771030001884, 15.997963249667832 ], [ -90.458770259212827, 15.998040056860535 ], [ -90.458701103525399, 15.998077815003013 ], [ -90.458632743884991, 15.998038764128644 ], [ -90.458564361844026, 15.997999714131986 ], [ -90.458495972352893, 15.997960669535219 ], [ -90.458426823182705, 15.997998427590929 ], [ -90.45835766931414, 15.998036186527152 ], [ -90.458288513551466, 15.998073941825131 ], [ -90.458261163569233, 15.998088877326836 ], [ -90.458219363368642, 15.998111701621053 ], [ -90.458218590499442, 15.998188507905997 ], [ -90.458217820431813, 15.998265319614083 ], [ -90.458217049430004, 15.998342126802143 ], [ -90.45827311953596, 15.998379057677367 ], [ -90.458271364572923, 15.998455849308186 ], [ -90.458339243803309, 15.998495717292721 ], [ -90.458407119323738, 15.998535580735719 ], [ -90.458474999542119, 15.998575450485125 ], [ -90.45854287791947, 15.998615315693337 ], [ -90.458612475649829, 15.99857838833686 ], [ -90.458680350317138, 15.998618256212568 ], [ -90.458678596442695, 15.99869504332626 ], [ -90.458608961306311, 15.998731967081048 ], [ -90.458608088150157, 15.998770082700929 ], [ -90.458607202729908, 15.998808760519388 ], [ -90.458469730205238, 15.998805810010657 ], [ -90.45840912099716, 15.998770204272549 ], [ -90.458401857386519, 15.998765937550123 ], [ -90.458333980856523, 15.998726066875088 ], [ -90.458266106222581, 15.998686195275017 ], [ -90.458196468211057, 15.998723116183896 ], [ -90.458126832977186, 15.998760037974428 ], [ -90.458126595340119, 15.998770377185808 ], [ -90.458125068609249, 15.998836833214808 ], [ -90.458123312651168, 15.998913623033108 ], [ -90.458121552019165, 15.998990413753814 ], [ -90.458119792318897, 15.99906721080114 ], [ -90.458118029815509, 15.999143999712613 ], [ -90.458185903639617, 15.999183872261728 ], [ -90.458184144898013, 15.999260662077555 ], [ -90.458252018774786, 15.999300533701607 ], [ -90.458319895482092, 15.99934040440084 ], [ -90.458250260991377, 15.999377325325113 ], [ -90.458182383351016, 15.999337454603845 ], [ -90.458112748836172, 15.999374375483516 ], [ -90.458043111492231, 15.99941129724375 ], [ -90.458037830419656, 15.999641671199152 ], [ -90.45810570439518, 15.999681545579829 ], [ -90.458173580267697, 15.999721414516186 ], [ -90.458171819646097, 15.999798209750857 ], [ -90.458170056220439, 15.999875001368967 ], [ -90.458237933105067, 15.999914872092383 ], [ -90.458236173441009, 15.999991665518703 ], [ -90.458234410972508, 16.000068457136216 ], [ -90.458232653174534, 16.000145250561769 ], [ -90.458163015585356, 16.000182171453766 ], [ -90.458161254021888, 16.000258961261697 ], [ -90.458159492455692, 16.000335757396083 ], [ -90.458157731823675, 16.000412548106919 ], [ -90.458155969321311, 16.000489338816831 ], [ -90.458223847344129, 16.000529212254662 ], [ -90.458154209620531, 16.000566131334448 ], [ -90.458152448049034, 16.000642925658845 ], [ -90.458150689280473, 16.000719715463944 ], [ -90.458148925837747, 16.000796507075265 ], [ -90.458147165196664, 16.000873300494302 ], [ -90.458145406423455, 16.000950092105402 ], [ -90.45814364204125, 16.001026887330294 ], [ -90.458074004130182, 16.001063807285782 ], [ -90.458072242523215, 16.001140601605901 ], [ -90.458070480915751, 16.001217391406144 ], [ -90.458063534659829, 16.001268246641153 ], [ -90.45807483922647, 16.00127595425403 ], [ -90.458006099909369, 16.001278373119366 ], [ -90.458032821660339, 16.001360891724513 ], [ -90.458031361868976, 16.001437687908798 ], [ -90.458029899272276, 16.001514487707407 ], [ -90.458028438543877, 16.001591284794245 ], [ -90.458026977813901, 16.001668083688241 ], [ -90.458025516148268, 16.001744882581491 ], [ -90.458024058220104, 16.001821677859478 ], [ -90.458092087167856, 16.001861303706757 ], [ -90.458090628329117, 16.001938101695817 ], [ -90.458158660133179, 16.001977725714532 ], [ -90.458157198515863, 16.002054521895012 ], [ -90.458155736896785, 16.0021313207865 ], [ -90.458087705041038, 16.002091698575018 ], [ -90.458019674146584, 16.002052076342085 ], [ -90.457950182516797, 16.002089250266344 ], [ -90.45794872268732, 16.002166049156369 ], [ -90.457947258184262, 16.002242848044904 ], [ -90.458015291932441, 16.002282469396857 ], [ -90.457945800222092, 16.00231964331871 ], [ -90.457944337585417, 16.002396443110364 ], [ -90.457874844887883, 16.002433617912423 ], [ -90.457873385027156, 16.002510414991672 ], [ -90.457805353098976, 16.002470793595865 ], [ -90.457735858480802, 16.002507970159961 ], [ -90.457667828450369, 16.002468345105601 ], [ -90.457598335676479, 16.002505522529393 ], [ -90.457596874775632, 16.002582316894223 ], [ -90.457595412003286, 16.002659117585143 ], [ -90.457525922888891, 16.002696290466115 ], [ -90.457524459154399, 16.00277308934777 ], [ -90.457522999156254, 16.002849890037322 ], [ -90.457453505289919, 16.002887063796944 ], [ -90.457452046198583, 16.0029638626776 ], [ -90.457382552279725, 16.003001036413746 ], [ -90.457313197775377, 16.00303725567888 ], [ -90.457240752617523, 16.003074897885771 ], [ -90.45723929437824, 16.003151694955911 ], [ -90.45723783333375, 16.003228494736508 ], [ -90.457236369484988, 16.003305292708266 ], [ -90.457234910307065, 16.003382092488113 ], [ -90.457187354273486, 16.003435989220613 ], [ -90.4571245348465, 16.003417619300336 ], [ -90.456956381294944, 16.003322082941619 ], [ -90.456945249765297, 16.003308939492559 ], [ -90.456940297027415, 16.003295792761943 ], [ -90.456941526049945, 16.003286228362956 ], [ -90.456877671234494, 16.003259392611238 ], [ -90.457244961467822, 16.002622581909687 ] ] ], [ [ [ -90.465383628855861, 16.004269630878728 ], [ -90.465355955011731, 16.004144823253366 ], [ -90.465297623556438, 16.004155380865811 ], [ -90.465155240964947, 16.004159297746924 ], [ -90.465016814211168, 16.004162256182479 ], [ -90.464683584079921, 16.004147167765403 ], [ -90.464219830793482, 16.004126425184126 ], [ -90.463694778844143, 16.004112414047498 ], [ -90.463398130948931, 16.004093474853011 ], [ -90.463065892195885, 16.004080295759845 ], [ -90.46268223305168, 16.004064280858273 ], [ -90.462210564260658, 16.004033017963884 ], [ -90.461743852611278, 16.004023746731399 ], [ -90.461254399006435, 16.004011620515143 ], [ -90.460842067916346, 16.003997532319698 ], [ -90.460362492707688, 16.003972007957305 ], [ -90.459971905211688, 16.003944515149133 ], [ -90.45964658346945, 16.003924632648644 ], [ -90.459420138820448, 16.003903731625886 ], [ -90.459161069086036, 16.003889545267736 ], [ -90.458903965324879, 16.003858143154655 ], [ -90.458618177274374, 16.003810498272891 ], [ -90.457997113988441, 16.003644467955045 ], [ -90.457649006995638, 16.003555737296566 ], [ -90.457592309488092, 16.003545251281572 ], [ -90.457568738375599, 16.003539543272247 ], [ -90.457566796620441, 16.003539073785507 ], [ -90.457587841931542, 16.003508854674397 ], [ -90.457579340123019, 16.003503903459382 ], [ -90.457580801974387, 16.003427100966729 ], [ -90.457512770729394, 16.00338747676965 ], [ -90.457444738576967, 16.003347851646915 ], [ -90.457376708319998, 16.003308228310644 ], [ -90.457378167442556, 16.003231431240767 ], [ -90.45744766144162, 16.003194259314743 ], [ -90.457517154481863, 16.003157081038839 ], [ -90.457518616352971, 16.003080283967336 ], [ -90.457588108406043, 16.003043106571639 ], [ -90.457589566510975, 16.002966310401888 ], [ -90.457659062249633, 16.002929132079622 ], [ -90.457660523129974, 16.002852335909061 ], [ -90.457661984009121, 16.002775539737939 ], [ -90.457731476864964, 16.002738361390829 ], [ -90.457732938650551, 16.002661565218553 ], [ -90.457802430518825, 16.002624389559365 ], [ -90.457870461563274, 16.002664013667054 ], [ -90.457939955276402, 16.002626836155986 ], [ -90.45800944709417, 16.002589662237348 ], [ -90.458010908772351, 16.002512866061839 ], [ -90.458080401472813, 16.002475688504475 ], [ -90.458081863123326, 16.002398890519888 ], [ -90.458151356705372, 16.002361714746943 ], [ -90.458152815523846, 16.002284919472036 ], [ -90.458223035808643, 16.002249030009686 ], [ -90.458292403203004, 16.002211639951096 ], [ -90.458293604986849, 16.002134838297131 ], [ -90.458294808638627, 16.002058036642953 ], [ -90.458296013224071, 16.001981234084557 ], [ -90.458296024594333, 16.001980479363663 ], [ -90.458297217808351, 16.001904432429445 ], [ -90.458229053261718, 16.001865022643333 ], [ -90.458230255067903, 16.001788218275724 ], [ -90.458170461590882, 16.001753304993631 ], [ -90.458171922266914, 16.001676505195281 ], [ -90.458173382006933, 16.001599707203908 ], [ -90.458174842680592, 16.001522907404436 ], [ -90.458176304286795, 16.001446111220023 ], [ -90.45817873147395, 16.001318592404189 ], [ -90.458189685376468, 16.001273555188806 ], [ -90.458192748588246, 16.001273491610707 ], [ -90.458182311577787, 16.001246031214979 ], [ -90.458196298680221, 16.001246365653056 ], [ -90.458209756820168, 16.001143551475991 ], [ -90.458279394734433, 16.00110662966906 ], [ -90.458281155326759, 16.001029838962083 ], [ -90.458282918722176, 16.000953042831917 ], [ -90.458284679312015, 16.000876250316072 ], [ -90.45828643989968, 16.000799461415117 ], [ -90.458288199552968, 16.000722665282542 ], [ -90.45828996200747, 16.000645872765364 ], [ -90.458359599734109, 16.000608952738023 ], [ -90.458361358422565, 16.000532159314801 ], [ -90.458293483174018, 16.000492289536325 ], [ -90.458295242820682, 16.000415497920777 ], [ -90.458297004335051, 16.000338705401177 ], [ -90.458298765847999, 16.000261912880987 ], [ -90.45831173207003, 16.00025503792477 ], [ -90.458368402505741, 16.000224991041243 ], [ -90.458370162121014, 16.000148200326962 ], [ -90.458371924538639, 16.000071407804946 ], [ -90.458373683216607, 15.999994617089341 ], [ -90.458375444697481, 15.999917821854432 ], [ -90.458377204307638, 15.999841028426298 ], [ -90.458378964850638, 15.99976423590166 ], [ -90.458311090792094, 15.99972436522283 ], [ -90.458312851358855, 15.999647574505669 ], [ -90.458314613793121, 15.999570783788309 ], [ -90.458246736074926, 15.999530912184035 ], [ -90.458316372489037, 15.999493988550347 ], [ -90.458386009811903, 15.999457065797944 ], [ -90.458455646174016, 15.999420146638043 ], [ -90.458525281576144, 15.999383227455231 ], [ -90.458527043927077, 15.999306434926313 ], [ -90.458528801604089, 15.999229643299795 ], [ -90.458460927696464, 15.999189769955086 ], [ -90.458393051011655, 15.999149900203765 ], [ -90.458323414731638, 15.999186820248347 ], [ -90.45825553901004, 15.999146948646118 ], [ -90.458257298657742, 15.999070158828996 ], [ -90.458259061108734, 15.998993362684853 ], [ -90.458260822622151, 15.998916574674698 ], [ -90.458262583200792, 15.998839781240624 ], [ -90.458330458820626, 15.998879651033823 ], [ -90.458398333532202, 15.99891952442076 ], [ -90.458466210140969, 15.998959391459506 ], [ -90.458535847249919, 15.998922474079365 ], [ -90.458603684638959, 15.998962344682628 ], [ -90.458673321724717, 15.998925422738608 ], [ -90.458675080277203, 15.998848628396647 ], [ -90.458744713572642, 15.998811706428258 ], [ -90.458814330022278, 15.9987747844339 ], [ -90.458816084781404, 15.998697990992721 ], [ -90.458817844211438, 15.998621197551852 ], [ -90.458819602705589, 15.998544404110245 ], [ -90.458751742986976, 15.998504535377242 ], [ -90.458683866474331, 15.998464670234938 ], [ -90.45861598625153, 15.998424801454933 ], [ -90.458546387640013, 15.998461731524614 ], [ -90.458478508379656, 15.998421864509163 ], [ -90.458410631950187, 15.998381994761138 ], [ -90.458354587390062, 15.998343414381649 ], [ -90.458355357405267, 15.998266605385064 ], [ -90.458356127419066, 15.998189800003395 ], [ -90.458425281340453, 15.998152042876052 ], [ -90.458493663406585, 15.998191090204873 ], [ -90.458562817302706, 15.998153333033221 ], [ -90.458631202199484, 15.998192380318898 ], [ -90.458699559088728, 15.998231429385052 ], [ -90.458768715763441, 15.998193673051647 ], [ -90.458837859330188, 15.998155914885537 ], [ -90.458907015019321, 15.998118154891614 ], [ -90.458976169746393, 15.998080403009817 ], [ -90.45897694139255, 15.998003590393489 ], [ -90.45904609700176, 15.997965837584969 ], [ -90.459046870488294, 15.997889031294907 ], [ -90.459116026980865, 15.997851271232651 ], [ -90.459116796702133, 15.997774465844609 ], [ -90.45911757109576, 15.997697656841432 ], [ -90.45918672470458, 15.997659903082086 ], [ -90.459255106751343, 15.997698953785836 ], [ -90.459324263139166, 15.997661195463403 ], [ -90.45939264334389, 15.997700247930821 ], [ -90.459461800640725, 15.997662490468116 ], [ -90.459530956042897, 15.997624732078739 ], [ -90.459599339079105, 15.997663783577261 ], [ -90.45966849258636, 15.997626028758692 ], [ -90.459737649806442, 15.997588269399058 ], [ -90.459806806999467, 15.997550515440164 ], [ -90.459807577389924, 15.997473710047046 ], [ -90.459876733596346, 15.99743595425722 ], [ -90.459924570868878, 15.997357396923789 ], [ -90.460417833610137, 15.997384942183906 ], [ -90.460519791675381, 15.997390636275597 ], [ -90.460495259622832, 15.997480186257427 ], [ -90.460494486691644, 15.997556991653028 ], [ -90.460493713759789, 15.997633797048096 ], [ -90.460492943630101, 15.997710605154696 ], [ -90.460492170696028, 15.997787415067949 ], [ -90.460491399631096, 15.997864220461699 ], [ -90.460490623892525, 15.997941029469475 ], [ -90.460489852825745, 15.9980178375737 ], [ -90.460489630736291, 15.998040032727864 ], [ -90.460489081758837, 15.998094642965793 ], [ -90.460488311625198, 15.998171451069084 ], [ -90.46048753962215, 15.998248258267621 ], [ -90.460486766683999, 15.998325065465432 ], [ -90.460542879515231, 15.998389238107656 ], [ -90.460541120746242, 15.998466031565799 ], [ -90.460608997628469, 15.998505898833972 ], [ -90.46060723981806, 15.998582692292064 ], [ -90.460675116752412, 15.998622561346773 ], [ -90.460673360839635, 15.998699331304593 ], [ -90.460671601182838, 15.998776125665383 ], [ -90.460739480999123, 15.998815991988158 ], [ -90.460764970157371, 15.998830964569381 ], [ -90.460807358038636, 15.998855860096601 ], [ -90.460875236039897, 15.998895726375967 ], [ -90.460943112199018, 15.998935593537345 ], [ -90.461010990253655, 15.998975462485237 ], [ -90.46106551899797, 15.99901820869251 ], [ -90.461133398974098, 15.999058075794192 ], [ -90.461203022548617, 15.999021150315903 ], [ -90.461270899749877, 15.99906101646982 ], [ -90.461338776978451, 15.999100880794501 ], [ -90.461408410809142, 15.99906395615548 ], [ -90.461476288999478, 15.999103825860113 ], [ -90.46154416628319, 15.999143691023749 ], [ -90.461613801959913, 15.999106767222466 ], [ -90.461681680206425, 15.999146632342883 ], [ -90.461751313990618, 15.999109705785093 ], [ -90.461819191330861, 15.999149571765825 ], [ -90.461888809204908, 15.999112646064479 ], [ -90.461956685639379, 15.999152510193953 ], [ -90.462024564903672, 15.999192377013987 ], [ -90.46209416406677, 15.999155445819747 ], [ -90.462162047097436, 15.999195311693192 ], [ -90.462231678007939, 15.99915838136385 ], [ -90.462299557329615, 15.999198244481677 ], [ -90.462369189149598, 15.999161318627191 ], [ -90.462437067565162, 15.999201181701475 ], [ -90.462504946007172, 15.999241047465805 ], [ -90.462572827279672, 15.999280912305235 ], [ -90.462642450669023, 15.999243981841696 ], [ -90.462710331969703, 15.9992838475416 ], [ -90.462778216101071, 15.999323711412744 ], [ -90.46284784227106, 15.999286780883251 ], [ -90.46291572362756, 15.999326643806667 ], [ -90.462983604076541, 15.999366506708389 ], [ -90.463053234896108, 15.999329576113242 ], [ -90.463121115372942, 15.999369441683157 ], [ -90.463188997746457, 15.999409302712563 ], [ -90.463258628542462, 15.999372376570276 ], [ -90.463326509075245, 15.999412238459842 ], [ -90.463394389635141, 15.999452099424014 ], [ -90.463464019474287, 15.999415171407403 ], [ -90.46353190006171, 15.999455036847484 ], [ -90.463599778807975, 15.999494897746422 ], [ -90.463667658515462, 15.999534759527846 ], [ -90.463737285530385, 15.99949782871087 ], [ -90.463805167135476, 15.99953768864151 ], [ -90.463873048766544, 15.999577553973767 ], [ -90.463942677627472, 15.999540623994541 ], [ -90.464010560221524, 15.999580488379705 ], [ -90.464078440974234, 15.999620349127591 ], [ -90.464148072615643, 15.99958341998623 ], [ -90.46421595152745, 15.999623282498131 ], [ -90.464283835138701, 15.999663144085421 ], [ -90.46435346488893, 15.999626212165738 ], [ -90.464421347593557, 15.999666076421063 ], [ -90.464489230325938, 15.999705936135555 ], [ -90.46455885818385, 15.999669007764535 ], [ -90.464557111216024, 15.999745797635921 ], [ -90.464556701563325, 15.99976372654028 ], [ -90.464555358639672, 15.999822589313519 ], [ -90.464553608865174, 15.99989938189487 ], [ -90.464551858154309, 15.999976177187092 ], [ -90.464550111180714, 16.000052967960062 ], [ -90.464548361402635, 16.000129756924284 ], [ -90.46454741681309, 16.000171267452789 ], [ -90.464546612556532, 16.000206552215126 ], [ -90.464560390613414, 16.000289803628377 ], [ -90.464564968766396, 16.000352306316326 ], [ -90.464566379220727, 16.00037157052132 ], [ -90.465617549409487, 16.000242456721981 ], [ -90.466571571281122, 16.000050562247896 ], [ -90.466640657555004, 15.999868805783057 ], [ -90.466774093463698, 15.999801773581025 ], [ -90.466907563464346, 15.999782558220614 ], [ -90.467193281399986, 15.999830395446127 ], [ -90.467264345581427, 15.999796119247344 ], [ -90.467335411608502, 15.999761837602023 ], [ -90.467369895511709, 15.999656460867065 ], [ -90.467414084269961, 15.999611523119226 ], [ -90.467418926004029, 15.999534856615925 ], [ -90.467423767734772, 15.999458187400386 ], [ -90.467416757678606, 15.999398742157307 ], [ -90.467421599406521, 15.999322074748557 ], [ -90.467426441130968, 15.999245405531429 ], [ -90.46743128378597, 15.999168737217643 ], [ -90.46743612550263, 15.999092069806906 ], [ -90.467432566721882, 15.999019231682812 ], [ -90.467432616916824, 15.998940102333247 ], [ -90.467360847261261, 15.998895554631169 ], [ -90.467181305562562, 15.998649377191727 ], [ -90.46711200969213, 15.99852987535442 ], [ -90.467042826600121, 15.998264415423652 ], [ -90.46697763808325, 15.997995756412292 ], [ -90.466960920758311, 15.997716437470194 ], [ -90.466955953748013, 15.997633451471524 ], [ -90.466978365664303, 15.997537026563664 ], [ -90.467118178055301, 15.996935496308458 ], [ -90.467175824028473, 15.99686896200474 ], [ -90.467233178622365, 15.996761008232294 ], [ -90.467309070335432, 15.996650051927178 ], [ -90.467313901757478, 15.996573382691945 ], [ -90.467445330346621, 15.996180478184057 ], [ -90.467461843492586, 15.996131111819713 ], [ -90.467528079141218, 15.996014704592794 ], [ -90.467550024393077, 15.995703497855516 ], [ -90.467566859385045, 15.995628090401093 ], [ -90.467614091365661, 15.995416543518727 ], [ -90.467561432392145, 15.994925405716211 ], [ -90.467445380790124, 15.9946969464222 ], [ -90.467342399815209, 15.994541159448517 ], [ -90.467330980521936, 15.994474765528622 ], [ -90.46717509539134, 15.994417097161291 ], [ -90.467163170693937, 15.994338854444393 ], [ -90.467165223807058, 15.994269252058711 ], [ -90.467172160663154, 15.994220307251672 ], [ -90.467178921639871, 15.994172597091096 ], [ -90.466860728637315, 15.993609551484928 ], [ -90.466858712089277, 15.993604090047205 ], [ -90.466818762226794, 15.993495917960347 ], [ -90.466762362397446, 15.993434267749425 ], [ -90.466674362456416, 15.993397304296677 ], [ -90.466612040671293, 15.993350004629676 ], [ -90.466536377947506, 15.993314190035292 ], [ -90.466469156973929, 15.993261319069795 ], [ -90.466386140636388, 15.993313016886608 ], [ -90.46633128636887, 15.993341745653336 ], [ -90.466325296552881, 15.993258544327944 ], [ -90.466254177976992, 15.993217711206722 ], [ -90.466188017758952, 15.993158887492186 ], [ -90.466128146036027, 15.993184986087233 ], [ -90.466056813167341, 15.993146366421929 ], [ -90.465986572391202, 15.99318681574605 ], [ -90.465915238614869, 15.993148195129828 ], [ -90.465843902062673, 15.993109574489404 ], [ -90.465773664995083, 15.993150020129187 ], [ -90.465697163209697, 15.993131610753343 ], [ -90.465625827639201, 15.993092993656191 ], [ -90.465483156581101, 15.993015755775176 ], [ -90.465411819224485, 15.99297713589487 ], [ -90.465270248523581, 15.992978965986596 ], [ -90.465200010451795, 15.993019414150744 ], [ -90.465128682492761, 15.992980794178132 ], [ -90.465057350823599, 15.992942173277289 ], [ -90.464986020115646, 15.992903555968303 ], [ -90.465056257254261, 15.992863114200498 ], [ -90.46512649529943, 15.992822670601976 ], [ -90.465196737989004, 15.992782224269474 ], [ -90.465266976912474, 15.992741778817072 ], [ -90.46529455103213, 15.992671606609923 ], [ -90.465677408413214, 15.992276854412934 ], [ -90.465855228687417, 15.992061555041381 ], [ -90.465981169730611, 15.991886935518815 ], [ -90.466218418448193, 15.99182461646518 ], [ -90.466445793468026, 15.99178143215217 ], [ -90.466739918333332, 15.991754939592109 ], [ -90.467439409106319, 15.991716228546016 ], [ -90.467758265911613, 15.991708845956834 ], [ -90.467899160383595, 15.991711144768576 ], [ -90.468015348356431, 15.991732586300557 ], [ -90.468282290811686, 15.991715674837621 ], [ -90.468452831516004, 15.991696435035916 ], [ -90.468588745854206, 15.991648525900215 ], [ -90.468902581083043, 15.991531162692631 ], [ -90.470042918761564, 15.99097989075138 ], [ -90.470537070263731, 15.990692646914022 ], [ -90.470489286817383, 15.9906535429472 ], [ -90.470528283622301, 15.990630665245423 ], [ -90.470334121945498, 15.990484262764253 ], [ -90.470150691770641, 15.990335653463593 ], [ -90.470043047789048, 15.990163578592433 ], [ -90.469786797112008, 15.989571991847466 ], [ -90.469582562732043, 15.989130999924226 ], [ -90.469382090947093, 15.988765319850179 ], [ -90.469207571319373, 15.988399622506867 ], [ -90.469021893467598, 15.987980135523047 ], [ -90.469460333323894, 15.987976156166241 ], [ -90.469515938401656, 15.988122860740001 ], [ -90.46963483758951, 15.988481422146581 ], [ -90.469746209925873, 15.988682187230593 ], [ -90.469902093695737, 15.9889116135999 ], [ -90.470072762402779, 15.989076474586208 ], [ -90.470571389672855, 15.989524082129025 ], [ -90.471289961494918, 15.990183826163349 ], [ -90.47207027686251, 15.990900252399415 ], [ -90.472240912977995, 15.99101490125082 ], [ -90.472341048876231, 15.99105428363079 ], [ -90.472552394612535, 15.991064899446261 ], [ -90.472708062209605, 15.990989479403721 ], [ -90.472863664226978, 15.990824398030323 ], [ -90.473011803939343, 15.990594767269844 ], [ -90.473079601681775, 15.990645162408601 ], [ -90.472930982736543, 15.990839427782786 ], [ -90.472941487831832, 15.990899672348423 ], [ -90.472919288445638, 15.990964241387172 ], [ -90.472929234117402, 15.991043136151044 ], [ -90.472983642064904, 15.991083745336157 ], [ -90.472991127982937, 15.991179378389697 ], [ -90.473060358500433, 15.991208021392501 ], [ -90.473149369546164, 15.991246216135851 ], [ -90.473124713830799, 15.991329916009374 ], [ -90.473130204216901, 15.99140211801752 ], [ -90.473110478876805, 15.991469078998399 ], [ -90.473183679208745, 15.991516846348501 ], [ -90.473190126908591, 15.99157877699689 ], [ -90.473191644344411, 15.991593351944699 ], [ -90.473189235197069, 15.991678948184395 ], [ -90.473174439637489, 15.991726777758595 ], [ -90.473232326995969, 15.991793206101605 ], [ -90.473256107315848, 15.991863005205746 ], [ -90.473248766635933, 15.991903752152972 ], [ -90.473242321797201, 15.991939525264383 ], [ -90.473248309040017, 15.992014118039572 ], [ -90.473301736731599, 15.992064530294986 ], [ -90.473296351279956, 15.992137457647468 ], [ -90.473359766253211, 15.992173364159912 ], [ -90.473372267050351, 15.992180442939752 ], [ -90.473452637268636, 15.992230598180216 ], [ -90.473435386786718, 15.992301141492279 ], [ -90.473494740802067, 15.992344138251722 ], [ -90.473505660128424, 15.992404143309646 ], [ -90.473549020284594, 15.992434334892151 ], [ -90.473569466564527, 15.992448570504749 ], [ -90.473628819905784, 15.992490131895467 ], [ -90.473695588731445, 15.992533123181198 ], [ -90.473765326274787, 15.992576113000602 ], [ -90.47383654417456, 15.992617666742435 ], [ -90.473861016499811, 15.992606679674278 ], [ -90.473913886917686, 15.992582944381022 ], [ -90.474025474369853, 15.992615719234294 ], [ -90.47406851571084, 15.992604728058115 ], [ -90.474089178781128, 15.992691910646283 ], [ -90.474071983037121, 15.99276692993247 ], [ -90.473882513251809, 15.993037324100912 ], [ -90.473739414279009, 15.993400844028624 ], [ -90.473719674623894, 15.993448676644173 ], [ -90.473823575474157, 15.993563370280018 ], [ -90.473927315184483, 15.993660566907128 ], [ -90.473949967042969, 15.993680807097093 ], [ -90.474283320070214, 15.993978672987119 ], [ -90.474966140834013, 15.99325205760482 ], [ -90.474650591784624, 15.992976192116275 ], [ -90.474666940965704, 15.992958695296506 ], [ -90.474814537554508, 15.992853842176997 ], [ -90.474943381908645, 15.992838149033425 ], [ -90.4750398020755, 15.992854900657122 ], [ -90.475175775178698, 15.992907529239735 ], [ -90.475259830841182, 15.992948193688322 ], [ -90.475373561769729, 15.992924291490418 ], [ -90.475494707869757, 15.992919523005162 ], [ -90.475588655611702, 15.992936274100865 ], [ -90.475722159935444, 15.99296737751401 ], [ -90.475835881914321, 15.993017611549087 ], [ -90.475927362943239, 15.992986532612415 ], [ -90.47609302311217, 15.99288371793895 ], [ -90.4761795661869, 15.992800026409288 ], [ -90.47619193487138, 15.992740240995076 ], [ -90.476224086345312, 15.992649368568062 ], [ -90.476258704368419, 15.992608717632889 ], [ -90.476372444537532, 15.992503505384216 ], [ -90.476468869979229, 15.992474818374626 ], [ -90.476557877880879, 15.992446130513054 ], [ -90.476688908868212, 15.992474842345166 ], [ -90.476772968522681, 15.992482025387307 ], [ -90.476877907864733, 15.992507051050472 ], [ -90.476945286910308, 15.992547693162713 ], [ -90.477012667851582, 15.992588338869361 ], [ -90.47700996978358, 15.992665108009332 ], [ -90.477077352646418, 15.992705750983951 ], [ -90.47707465366743, 15.992782516508356 ], [ -90.477071954686025, 15.992859284743771 ], [ -90.477139335757755, 15.992899925890413 ], [ -90.477136638668156, 15.992976695029894 ], [ -90.477140233792682, 15.993039313087836 ], [ -90.477140290681803, 15.993040292879089 ], [ -90.477140942871927, 15.99304068522407 ], [ -90.477200663447036, 15.993156250181192 ], [ -90.477180120221007, 15.993886563961084 ], [ -90.477178048627181, 15.99396020489815 ], [ -90.477176634742335, 15.99400208694693 ], [ -90.477174046980707, 15.994078857898343 ], [ -90.477171455479123, 15.994155630656497 ], [ -90.477169790293175, 15.994246327488083 ], [ -90.477167201591143, 15.994323099341427 ], [ -90.477164611018296, 15.994399870290126 ], [ -90.477162017640211, 15.994476640334092 ], [ -90.477159317893125, 15.994626064502613 ], [ -90.476899703567923, 15.994906474926205 ], [ -90.476888447098133, 15.994948675878115 ], [ -90.476922439865078, 15.994976456978277 ], [ -90.476940993171567, 15.994993220162748 ], [ -90.477188977486733, 15.99547084662322 ], [ -90.477249891525631, 15.99555841096786 ], [ -90.477299384810834, 15.995621229094867 ], [ -90.477977651683275, 15.995907655369379 ], [ -90.477988275955298, 15.995902686127787 ], [ -90.47809782432779, 15.995993874262027 ], [ -90.47846401594532, 15.996322078658487 ], [ -90.478664764779509, 15.996205377730693 ], [ -90.479422724649979, 15.996627423480419 ], [ -90.479511734408334, 15.996676985237146 ], [ -90.479679772812105, 15.996779799062821 ], [ -90.47991669121005, 15.996924755376186 ], [ -90.480021872365413, 15.99709204717529 ], [ -90.480262987530352, 15.997232342284491 ], [ -90.48046392045292, 15.997354733418845 ], [ -90.480476365051899, 15.997465304714527 ], [ -90.480603086175392, 15.997516020956649 ], [ -90.480723714396333, 15.997677323009926 ], [ -90.480745405656663, 15.997758001736983 ], [ -90.480791789338411, 15.997805787569781 ], [ -90.480943299922103, 15.997946145286299 ], [ -90.480943336592205, 15.997993059265212 ], [ -90.480943366464885, 15.998032816475869 ], [ -90.480999078424176, 15.998155312582618 ], [ -90.481060958347854, 15.998262860268708 ], [ -90.481193869789564, 15.998325526644166 ], [ -90.481218658201357, 15.998415169174109 ], [ -90.481271230233745, 15.998471916314124 ], [ -90.481462428554366, 15.998790370158458 ], [ -90.481516629446944, 15.998878393659657 ], [ -90.481583899413195, 15.998919211444456 ], [ -90.481580984338876, 15.998995972445108 ], [ -90.481578070196903, 15.999072731637513 ], [ -90.481645340240377, 15.999113552114002 ], [ -90.481642425186763, 15.999190311306386 ], [ -90.481709695282817, 15.999231129954618 ], [ -90.481706780251756, 15.99930789185864 ], [ -90.481725653749237, 15.999398758549559 ], [ -90.481769870189922, 15.999435102011656 ], [ -90.481766957048137, 15.999511859395923 ], [ -90.48176404390378, 15.999588620395036 ], [ -90.481842987422908, 15.999661182662686 ], [ -90.482117984424093, 16.000354731431482 ], [ -90.482615472055684, 16.00143093359355 ], [ -90.48208386727994, 16.001714876479074 ], [ -90.48198806448562, 16.001658070799156 ], [ -90.481882988552513, 16.001616211430836 ], [ -90.481805721852055, 16.001634141104439 ], [ -90.481737721403334, 16.001723815440997 ], [ -90.481632634175241, 16.001795550386877 ], [ -90.481546097834425, 16.001798532038318 ], [ -90.481382277240655, 16.002007771480535 ], [ -90.481345179620519, 16.002127341731764 ], [ -90.481237007587623, 16.002136300414033 ], [ -90.48115666246008, 16.002034656116077 ], [ -90.481165943193702, 16.001930029691991 ], [ -90.481135042631408, 16.001873230215661 ], [ -90.481175231010255, 16.001759638400031 ], [ -90.481252501717606, 16.001699859323082 ], [ -90.481264871395268, 16.001619147494075 ], [ -90.481311239698641, 16.001511536128071 ], [ -90.481351425132516, 16.001427837644222 ], [ -90.48136997601074, 16.00135011721688 ], [ -90.481369982382091, 16.001281362377757 ], [ -90.481369989861449, 16.00120065037126 ], [ -90.481369999002851, 16.00110200216162 ], [ -90.481373094838276, 16.00104221569012 ], [ -90.481354556013798, 16.001000363545067 ], [ -90.481339112383338, 16.00089573495665 ], [ -90.481323666648692, 16.000823989706365 ], [ -90.48129276788039, 16.000749254043907 ], [ -90.481135155395108, 16.000671517320452 ], [ -90.481014631728584, 16.000587805628861 ], [ -90.480925009213919, 16.000542957183555 ], [ -90.480789027841595, 16.000507073567121 ], [ -90.480634496307914, 16.000539942134484 ], [ -90.480467600023601, 16.000599713772271 ], [ -90.480393418397952, 16.000683408094186 ], [ -90.480353235928021, 16.000734223064253 ], [ -90.480316144899717, 16.000773081142263 ], [ -90.480300686065959, 16.000838845502397 ], [ -90.480251229966669, 16.000907594901335 ], [ -90.480266657774166, 16.00116766854601 ], [ -90.480130665413455, 16.001230432723286 ], [ -90.48008431253453, 16.001176619825198 ], [ -90.480031771917893, 16.00118558305061 ], [ -90.480003952572602, 16.001224441934323 ], [ -90.47996686708683, 16.001215470379055 ], [ -90.479914329740041, 16.001191551140916 ], [ -90.479765982646768, 16.001179580056842 ], [ -90.479670178949775, 16.001140709544021 ], [ -90.479586737408781, 16.001101840163066 ], [ -90.479540381967226, 16.001074931450805 ], [ -90.479456938016895, 16.001051009155823 ], [ -90.479351860473301, 16.00103306288246 ], [ -90.479252961696133, 16.001042021458218 ], [ -90.479147881075065, 16.001053968454507 ], [ -90.479030440820196, 16.001033031758219 ], [ -90.478900635646326, 16.001047965285316 ], [ -90.478817192403142, 16.001027031807819 ], [ -90.478712114612989, 16.001012075191309 ], [ -90.478622484477526, 16.001041959663233 ], [ -90.478569944787296, 16.001041954430161 ], [ -90.478483416725155, 16.000970201877355 ], [ -90.478396884578174, 16.00092834265881 ], [ -90.478335077290751, 16.000889474965224 ], [ -90.478325810634161, 16.000841644457957 ], [ -90.478288731104954, 16.000778864908735 ], [ -90.478338184976153, 16.000728051260264 ], [ -90.478378370525604, 16.00065332142902 ], [ -90.47842782527772, 16.000602507759346 ], [ -90.478452559358985, 16.000518809163857 ], [ -90.478545281509511, 16.000462020764644 ], [ -90.478662741049533, 16.000297619368297 ], [ -90.478582399253042, 16.000175047919097 ], [ -90.478600955857715, 16.000052487212976 ], [ -90.478622385311027, 15.999900515174472 ], [ -90.478659175579196, 15.999844314083823 ], [ -90.478583022096203, 15.999793242918269 ], [ -90.478587507976755, 15.999753936286687 ], [ -90.478408791471551, 15.99952856342345 ], [ -90.478403846958415, 15.999522329905577 ], [ -90.478251498420988, 15.999410928213839 ], [ -90.478088393321187, 15.999463643763912 ], [ -90.47698095008063, 15.999416604088953 ], [ -90.476921642551446, 15.999440556355031 ], [ -90.476911783306633, 15.999478817512816 ], [ -90.476605169864015, 15.999647883067716 ], [ -90.476486561864405, 15.99971328249617 ], [ -90.476303948120631, 15.999813975075957 ], [ -90.476308952882434, 15.999895263402065 ], [ -90.476213001765529, 15.99996800271224 ], [ -90.476195308869407, 15.999981416751787 ], [ -90.476180609316302, 16.000158356624002 ], [ -90.475814910744774, 16.000349887159786 ], [ -90.475691315239928, 16.000349972639356 ], [ -90.475554130185884, 16.000408138563696 ], [ -90.475533163381755, 16.00041702925882 ], [ -90.475370024649067, 16.00042670633232 ], [ -90.475330441189456, 16.000383697024095 ], [ -90.4751698127955, 16.000443581864079 ], [ -90.475120363450245, 16.000429269844549 ], [ -90.474986922677815, 16.000486744386421 ], [ -90.474858440531165, 16.000563343300545 ], [ -90.474828880875293, 16.000702039003276 ], [ -90.474735000676475, 16.000773831547811 ], [ -90.474734584667672, 16.000797490944436 ], [ -90.474728463997337, 16.001146047649325 ], [ -90.474725511422136, 16.001314191510996 ], [ -90.474819504471668, 16.001395418902838 ], [ -90.474811964360597, 16.001543411565617 ], [ -90.474795138887401, 16.001873623151702 ], [ -90.474632054696556, 16.001959809621606 ], [ -90.474601822654108, 16.002040405970092 ], [ -90.474592582250594, 16.002065038681671 ], [ -90.473989656314203, 16.002371494433252 ], [ -90.473987262175285, 16.002501551476087 ], [ -90.473984901918826, 16.002629719453854 ], [ -90.473826744583548, 16.002691992475807 ], [ -90.473638859581328, 16.002668212449649 ], [ -90.473406448684457, 16.002601424706263 ], [ -90.473224885346923, 16.002502074263017 ], [ -90.473109697916669, 16.002439043657631 ], [ -90.473084929291105, 16.002371515880824 ], [ -90.473041664203123, 16.002362579415589 ], [ -90.473010775860615, 16.002377544365121 ], [ -90.472843864443831, 16.002299952254653 ], [ -90.472819162055245, 16.002323878827411 ], [ -90.472810276707392, 16.002319501212689 ], [ -90.472667702854707, 16.002249264945259 ], [ -90.47258739956807, 16.002297138512173 ], [ -90.472534838571463, 16.002252343724823 ], [ -90.472395846416831, 16.002327154683826 ], [ -90.47217726514576, 16.002318002928885 ], [ -90.472053650575134, 16.002291935831913 ], [ -90.471948645563259, 16.002363734737568 ], [ -90.471798119218747, 16.002455973840419 ], [ -90.471425719026414, 16.002684173711877 ], [ -90.47128460696689, 16.002770643460732 ], [ -90.47113003724715, 16.002669132822682 ], [ -90.471025016034815, 16.002720010526815 ], [ -90.470926116495733, 16.002687202413476 ], [ -90.470821099961768, 16.002744057244879 ], [ -90.470685119395711, 16.002711273809457 ], [ -90.470048849956342, 16.003067352106207 ], [ -90.469956180145005, 16.003106266611692 ], [ -90.469928438866631, 16.003201921850863 ], [ -90.469823380779175, 16.003201992084659 ], [ -90.469770453417681, 16.003234619413988 ], [ -90.469755433045549, 16.003243879153644 ], [ -90.469604043483329, 16.003267888716419 ], [ -90.469316775561822, 16.003402570928646 ], [ -90.469214786113199, 16.003372751557183 ], [ -90.469125226972423, 16.003441550470797 ], [ -90.469122190576456, 16.003516270330703 ], [ -90.468958481092258, 16.003597072611438 ], [ -90.468813258735551, 16.003603146309526 ], [ -90.468748346259758, 16.003570314107183 ], [ -90.468479623553193, 16.003713947008713 ], [ -90.468428495474384, 16.003670373452486 ], [ -90.468427063103746, 16.003669152127202 ], [ -90.468071866019471, 16.003875605423378 ], [ -90.468010037866776, 16.003833804455041 ], [ -90.467620857013173, 16.004049244441024 ], [ -90.467559020551235, 16.003995488891128 ], [ -90.467200716381086, 16.004181022239607 ], [ -90.467021529398139, 16.004222980006645 ], [ -90.466931708725781, 16.004295523553854 ], [ -90.466761794437502, 16.004343454332776 ], [ -90.465383628855861, 16.004269630878728 ] ], [ [ -90.47579722664446, 15.996741794543659 ], [ -90.476409760777813, 15.996091032384991 ], [ -90.476430167586415, 15.996048297380854 ], [ -90.476436081816303, 15.996023427399779 ], [ -90.476438033949208, 15.995990909419262 ], [ -90.476414273081716, 15.995948845658056 ], [ -90.476366776298534, 15.995899147086346 ], [ -90.476261896357727, 15.99579975695403 ], [ -90.475721695392139, 15.995329596871814 ], [ -90.474908418330287, 15.99460522812976 ], [ -90.474376148145964, 15.994154185818989 ], [ -90.474234330534557, 15.994042395634734 ], [ -90.474303039709014, 15.994174643212302 ], [ -90.474288762934876, 15.994221757056488 ], [ -90.474231655882519, 15.994248882311819 ], [ -90.474116881768168, 15.994188769916143 ], [ -90.474061210157856, 15.994258150790637 ], [ -90.474074611625795, 15.99436166887034 ], [ -90.473656318784393, 15.994762755939082 ], [ -90.474147423396786, 15.995086929171121 ], [ -90.473396551788355, 15.995904812483765 ], [ -90.47342371039322, 15.995920181474132 ], [ -90.47330193044273, 15.996061021312141 ], [ -90.473274153093996, 15.996102882876574 ], [ -90.473317831286124, 15.996171591652267 ], [ -90.473715519463838, 15.9964639699585 ], [ -90.474392268327961, 15.997073673968567 ], [ -90.474912700581413, 15.99755150245992 ], [ -90.474948315159679, 15.997576343796828 ], [ -90.474992012034846, 15.997569617836286 ], [ -90.475120467389175, 15.997459547052699 ], [ -90.47579722664446, 15.996741794543659 ] ], [ [ -90.471817407912937, 15.990772624954326 ], [ -90.471315933628148, 15.990315476094853 ], [ -90.471342059436225, 15.990509945291054 ], [ -90.471427395956965, 15.990592375219943 ], [ -90.471549791993738, 15.990653262877252 ], [ -90.471687040457539, 15.990742829220816 ], [ -90.471817407912937, 15.990772624954326 ] ] ] ] } },
{ "type": "Feature", "properties": { "OBJECTID": 21, "Id": 0, "Shape_Leng": 7718.4900496800001, "Shape_Area": 910388.44881199999 }, "geometry": { "type": "MultiPolygon", "coordinates": [ [ [ [ -90.467586199179038, 16.071050501739943 ], [ -90.465215421464009, 16.071102850528735 ], [ -90.464683741234495, 16.071067327863563 ], [ -90.464687180124869, 16.071359983779228 ], [ -90.464731725644413, 16.071410164975173 ], [ -90.464681508896064, 16.073906365858289 ], [ -90.461773413515289, 16.073879518858163 ], [ -90.461787192041513, 16.072301472582119 ], [ -90.46174267529301, 16.072294327797806 ], [ -90.461833786526512, 16.071021316072368 ], [ -90.461817565944614, 16.069879640379913 ], [ -90.461758758040659, 16.069763118540234 ], [ -90.461729846988348, 16.068134290911047 ], [ -90.463244419779087, 16.06812735889919 ], [ -90.46465389450286, 16.068111516668598 ], [ -90.465528647772373, 16.068122908674486 ], [ -90.466897947088739, 16.068119031212031 ], [ -90.467624329414335, 16.068121544735472 ], [ -90.467640451724151, 16.069074931976679 ], [ -90.46764091144685, 16.069729458220216 ], [ -90.46763515642931, 16.07033915863633 ], [ -90.467601216861496, 16.070425853017433 ], [ -90.467586195473046, 16.071044525454912 ], [ -90.467586199179038, 16.071050501739943 ] ] ], [ [ [ -90.479294906008775, 16.072516947753268 ], [ -90.47929380305014, 16.071070413825506 ], [ -90.480456031223611, 16.071075560275538 ], [ -90.480495260156118, 16.073855029509371 ], [ -90.479302148763651, 16.073909680164114 ], [ -90.479294906008775, 16.072516947753268 ] ] ], [ [ [ -90.467586199179038, 16.071050501739943 ], [ -90.467670150362423, 16.071062896335576 ], [ -90.467741976603506, 16.071096620936125 ], [ -90.467874271069022, 16.071096056038119 ], [ -90.467942701409527, 16.071128707186592 ], [ -90.468012745975884, 16.071092379107885 ], [ -90.468088110361805, 16.07113865413756 ], [ -90.46816507444386, 16.071095386343497 ], [ -90.468223073394711, 16.071063488001528 ], [ -90.46829860575842, 16.071094102803034 ], [ -90.468361550510437, 16.071063397339707 ], [ -90.468437082895392, 16.071094012092388 ], [ -90.468503976447195, 16.071049914760465 ], [ -90.46857382288654, 16.071083879216069 ], [ -90.468631130890444, 16.071123950058947 ], [ -90.468708589432282, 16.071080204002747 ], [ -90.468773559696388, 16.071116204967847 ], [ -90.468848297869869, 16.071072938410754 ], [ -90.468910502060496, 16.071042950338313 ], [ -90.46898926626136, 16.071096755555022 ], [ -90.469046516631636, 16.071056728519704 ], [ -90.469120321097535, 16.071090690657858 ], [ -90.469183507438402, 16.071050421305259 ], [ -90.46926325528969, 16.071097051767538 ], [ -90.4693259447683, 16.071053673946629 ], [ -90.469398021832603, 16.071093375216304 ], [ -90.469458486851067, 16.071053586243881 ], [ -90.469541442542024, 16.0710908901879 ], [ -90.469604876374547, 16.071051576119991 ], [ -90.469670024065735, 16.071083631514547 ], [ -90.469738653648534, 16.071049335438218 ], [ -90.469808506657913, 16.071090712905093 ], [ -90.469873933997434, 16.071072437150988 ], [ -90.469947485314478, 16.071099944545043 ], [ -90.470010917666542, 16.071057522001595 ], [ -90.470084726077346, 16.07109746190033 ], [ -90.47015532915735, 16.071055512127984 ], [ -90.470220724446108, 16.071089001806346 ], [ -90.470289404297873, 16.071124760594845 ], [ -90.470352715128271, 16.071132368979764 ], [ -90.470398549837441, 16.071108970920115 ], [ -90.470430915896628, 16.071092448417783 ], [ -90.470523250057965, 16.071025597627244 ], [ -90.470512467019645, 16.069840261665146 ], [ -90.470594012060474, 16.069761305834593 ], [ -90.47059732343088, 16.069205404180817 ], [ -90.470559488887645, 16.068168946319339 ], [ -90.470614920785678, 16.068186916236076 ], [ -90.470694026435524, 16.06813231166846 ], [ -90.470766892477428, 16.068172941757322 ], [ -90.470839715245461, 16.068132241176066 ], [ -90.470912580382333, 16.068172870311393 ], [ -90.470985403120665, 16.068132170584402 ], [ -90.471058269221828, 16.068172800574168 ], [ -90.471131091930729, 16.068132099893727 ], [ -90.471203958061679, 16.068172728930108 ], [ -90.471276781675783, 16.068132028200164 ], [ -90.471349646901444, 16.068172658090752 ], [ -90.471422468616424, 16.068131957310953 ], [ -90.471495334806491, 16.06817258715213 ], [ -90.471568158361478, 16.068131886322977 ], [ -90.471641023646413, 16.068172516114494 ], [ -90.471713846237165, 16.06813181433176 ], [ -90.471786711551729, 16.068172444073738 ], [ -90.471859535047571, 16.068131743145376 ], [ -90.471932400391779, 16.068172372837804 ], [ -90.472005222923144, 16.068131672763588 ], [ -90.472078088297081, 16.068172301502621 ], [ -90.472150911733806, 16.06813160047507 ], [ -90.472223777137259, 16.06817223006842 ], [ -90.472296600544396, 16.068131528991266 ], [ -90.472369466912269, 16.068172158535202 ], [ -90.472442288420282, 16.068131457408185 ], [ -90.472515146783181, 16.068162523216543 ], [ -90.472587971062495, 16.068121822040247 ], [ -90.472660834681918, 16.068162450580942 ], [ -90.472733657062093, 16.068121749354805 ], [ -90.472806523515487, 16.068162377846317 ], [ -90.472879389998369, 16.068203007216763 ], [ -90.472952212349, 16.068162305916392 ], [ -90.473025034669917, 16.06812160549492 ], [ -90.47309790024778, 16.068162233887222 ], [ -90.473170723474027, 16.068121532512414 ], [ -90.47324358908152, 16.068162160855174 ], [ -90.473316411343305, 16.068121460334503 ], [ -90.473354685077624, 16.068142800588266 ], [ -90.473389277915089, 16.06816208953169 ], [ -90.47348615790051, 16.068134233907767 ], [ -90.473524977578904, 16.068148431939978 ], [ -90.473561003329579, 16.068161609168346 ], [ -90.473623674406397, 16.068116149398783 ], [ -90.473698545000858, 16.068165519915166 ], [ -90.473761220721286, 16.068120062817453 ], [ -90.473795820610405, 16.068142880344354 ], [ -90.473836084807601, 16.068169434188835 ], [ -90.473901579439783, 16.068126776632074 ], [ -90.473976443870967, 16.068073123899499 ], [ -90.474039111746194, 16.068130688062809 ], [ -90.474113980815716, 16.068077037090386 ], [ -90.474183917578998, 16.068040605734115 ], [ -90.474261663523293, 16.068083901594207 ], [ -90.474320561614007, 16.068031301619168 ], [ -90.474312305945247, 16.068123386236369 ], [ -90.474393091177234, 16.068157450442598 ], [ -90.474413561325889, 16.068148116976189 ], [ -90.474418517810378, 16.068102180063928 ], [ -90.475645013898472, 16.068097506461498 ], [ -90.476345301698757, 16.068093193151039 ], [ -90.47633806257069, 16.068996026442989 ], [ -90.476339217136115, 16.069951924976074 ], [ -90.476395647725496, 16.069951893243918 ], [ -90.476866736069979, 16.069976668703919 ], [ -90.477144931262472, 16.069983646515045 ], [ -90.477319145798674, 16.069825720097107 ], [ -90.477330200393226, 16.069728878687375 ], [ -90.477322536565083, 16.069402516817735 ], [ -90.477306998588588, 16.06847005185212 ], [ -90.477304260666514, 16.068164466467096 ], [ -90.477302949863855, 16.068018163001529 ], [ -90.478337856090747, 16.068081988349245 ], [ -90.478812627299064, 16.068078065227539 ], [ -90.479228069864888, 16.068099288674514 ], [ -90.47924021697132, 16.069437025302943 ], [ -90.479245068235599, 16.070936156003466 ], [ -90.478759179781889, 16.070961606975846 ], [ -90.478276849889255, 16.070789799127684 ], [ -90.478002489169839, 16.070951382979818 ], [ -90.476340442309848, 16.070966899351511 ], [ -90.476340506164931, 16.071019803760638 ], [ -90.476326264757546, 16.0718160047286 ], [ -90.476326793977719, 16.072526121484515 ], [ -90.47635005942233, 16.073878196769453 ], [ -90.475760305585624, 16.073907299063485 ], [ -90.475155674204615, 16.073882614168319 ], [ -90.473853714705129, 16.073879924667022 ], [ -90.472318079660127, 16.073891731122895 ], [ -90.47051536654233, 16.07388936088655 ], [ -90.467615802445081, 16.073914766708153 ], [ -90.467586199179038, 16.071050501739943 ] ] ] ] } },
{ "type": "Feature", "properties": { "OBJECTID": 23, "Id": 0, "Shape_Leng": 8712.3008053899994, "Shape_Area": 718716.0333 }, "geometry": { "type": "MultiPolygon", "coordinates": [ [ [ [ -90.477777028109671, 16.062129339020817 ], [ -90.477794752981822, 16.059852927336511 ], [ -90.479152904817596, 16.059840623166881 ], [ -90.479109984504888, 16.060025335370277 ], [ -90.479206207122317, 16.060098283142391 ], [ -90.479394483954863, 16.06006809539862 ], [ -90.479628902163327, 16.060060398898042 ], [ -90.479606961747592, 16.06027214117583 ], [ -90.479581151564688, 16.0604367190079 ], [ -90.479542519265777, 16.060666629881176 ], [ -90.479504059613149, 16.060889297263387 ], [ -90.479413277137283, 16.061103529353723 ], [ -90.479352665837126, 16.061286770214238 ], [ -90.479301106249864, 16.061391698302998 ], [ -90.479109497510791, 16.06156645545855 ], [ -90.478941670174265, 16.061574846683175 ], [ -90.478821037253013, 16.061648028073403 ], [ -90.478657174097634, 16.06182330456647 ], [ -90.478484770104757, 16.061934851960924 ], [ -90.47846539718492, 16.062118610083523 ], [ -90.477777028109671, 16.062129339020817 ] ] ], [ [ [ -90.482056834437643, 16.065117328168562 ], [ -90.482002112047709, 16.065117933678057 ], [ -90.481478836013409, 16.065123724343145 ], [ -90.480846362762904, 16.065122086956713 ], [ -90.480576283642137, 16.065121387448329 ], [ -90.480476814779436, 16.065121894503431 ], [ -90.479903360558666, 16.065124820556154 ], [ -90.479922211375893, 16.065523044494856 ], [ -90.480148531905627, 16.065605370616179 ], [ -90.481060916441209, 16.065529398396801 ], [ -90.482073703029627, 16.065443811894522 ], [ -90.482064232908286, 16.065203356789826 ], [ -90.482064212436072, 16.06520232187431 ], [ -90.48206427897081, 16.065200468073577 ], [ -90.482064529805655, 16.065196934925954 ], [ -90.482056834437643, 16.065117328168562 ], [ -90.482140483213271, 16.065127795474012 ], [ -90.482202298851945, 16.065124761860837 ], [ -90.482427927084203, 16.065112642628623 ], [ -90.483200651254748, 16.065103112938989 ], [ -90.484165029460243, 16.065114359881321 ], [ -90.485042852754447, 16.065113711664175 ], [ -90.485092317059113, 16.065125629728538 ], [ -90.485095438166226, 16.065164480339682 ], [ -90.48512373716872, 16.065771166851341 ], [ -90.485139234507884, 16.065824951808235 ], [ -90.485544161819817, 16.065842583909205 ], [ -90.486273616167338, 16.065833074553559 ], [ -90.487451253044341, 16.065820237050662 ], [ -90.488050906999447, 16.065834728512364 ], [ -90.488407330955937, 16.065854808260163 ], [ -90.491051933591407, 16.065849201959288 ], [ -90.491063618840755, 16.066527032084192 ], [ -90.491071710246658, 16.067344735339436 ], [ -90.491034899247083, 16.067685475267997 ], [ -90.491024004750699, 16.067968813362771 ], [ -90.491046839963843, 16.068671739344495 ], [ -90.491035730002508, 16.068693266888179 ], [ -90.491047820633, 16.068774480536181 ], [ -90.49106108500817, 16.069868336694377 ], [ -90.491055383840816, 16.070451139102971 ], [ -90.491074012564795, 16.070552741253749 ], [ -90.491080601455195, 16.071045872744349 ], [ -90.491068286574119, 16.071105655871545 ], [ -90.491068611102762, 16.071500164816293 ], [ -90.491062463863599, 16.071542011208354 ], [ -90.490036247251368, 16.0715487773459 ], [ -90.488230111176705, 16.071512750212179 ], [ -90.488230115298521, 16.071442669865686 ], [ -90.488302646091284, 16.071399121619688 ], [ -90.488311576502184, 16.071106271485544 ], [ -90.48845160558605, 16.071022269436614 ], [ -90.488454038769689, 16.070829450310224 ], [ -90.488380939464676, 16.07079930823372 ], [ -90.488380946879346, 16.070671599029282 ], [ -90.488569461911965, 16.070581704587372 ], [ -90.488721443970164, 16.070659460398424 ], [ -90.488966990237785, 16.070662271528285 ], [ -90.488971934660469, 16.070436475389609 ], [ -90.48914690493082, 16.070433644421509 ], [ -90.489345422389832, 16.070330596910935 ], [ -90.489433760860948, 16.070197953417967 ], [ -90.489675607621379, 16.070327119692973 ], [ -90.489954549155613, 16.070326885308486 ], [ -90.490143306741359, 16.070245053677944 ], [ -90.490148477352321, 16.06993574859013 ], [ -90.490258595210349, 16.069871899925595 ], [ -90.490330857375781, 16.069911262449107 ], [ -90.490587161827875, 16.069782921111841 ], [ -90.490592831867914, 16.069632403374897 ], [ -90.490739113430536, 16.069553018788216 ], [ -90.490740109006296, 16.069471677347799 ], [ -90.491009069535139, 16.069325716306533 ], [ -90.491008373711196, 16.069229266863402 ], [ -90.490785409796615, 16.069229257382474 ], [ -90.490667246173345, 16.069285037262052 ], [ -90.490658816873562, 16.069411816050252 ], [ -90.490516397760359, 16.069593504431381 ], [ -90.490430813819742, 16.069713875062007 ], [ -90.490343082290721, 16.069762336704404 ], [ -90.490197378446481, 16.069758699298543 ], [ -90.489998193013562, 16.069855119609056 ], [ -90.489996376534521, 16.07015792794633 ], [ -90.489896826326543, 16.07022072307889 ], [ -90.489728738887806, 16.070210165290568 ], [ -90.489630613676653, 16.070155418614601 ], [ -90.489628879751734, 16.070099063204822 ], [ -90.489530536130644, 16.070093151728777 ], [ -90.489455669193703, 16.070134848283708 ], [ -90.489309931680438, 16.070126750654229 ], [ -90.489192840192828, 16.070183752683416 ], [ -90.489191009460754, 16.070277832089495 ], [ -90.489018111672095, 16.070282347080941 ], [ -90.488809200153597, 16.070384754720152 ], [ -90.488639280105829, 16.070462398615863 ], [ -90.4885078601407, 16.070397748835518 ], [ -90.488436760868126, 16.070507008353694 ], [ -90.488295446615282, 16.070498193516016 ], [ -90.488085280604295, 16.070826089456631 ], [ -90.488085240150454, 16.071505549324382 ], [ -90.488060836394084, 16.071503654389755 ], [ -90.488084053156285, 16.069633902656346 ], [ -90.488078462067023, 16.068835324267422 ], [ -90.48810070229159, 16.068729005091349 ], [ -90.487102941514834, 16.068740514839373 ], [ -90.485229788225453, 16.068720395114486 ], [ -90.485111080113612, 16.068702550225566 ], [ -90.485085101871661, 16.068684636731248 ], [ -90.48506978480809, 16.068078538790338 ], [ -90.485040093959881, 16.06805704215094 ], [ -90.483534169746207, 16.068054565335501 ], [ -90.482187747609373, 16.068062721491355 ], [ -90.482169187216485, 16.068044802836344 ], [ -90.479273227508443, 16.068070939132362 ], [ -90.479244737697968, 16.068047978465479 ], [ -90.479242367634512, 16.06800665400327 ], [ -90.479207132815418, 16.06654927803315 ], [ -90.479203342258685, 16.066441687317052 ], [ -90.479213190014661, 16.065128339357223 ], [ -90.479197719883572, 16.065107429884538 ], [ -90.479163314043092, 16.064575464562896 ], [ -90.479125693106255, 16.063879123835925 ], [ -90.479106635210002, 16.063206678276444 ], [ -90.479087426356969, 16.062333990797903 ], [ -90.479093537185818, 16.062241337209709 ], [ -90.479105868179687, 16.062199486306977 ], [ -90.479105888978339, 16.062125578077783 ], [ -90.480381011795345, 16.06213944541711 ], [ -90.480382570206004, 16.062109053431961 ], [ -90.48038353704365, 16.061953317476792 ], [ -90.480383684054914, 16.061740794937677 ], [ -90.480387474332701, 16.061599150337525 ], [ -90.480399924537593, 16.0615394997488 ], [ -90.480359738442644, 16.061407521463835 ], [ -90.480107453602429, 16.061387992081563 ], [ -90.480077098053329, 16.061223029363905 ], [ -90.480069674433963, 16.061033434201278 ], [ -90.480019220242909, 16.060856512498248 ], [ -90.47998722955694, 16.060667632694155 ], [ -90.479993384698901, 16.060454212259465 ], [ -90.479974243380681, 16.060309561995652 ], [ -90.480286807268641, 16.060277016951858 ], [ -90.480495190815276, 16.060262869002322 ], [ -90.480512204690569, 16.06011312975242 ], [ -90.480500873210588, 16.059964543047517 ], [ -90.48050128580762, 16.059826290283194 ], [ -90.48130074844282, 16.059818415777855 ], [ -90.481350476904396, 16.059817925704635 ], [ -90.48141050813075, 16.059817334378611 ], [ -90.482013827759729, 16.059807964102987 ], [ -90.483257313596525, 16.05978864377316 ], [ -90.483478882919883, 16.059785200115989 ], [ -90.485032646974247, 16.05976104942631 ], [ -90.485049072272489, 16.062165312695367 ], [ -90.485043943716789, 16.062184338487558 ], [ -90.483822556038234, 16.06216537631034 ], [ -90.483824429890632, 16.062146351205513 ], [ -90.483848100693066, 16.061937909538106 ], [ -90.483894590360606, 16.061674964403714 ], [ -90.483925489409899, 16.061490608290754 ], [ -90.483966716766744, 16.061255881997592 ], [ -90.483975581904659, 16.061081216258899 ], [ -90.483991208042383, 16.060930305241509 ], [ -90.483998997127827, 16.060850733121171 ], [ -90.483833009549272, 16.06070482847905 ], [ -90.483740200628901, 16.060584539109087 ], [ -90.483663572564893, 16.060564159476897 ], [ -90.483393995193964, 16.060549790043488 ], [ -90.482832572010409, 16.060652578294288 ], [ -90.482461590230244, 16.060681245641142 ], [ -90.482085664862794, 16.060674039725292 ], [ -90.48172645964506, 16.060694569374668 ], [ -90.481351083321698, 16.06074389655317 ], [ -90.481356975034799, 16.062109481224418 ], [ -90.481361482382226, 16.062140068977502 ], [ -90.482001039514302, 16.062147979991561 ], [ -90.482004448569583, 16.062148223377577 ], [ -90.482007804998133, 16.06214886780139 ], [ -90.482011061790303, 16.062149904237302 ], [ -90.482014234349805, 16.062149913542321 ], [ -90.48201133845744, 16.062254182927983 ], [ -90.482023772011658, 16.062343835551442 ], [ -90.48202727126332, 16.062869844246702 ], [ -90.482030794022862, 16.063425740691503 ], [ -90.482046916258753, 16.064286474993914 ], [ -90.482059906363162, 16.065093416041734 ], [ -90.482056834437643, 16.065117328168562 ] ] ] ] } },
{ "type": "Feature", "properties": { "OBJECTID": 25, "Id": 0, "Shape_Leng": 5818.5620440599996, "Shape_Area": 1006502.17401 }, "geometry": { "type": "MultiPolygon", "coordinates": [ [ [ [ -90.355581794894817, 16.173443157280005 ], [ -90.35597254804695, 16.172085029522698 ], [ -90.355398377082125, 16.170564420729132 ], [ -90.354967770716442, 16.169574596253696 ], [ -90.354817209132207, 16.169295726569615 ], [ -90.35428221996645, 16.168393257323494 ], [ -90.354244971025821, 16.168330422825058 ], [ -90.354226413514837, 16.168315481333799 ], [ -90.354204764362223, 16.168306517553702 ], [ -90.354170745560111, 16.16830652137098 ], [ -90.354121266102041, 16.168315491565664 ], [ -90.354084652462262, 16.168350522956896 ], [ -90.354056948906347, 16.168402171288488 ], [ -90.353386048272938, 16.169062152495439 ], [ -90.352891280454031, 16.169530834600334 ], [ -90.352669128343763, 16.16975142487404 ], [ -90.352668548679802, 16.169752423219951 ], [ -90.352359919786153, 16.170283449741142 ], [ -90.352044527560466, 16.170854328761514 ], [ -90.35181570989991, 16.171230930388088 ], [ -90.351664200157146, 16.171547750302128 ], [ -90.351305513118234, 16.172172429051621 ], [ -90.351184896536068, 16.172154507414824 ], [ -90.351123044625226, 16.172160490087531 ], [ -90.351017896151632, 16.172175442914657 ], [ -90.350618863766101, 16.171281842530846 ], [ -90.350149101849823, 16.170233530417203 ], [ -90.349688818669975, 16.169064373697058 ], [ -90.349377019373904, 16.168286131185742 ], [ -90.349284216415597, 16.167981285858158 ], [ -90.349250813049508, 16.167941837458571 ], [ -90.349221123323588, 16.167931080581617 ], [ -90.348869075791995, 16.167834341164081 ], [ -90.348403940172247, 16.167698568636467 ], [ -90.347930887061722, 16.167543665919851 ], [ -90.347889322708454, 16.167547494737921 ], [ -90.34769733071002, 16.167486298340819 ], [ -90.347580525151386, 16.167437277956534 ], [ -90.347501378299555, 16.167404061976541 ], [ -90.347493461275832, 16.167381108622649 ], [ -90.347503354266522, 16.167354329401501 ], [ -90.347533039963452, 16.167310333480618 ], [ -90.348057513315226, 16.16695069032923 ], [ -90.34809709382364, 16.166902868186593 ], [ -90.348311281823996, 16.166776081471344 ], [ -90.348658729779245, 16.166537015319097 ], [ -90.3486453698562, 16.166519801159257 ], [ -90.348643882364684, 16.166498282296264 ], [ -90.349163407911703, 16.166194108962191 ], [ -90.349467699168017, 16.16599324166755 ], [ -90.349479571603197, 16.165961679702992 ], [ -90.349883312230332, 16.165691944108737 ], [ -90.350013934706169, 16.165613030266645 ], [ -90.350005024274793, 16.165571428196166 ], [ -90.35049570884054, 16.165261514420912 ], [ -90.350506839415544, 16.16521130286495 ], [ -90.351007802271809, 16.16490282317492 ], [ -90.351015217113186, 16.164827505630125 ], [ -90.351275945580355, 16.164678399084032 ], [ -90.35172398707887, 16.164422169887523 ], [ -90.351720269960879, 16.164357613861846 ], [ -90.352603441156873, 16.163812386555499 ], [ -90.352648962210907, 16.163805208997168 ], [ -90.352662321761272, 16.163804214973535 ], [ -90.352709244852818, 16.163776650362774 ], [ -90.352744207304866, 16.163731377493963 ], [ -90.35290747892769, 16.163607030100369 ], [ -90.353298352049393, 16.163398976312187 ], [ -90.353384936980021, 16.163351148471687 ], [ -90.353610055188327, 16.163202885806395 ], [ -90.353835182789396, 16.163121568830945 ], [ -90.353966296050785, 16.163047435096768 ], [ -90.354146882510207, 16.162894392517025 ], [ -90.354426415244518, 16.162626573187396 ], [ -90.354790052522858, 16.162265496153722 ], [ -90.354940951238845, 16.162136368239338 ], [ -90.355198217181325, 16.161870939632387 ], [ -90.355261925839514, 16.161769960262276 ], [ -90.355297011266074, 16.161905341108831 ], [ -90.35529724051527, 16.161905175861101 ], [ -90.355262048495277, 16.161769765115263 ], [ -90.355472779193349, 16.161435749749245 ], [ -90.355633559196534, 16.161189459978569 ], [ -90.355759729835682, 16.161165537546374 ], [ -90.355883431955817, 16.161182260153097 ], [ -90.356175373547217, 16.161285041111224 ], [ -90.356615761903655, 16.161452360335268 ], [ -90.356979456060031, 16.161598169900564 ], [ -90.357390162548555, 16.161789400489518 ], [ -90.357390922168705, 16.161811269512068 ], [ -90.357451647783364, 16.161842719658473 ], [ -90.357481248962301, 16.161806739347881 ], [ -90.357644539406564, 16.16186410528282 ], [ -90.35785731189624, 16.161940590603525 ], [ -90.358436251691501, 16.16213658167133 ], [ -90.360316524302732, 16.162862120649198 ], [ -90.361284410754664, 16.163250288284598 ], [ -90.36194551162987, 16.163550504055916 ], [ -90.361942220348467, 16.16370711555026 ], [ -90.361928216180047, 16.16370718510575 ], [ -90.362065791749629, 16.163804818944815 ], [ -90.362092389474157, 16.163822648230553 ], [ -90.362107238801514, 16.163851336826539 ], [ -90.362096118160196, 16.163937415374221 ], [ -90.362070153529203, 16.164023494249182 ], [ -90.362007085205164, 16.164149029903687 ], [ -90.361888377236895, 16.164457483810502 ], [ -90.361636117999325, 16.165063635039317 ], [ -90.361031410759651, 16.16640865121893 ], [ -90.360942366145025, 16.1665521226195 ], [ -90.360886711720198, 16.166631032524975 ], [ -90.360834762826329, 16.166677664046873 ], [ -90.360760542818511, 16.166688433634636 ], [ -90.36067889679039, 16.166674098588693 ], [ -90.360500757919851, 16.166623910804024 ], [ -90.360085099654214, 16.166494852961005 ], [ -90.358626593514074, 16.166093352024376 ], [ -90.35855979100333, 16.166064667556324 ], [ -90.358557524524841, 16.166200664748501 ], [ -90.358551628738667, 16.166554423564381 ], [ -90.358566471631349, 16.166549639435473 ], [ -90.358596164817357, 16.166578327279833 ], [ -90.358615967151451, 16.166650054122162 ], [ -90.358655577837396, 16.166850893761126 ], [ -90.35878430473204, 16.167419933568134 ], [ -90.359210093829816, 16.169275289967803 ], [ -90.359897449438122, 16.169531316988898 ], [ -90.359596850995302, 16.169485658327677 ], [ -90.359234036257618, 16.169382444728452 ], [ -90.358738400931159, 16.16935526324205 ], [ -90.358569578622976, 16.169368790159844 ], [ -90.358576516599953, 16.169443388088769 ], [ -90.358576504717561, 16.169606050125438 ], [ -90.358503619284477, 16.169646711720713 ], [ -90.358503613780201, 16.169728043189792 ], [ -90.358503607340381, 16.169809374657643 ], [ -90.358576488293721, 16.169850044532478 ], [ -90.358576482818535, 16.16993137600026 ], [ -90.358576476408444, 16.170012706562947 ], [ -90.358576470932675, 16.170094038029486 ], [ -90.358576466391895, 16.170175369496029 ], [ -90.358576460915543, 16.170256700961318 ], [ -90.358579139729983, 16.170327380603965 ], [ -90.358576449962641, 16.170419362986198 ], [ -90.35857644448545, 16.170500694449643 ], [ -90.358576439008601, 16.170582025008603 ], [ -90.358576433530175, 16.170663357374647 ], [ -90.358576427116859, 16.170744688835587 ], [ -90.358503541265009, 16.170785349519331 ], [ -90.35843066185609, 16.170744679621713 ], [ -90.358357775040261, 16.17078533935085 ], [ -90.358284889128697, 16.170826000862931 ], [ -90.358284883530814, 16.170907332322312 ], [ -90.358284877932618, 16.170988663781056 ], [ -90.35835775276675, 16.171110665186823 ], [ -90.358357747198298, 16.171191995740418 ], [ -90.358357741628922, 16.171273327197248 ], [ -90.358430616610846, 16.171395328575979 ], [ -90.358430611070546, 16.171476660031502 ], [ -90.358430605529975, 16.171557991486381 ], [ -90.358503487106134, 16.171598661384536 ], [ -90.358503481594937, 16.171679992838744 ], [ -90.358576361359567, 16.171720663614536 ], [ -90.358576355878398, 16.171801994164209 ], [ -90.358576351331564, 16.17188332561771 ], [ -90.358581290784102, 16.171940746463264 ], [ -90.358505110589505, 16.171990450617088 ], [ -90.358510050023213, 16.172047872367415 ], [ -90.358448730480745, 16.172030261785839 ], [ -90.358359343479876, 16.171990442250326 ], [ -90.358326702409187, 16.172064246466366 ], [ -90.358314832348825, 16.172104416217312 ], [ -90.358302531079559, 16.172169580568458 ], [ -90.358336152441836, 16.172432935938822 ], [ -90.358336166738738, 16.172544118637532 ], [ -90.358176597737156, 16.172630213738216 ], [ -90.358083821999955, 16.17266250226799 ], [ -90.358031857962217, 16.172615884428808 ], [ -90.357998446792536, 16.172526226179347 ], [ -90.357931643191151, 16.172511888222825 ], [ -90.357835155834309, 16.172537004881182 ], [ -90.357812894151309, 16.172587219303733 ], [ -90.357720124048157, 16.172662546895406 ], [ -90.35764961657226, 16.172702005847199 ], [ -90.357586530446881, 16.172741465221481 ], [ -90.357501698959325, 16.172774781058052 ], [ -90.357502104992335, 16.172929870917159 ], [ -90.357442288023464, 16.172964747238094 ], [ -90.357345110996775, 16.172963928326851 ], [ -90.357272230098118, 16.172923258035812 ], [ -90.357199344116097, 16.172963918256798 ], [ -90.357126456233857, 16.173004578451167 ], [ -90.3570535753651, 16.172963908989512 ], [ -90.356980693592348, 16.172923237694658 ], [ -90.356907813720085, 16.172882566376199 ], [ -90.356834925809054, 16.172923226470811 ], [ -90.356762045965752, 16.17288255691037 ], [ -90.356689158025333, 16.172923216954825 ], [ -90.3566162709905, 16.17296387697457 ], [ -90.356543389307859, 16.172923206434547 ], [ -90.356470503178926, 16.172963866404768 ], [ -90.35639761514976, 16.173004526348358 ], [ -90.356324728025555, 16.173045187171081 ], [ -90.356251840871678, 16.173085847968448 ], [ -90.356178953688783, 16.173126507836617 ], [ -90.356106066476855, 16.173167166775578 ], [ -90.356106059044009, 16.173248498209254 ], [ -90.356033172707058, 16.17328915802678 ], [ -90.356002671386477, 16.173306173033222 ], [ -90.355960284468594, 16.173329819625383 ], [ -90.355887397137025, 16.173370479391576 ], [ -90.355814509775144, 16.173411140036258 ], [ -90.355741627161109, 16.173370468318939 ], [ -90.355668739770493, 16.173411128009604 ], [ -90.355581794894817, 16.173443157280005 ] ] ] ] } },
{ "type": "Feature", "properties": { "OBJECTID": 26, "Id": 0, "Shape_Leng": 3700.5540441100002, "Shape_Area": 562909.43269199994 }, "geometry": { "type": "MultiPolygon", "coordinates": [ [ [ [ -90.349867608822876, 16.214336289968646 ], [ -90.349414248668481, 16.214319111475625 ], [ -90.349374654089104, 16.214319114127164 ], [ -90.34934495768654, 16.214319116562553 ], [ -90.349261808067183, 16.214307645681334 ], [ -90.349210335867781, 16.214324865246631 ], [ -90.349164801072249, 16.214307653631241 ], [ -90.349135104155621, 16.214292353128521 ], [ -90.349087589812228, 16.214296183284148 ], [ -90.349051953517588, 16.214284709021467 ], [ -90.349016318363056, 16.21428279828049 ], [ -90.348964847391102, 16.214305755360897 ], [ -90.348937130438728, 16.214305758243182 ], [ -90.348877737252565, 16.214286634125919 ], [ -90.348838143917973, 16.214292375155996 ], [ -90.348780731471265, 16.214309594907885 ], [ -90.348735198549704, 16.214309598634767 ], [ -90.348689664919334, 16.214301951349213 ], [ -90.34864214826365, 16.214273263062594 ], [ -90.348598594273639, 16.214275178887537 ], [ -90.348549100887595, 16.214280920940162 ], [ -90.348479809982294, 16.214263710312341 ], [ -90.348394681041967, 16.214265629871075 ], [ -90.348357208744019, 16.214251354990257 ], [ -90.348254114830326, 16.214212080925037 ], [ -90.348277849062711, 16.213915595109881 ], [ -90.348327340159685, 16.213890725160233 ], [ -90.348358992531274, 16.21359232612901 ], [ -90.348408482720643, 16.213563630205126 ], [ -90.348457949394103, 16.213219322480743 ], [ -90.348495559988947, 16.213177237615337 ], [ -90.34852128129603, 16.212966827620509 ], [ -90.348545028109683, 16.212853971245764 ], [ -90.348594518677771, 16.212836752231862 ], [ -90.348606379889631, 16.212616779655892 ], [ -90.348647949472237, 16.212549827527656 ], [ -90.348671692178485, 16.212366197766233 ], [ -90.348695442083113, 16.212285857004836 ], [ -90.34873503370936, 16.212260988938855 ], [ -90.348750855601409, 16.212067793608099 ], [ -90.348794406060179, 16.2120257092974 ], [ -90.348808260257655, 16.211974062907895 ], [ -90.348772620831852, 16.211924332673764 ], [ -90.348816172079651, 16.211886073408344 ], [ -90.348834460449609, 16.211585163804408 ], [ -90.348874670460717, 16.211561250604507 ], [ -90.348989086476834, 16.211121895889629 ], [ -90.349006785980862, 16.211006655330134 ], [ -90.348986988722544, 16.210992309970951 ], [ -90.348954813665785, 16.210937320070961 ], [ -90.348831034937646, 16.21034196937859 ], [ -90.348675079775731, 16.209665327799222 ], [ -90.348472093056643, 16.208811755666478 ], [ -90.348432478444295, 16.208524837724248 ], [ -90.348301284439586, 16.208020347080087 ], [ -90.348291368473198, 16.207788420950806 ], [ -90.348140368734718, 16.207135688054006 ], [ -90.347934910239033, 16.206251031314221 ], [ -90.347734403665584, 16.205356812523235 ], [ -90.347732009971267, 16.205339676706906 ], [ -90.347735968805679, 16.205322462289637 ], [ -90.347736837149029, 16.205322111318026 ], [ -90.34774163882669, 16.205253675969541 ], [ -90.347627164800841, 16.204921932407576 ], [ -90.347475555524895, 16.204324193532521 ], [ -90.347367259106079, 16.203854967460682 ], [ -90.347373439248187, 16.203771281698366 ], [ -90.347422925174925, 16.203702537690198 ], [ -90.347515717103434, 16.203666664889205 ], [ -90.347627070474601, 16.203663668996981 ], [ -90.349040647991615, 16.203663565295191 ], [ -90.349538519440159, 16.20367640225172 ], [ -90.349756278699999, 16.203669211720921 ], [ -90.349894851354648, 16.203669200288218 ], [ -90.350048274071042, 16.203681142593869 ], [ -90.350238813151392, 16.203690691369687 ], [ -90.350407081843116, 16.203700241470905 ], [ -90.350632264786796, 16.203700222724077 ], [ -90.350798059257301, 16.203707381926062 ], [ -90.350916835416967, 16.203697806850553 ], [ -90.351179136800837, 16.203702566860255 ], [ -90.351478558069232, 16.203726450645831 ], [ -90.351661673719747, 16.203733606818748 ], [ -90.351914075655785, 16.203738367145455 ], [ -90.352099664719717, 16.203724004219922 ], [ -90.352277829443324, 16.203712032052405 ], [ -90.352394132574048, 16.2037096300221 ], [ -90.352678704819013, 16.203723950014794 ], [ -90.352973174265685, 16.203726312336311 ], [ -90.353215678384359, 16.20372628927835 ], [ -90.353413640636475, 16.203723879812962 ], [ -90.353609131537439, 16.203742988002894 ], [ -90.353688316918223, 16.203752543713321 ], [ -90.353722964418864, 16.203786014190559 ], [ -90.353719755444814, 16.203853919337853 ], [ -90.353720751878512, 16.203920867500905 ], [ -90.353715013743383, 16.203997362815308 ], [ -90.353711855596231, 16.204039461538194 ], [ -90.35369900378366, 16.204182923832846 ], [ -90.35367823923319, 16.204384725395123 ], [ -90.353670330799943, 16.20448036616953 ], [ -90.353653504647966, 16.20448897541306 ], [ -90.353616883543083, 16.204507150825712 ], [ -90.35361688534708, 16.204522453752077 ], [ -90.353606015013668, 16.20469078114948 ], [ -90.353595145774278, 16.204871541775081 ], [ -90.353581308856704, 16.20505804064323 ], [ -90.353532809153265, 16.205078130322587 ], [ -90.353511035203795, 16.205097259558642 ], [ -90.353509058980336, 16.205125951517982 ], [ -90.353485322360257, 16.205312453491388 ], [ -90.353477410017518, 16.205368881125796 ], [ -90.353442128993379, 16.205592442530996 ], [ -90.353442134820526, 16.205640263831828 ], [ -90.353430266994025, 16.205741643048409 ], [ -90.353359071078742, 16.206416868491459 ], [ -90.353228492822879, 16.207176262751553 ], [ -90.353113736039376, 16.207796020868606 ], [ -90.353002936058076, 16.208394738411553 ], [ -90.352892144118897, 16.209069968646933 ], [ -90.352820931162938, 16.209622773941422 ], [ -90.352779805749591, 16.209639754811167 ], [ -90.352747678982269, 16.210065356275468 ], [ -90.352839164973318, 16.210027266776656 ], [ -90.352920331866727, 16.210023433767915 ], [ -90.353050986197388, 16.209962213102333 ], [ -90.353163821639271, 16.20989525240406 ], [ -90.353312296257926, 16.209878023850177 ], [ -90.353468686303628, 16.209828275965226 ], [ -90.353627059279148, 16.209809131550386 ], [ -90.353739896680523, 16.209767038802408 ], [ -90.353826999452579, 16.209726860697337 ], [ -90.353983143705904, 16.209695524389989 ], [ -90.354020268362547, 16.209748121768875 ], [ -90.353993056041389, 16.209824637539885 ], [ -90.353916347587003, 16.209865291050267 ], [ -90.353871809430089, 16.209913116040909 ], [ -90.353871812718509, 16.209944199105752 ], [ -90.353884189489023, 16.209982453615165 ], [ -90.353864400574508, 16.210054185024646 ], [ -90.35383223498134, 16.210090054385379 ], [ -90.353790170688413, 16.210130705472906 ], [ -90.353671394908417, 16.21019049224731 ], [ -90.353624380681893, 16.210221579974458 ], [ -90.353597164792347, 16.210264620161265 ], [ -90.35357242189923, 16.210300488270196 ], [ -90.353532831874759, 16.2103435298602 ], [ -90.353503141581328, 16.210384180382494 ], [ -90.353470976391321, 16.210432002971949 ], [ -90.353458608198352, 16.210482216314123 ], [ -90.353423967368641, 16.210520474559882 ], [ -90.353384376546373, 16.210546778809693 ], [ -90.353359637208101, 16.210601774862202 ], [ -90.353317570224164, 16.210628081005087 ], [ -90.353260655057952, 16.210637649514574 ], [ -90.353250763037252, 16.21069025249918 ], [ -90.353240871922949, 16.210764375011475 ], [ -90.353221082999127, 16.210843279228012 ], [ -90.353159224445236, 16.210910233616918 ], [ -90.353114685371906, 16.21094610244441 ], [ -90.353067670778856, 16.210974800290824 ], [ -90.353052825913181, 16.211015448361259 ], [ -90.353047882160823, 16.211063268020457 ], [ -90.353035512093996, 16.211094353366356 ], [ -90.352998394440903, 16.211120657445036 ], [ -90.352983550190643, 16.211154132635972 ], [ -90.352961287394919, 16.211223474292517 ], [ -90.352931596209686, 16.211271296699454 ], [ -90.352894481350887, 16.211321511848165 ], [ -90.352869740650462, 16.21137172471569 ], [ -90.35283014816693, 16.21138607466948 ], [ -90.35278313239823, 16.211412379985372 ], [ -90.352760864615462, 16.211453029214983 ], [ -90.352760153927605, 16.211465281177063 ], [ -90.352748513885174, 16.211665829773423 ], [ -90.352699029776289, 16.211749519060604 ], [ -90.352686667409088, 16.211859506904304 ], [ -90.352614908426517, 16.211926461488392 ], [ -90.352600066575349, 16.21197667395851 ], [ -90.352550579804486, 16.212043625898129 ], [ -90.352528320292265, 16.212156006552757 ], [ -90.352399648265546, 16.212256439535956 ], [ -90.352365017000992, 16.21238794857431 ], [ -90.352310581652375, 16.212459682846355 ], [ -90.352266045376751, 16.212533809222837 ], [ -90.352216559465973, 16.212605543296508 ], [ -90.35212006112593, 16.21272988426276 ], [ -90.352001276109988, 16.212720331089464 ], [ -90.351915083257055, 16.212752370882356 ], [ -90.351857689944268, 16.212776229287094 ], [ -90.351720497603154, 16.212834582160486 ], [ -90.351395840861073, 16.213020153081633 ], [ -90.351346343928725, 16.212979988860265 ], [ -90.351156298136118, 16.213056517641487 ], [ -90.351077106771811, 16.213024006145172 ], [ -90.350929784517575, 16.213086545216669 ], [ -90.350865283512618, 16.213113926048543 ], [ -90.35084351598023, 16.213203830165398 ], [ -90.350643572923104, 16.213310964584245 ], [ -90.350625764779295, 16.213416169851936 ], [ -90.350316923895221, 16.213379852147774 ], [ -90.350309038674112, 16.213760500492661 ], [ -90.350093258110263, 16.213875285970587 ], [ -90.350071475314493, 16.213909339022898 ], [ -90.350012129908208, 16.214343929205306 ], [ -90.349867608822876, 16.214336289968646 ] ] ] ] } },
{ "type": "Feature", "properties": { "OBJECTID": 31, "Id": 0, "Shape_Leng": 2.70928651988, "Shape_Area": 0.17053521944 }, "geometry": { "type": "MultiPolygon", "coordinates": [ [ [ [ -90.392067750122195, 16.242060464424448 ], [ -90.392079346516965, 16.242059408316386 ], [ -90.392068991303361, 16.242062838536224 ], [ -90.392067750122195, 16.242060464424448 ] ] ] ] } },
{ "type": "Feature", "properties": { "OBJECTID": 37, "Id": 0, "Shape_Leng": 122071.924524, "Shape_Area": 42229481.446199998 }, "geometry": { "type": "MultiPolygon", "coordinates": [ [ [ [ -90.374567498669194, 16.241520784257002 ], [ -90.374553394345298, 16.241516686046207 ], [ -90.37357963440104, 16.24096994730872 ], [ -90.373507076764128, 16.240847726816913 ], [ -90.373288675568432, 16.240725099247161 ], [ -90.373216118200588, 16.240602878654894 ], [ -90.373143317922555, 16.240562002422205 ], [ -90.372843112028363, 16.240056312266972 ], [ -90.372843932128106, 16.23978171677069 ], [ -90.371971725232299, 16.240353413767078 ], [ -90.372485533761648, 16.240632435386367 ], [ -90.37255796781379, 16.240590955700814 ], [ -90.372780109249263, 16.240711588782322 ], [ -90.372498423807656, 16.2408728993266 ], [ -90.372352589041824, 16.240874518943993 ], [ -90.372280155778526, 16.240915998557821 ], [ -90.372114266391378, 16.240917840929612 ], [ -90.372050958299297, 16.240883461413198 ], [ -90.371991974429505, 16.240917239303577 ], [ -90.372028258488385, 16.240978202486076 ], [ -90.371782426405701, 16.241111310454713 ], [ -90.37168697134075, 16.241244253392594 ], [ -90.371626767177375, 16.241234927307886 ], [ -90.371642528984282, 16.24113996696887 ], [ -90.371511014590197, 16.241048799427475 ], [ -90.371544222579331, 16.24100409131136 ], [ -90.371687113644228, 16.241006007187821 ], [ -90.371757118753109, 16.240968101892992 ], [ -90.371942606326613, 16.240934042578047 ], [ -90.371942943755428, 16.240905618881534 ], [ -90.37181288775993, 16.240834992126832 ], [ -90.371611518974007, 16.240725638763294 ], [ -90.371357045074333, 16.24087136491644 ], [ -90.371355084553187, 16.240706537102678 ], [ -90.371278639701458, 16.240750313304588 ], [ -90.371248259983261, 16.240767710918121 ], [ -90.371246276577381, 16.240764756874899 ], [ -90.371226470034912, 16.240736068777615 ], [ -90.371230856115716, 16.240733157466988 ], [ -90.37117420549005, 16.240651995457281 ], [ -90.371172964002724, 16.240651928722908 ], [ -90.371064652488556, 16.240499521890424 ], [ -90.370848248668324, 16.240185007295175 ], [ -90.370498335790074, 16.23968369429835 ], [ -90.370235292681812, 16.239298191149803 ], [ -90.369842280238529, 16.238733386770857 ], [ -90.369832373096841, 16.238719544735254 ], [ -90.369551392774397, 16.238326967119232 ], [ -90.369310018750511, 16.237989280130176 ], [ -90.369127440262076, 16.237726301555348 ], [ -90.368933753338013, 16.237331725234313 ], [ -90.368332186497852, 16.236506930988444 ], [ -90.368328471103325, 16.236489000144463 ], [ -90.368339601136796, 16.236453132804954 ], [ -90.368721942391602, 16.236241463066307 ], [ -90.368736776383869, 16.236151797920179 ], [ -90.369471760961204, 16.2357499801 ], [ -90.369471744737538, 16.235663903938246 ], [ -90.370336644653449, 16.235183157552356 ], [ -90.370347764571761, 16.235093491816666 ], [ -90.371279474476736, 16.234566105415198 ], [ -90.371275744674122, 16.234476443265279 ], [ -90.372222296520746, 16.233941876144499 ], [ -90.372207433772374, 16.233877320455338 ], [ -90.372671427656527, 16.233615417531063 ], [ -90.372667701675908, 16.233550860420692 ], [ -90.373447209143862, 16.233113155756364 ], [ -90.373469464813297, 16.233019901904985 ], [ -90.374839156294868, 16.232234183845712 ], [ -90.374831720307881, 16.232176801956772 ], [ -90.375280236684645, 16.231913101734705 ], [ -90.37590962538934, 16.231470324850118 ], [ -90.376952036531719, 16.230866377501403 ], [ -90.376979855426114, 16.230761763410918 ], [ -90.377706742340692, 16.230289384449964 ], [ -90.377722195080935, 16.230223628210204 ], [ -90.37778405656411, 16.230181771808724 ], [ -90.377867587594338, 16.230196698001489 ], [ -90.378000588052586, 16.230095051932743 ], [ -90.378046944936273, 16.229894795045581 ], [ -90.378483086897873, 16.229664564452925 ], [ -90.378792390212595, 16.229434362672944 ], [ -90.379318227688415, 16.229138357652317 ], [ -90.379324398231134, 16.229066626147034 ], [ -90.380060563152028, 16.228636078455203 ], [ -90.380113127736919, 16.228528470831101 ], [ -90.380611114194238, 16.228211549147026 ], [ -90.380821439054884, 16.228059073063704 ], [ -90.381201881784136, 16.227801952439897 ], [ -90.381303970922005, 16.227807905310073 ], [ -90.381446254844519, 16.22773315326268 ], [ -90.381508105264771, 16.22765244330548 ], [ -90.38151736774708, 16.227577720835061 ], [ -90.381687497917056, 16.227517906558091 ], [ -90.381755539010015, 16.227452137733088 ], [ -90.381755538124196, 16.227448920063907 ], [ -90.38175552741545, 16.227407305478764 ], [ -90.381740039158572, 16.227323624808225 ], [ -90.381557501200717, 16.227248949922135 ], [ -90.381523457577131, 16.227192170700562 ], [ -90.38148631907778, 16.227129415365724 ], [ -90.381430613366675, 16.227039765848062 ], [ -90.381319220009971, 16.226935185385763 ], [ -90.381269706465901, 16.226872433033666 ], [ -90.38117068648981, 16.226764860475146 ], [ -90.381136638928282, 16.226693138912257 ], [ -90.380969565579761, 16.226600525543244 ], [ -90.380403675338783, 16.225937136224935 ], [ -90.379816987631997, 16.225295284756641 ], [ -90.379014969784208, 16.224542298526327 ], [ -90.378646886523924, 16.224126392636631 ], [ -90.378469130104804, 16.223925540902023 ], [ -90.378413432435948, 16.223864582072395 ], [ -90.378406001488571, 16.223835891750305 ], [ -90.378398571148708, 16.223810787864327 ], [ -90.378402701660576, 16.223802802998879 ], [ -90.378345111344302, 16.223696397100746 ], [ -90.378308909317894, 16.223660670159962 ], [ -90.378279192329174, 16.223574599442561 ], [ -90.378141078649847, 16.223489988584756 ], [ -90.37799699552555, 16.223274829014009 ], [ -90.37786925884113, 16.223111312403855 ], [ -90.377765303830145, 16.223051082145261 ], [ -90.377696987298407, 16.222996582832266 ], [ -90.377631631387771, 16.222906216322034 ], [ -90.377573708244682, 16.222845975443157 ], [ -90.377490543598256, 16.22279578243057 ], [ -90.377437068843108, 16.222706848071763 ], [ -90.377361341702141, 16.222716905648287 ], [ -90.377287095596913, 16.222702576648572 ], [ -90.377208382605431, 16.222635167950845 ], [ -90.377172726851654, 16.222553402243157 ], [ -90.377125203822658, 16.22251754833772 ], [ -90.377071735030597, 16.222461609465658 ], [ -90.377067267103584, 16.222404226607757 ], [ -90.376945487488499, 16.222311003605533 ], [ -90.376884589158848, 16.222229243098276 ], [ -90.376762799083352, 16.22209298274748 ], [ -90.376658840480147, 16.222008362730524 ], [ -90.376587552306958, 16.22194668936357 ], [ -90.376520709172979, 16.221834804831765 ], [ -90.376431603510468, 16.221773135508887 ], [ -90.376309819344186, 16.221659828816563 ], [ -90.376228125130737, 16.221539338212839 ], [ -90.376245922238326, 16.221441781786222 ], [ -90.376198386070612, 16.221354280446381 ], [ -90.37613303114955, 16.221255307105736 ], [ -90.376023130765589, 16.221163515857995 ], [ -90.375951603797816, 16.2209864624541 ], [ -90.375927917688387, 16.220986783033155 ], [ -90.375858620384577, 16.220967668788496 ], [ -90.375814062024148, 16.220910294085908 ], [ -90.375811748422805, 16.220640276884172 ], [ -90.375669153042026, 16.220287309002003 ], [ -90.375447910965875, 16.220285921174764 ], [ -90.375415240162411, 16.22026584308513 ], [ -90.375290511209428, 16.22025726110472 ], [ -90.375214775452307, 16.220221411887231 ], [ -90.375156154517398, 16.220219871626071 ], [ -90.375106382290753, 16.220218564322121 ], [ -90.37487622650994, 16.220198526245436 ], [ -90.374715859830928, 16.220185646854418 ], [ -90.374703986010857, 16.220207169314321 ], [ -90.374637169300698, 16.220214355166522 ], [ -90.37450749400989, 16.220173969101584 ], [ -90.374499068727786, 16.220171345696944 ], [ -90.374420376117257, 16.220190010458094 ], [ -90.374328322011777, 16.220220155086473 ], [ -90.374221427819535, 16.220287603202468 ], [ -90.374124946273469, 16.220448297561777 ], [ -90.374016589620751, 16.220624775813629 ], [ -90.373926049162108, 16.220789773167095 ], [ -90.373853312951837, 16.220893078623757 ], [ -90.373777602343068, 16.220971996686675 ], [ -90.373665634655211, 16.221200371082272 ], [ -90.373618921286237, 16.221326671160728 ], [ -90.373557079757418, 16.221454601782305 ], [ -90.373503017265705, 16.221532052144408 ], [ -90.373428439189141, 16.221684163695237 ], [ -90.373360397518979, 16.221751123853554 ], [ -90.373293600475463, 16.221853950901291 ], [ -90.373239174802109, 16.221946015159943 ], [ -90.373179804773059, 16.22206318602132 ], [ -90.373070936340227, 16.222168411050493 ], [ -90.372984353611315, 16.222334603403535 ], [ -90.372926208468385, 16.222389607019156 ], [ -90.372869311523871, 16.222499604587743 ], [ -90.372781491139605, 16.22266818766936 ], [ -90.37273574160686, 16.222831979376583 ], [ -90.372634292767884, 16.222915684580911 ], [ -90.3725464775315, 16.223110568388488 ], [ -90.372422782007391, 16.223322195913909 ], [ -90.372355978601391, 16.223399915784803 ], [ -90.372339912591301, 16.223497951026118 ], [ -90.3722830077417, 16.223575668690621 ], [ -90.372210989371396, 16.22372344649898 ], [ -90.372093773872209, 16.223722772133861 ], [ -90.372081669194515, 16.223741741854692 ], [ -90.372063679798956, 16.223769935325961 ], [ -90.372103279248421, 16.223769710634222 ], [ -90.372106253384786, 16.223791229230631 ], [ -90.372091466794799, 16.224096803045487 ], [ -90.371723259716219, 16.224303455241717 ], [ -90.371456016401311, 16.224479960740677 ], [ -90.371439692746904, 16.224530174502032 ], [ -90.371185807062361, 16.22467655102496 ], [ -90.371121955217632, 16.224665086829386 ], [ -90.371043265221999, 16.224712443605519 ], [ -90.371028431750346, 16.224787044730533 ], [ -90.370608257019725, 16.225031003696039 ], [ -90.370602330439453, 16.225099865414322 ], [ -90.37014355208926, 16.225366785444635 ], [ -90.369552634273816, 16.225718368171258 ], [ -90.36952591638574, 16.225768583521386 ], [ -90.369435347209176, 16.225821679901994 ], [ -90.369416040940237, 16.225807337652146 ], [ -90.369328828539423, 16.225858759430203 ], [ -90.369171698698821, 16.225969967725426 ], [ -90.36888217941322, 16.226154126172851 ], [ -90.368670606310872, 16.226289254899729 ], [ -90.368395359456954, 16.2264817784 ], [ -90.368290424475546, 16.226476057981369 ], [ -90.368248742978821, 16.226507173889527 ], [ -90.368290599908093, 16.226527383503349 ], [ -90.368253484287763, 16.226567559618374 ], [ -90.367831818513864, 16.226820121140616 ], [ -90.367815498183447, 16.226886115638514 ], [ -90.367454704788898, 16.227099931468722 ], [ -90.366808839487973, 16.227474470290936 ], [ -90.36680291490029, 16.227560547301923 ], [ -90.366669284307775, 16.227623691448709 ], [ -90.366621783480568, 16.227721251813829 ], [ -90.366281773527746, 16.227909239725648 ], [ -90.366275848630337, 16.22799818640544 ], [ -90.366174885538626, 16.228057022332933 ], [ -90.366124408451697, 16.228114414098318 ], [ -90.36607690321452, 16.228184716355223 ], [ -90.365961099197435, 16.228298068706721 ], [ -90.365667121357689, 16.228493222299598 ], [ -90.365383411298339, 16.228688491356031 ], [ -90.364443056389604, 16.229241556411491 ], [ -90.363502064243434, 16.229713921194559 ], [ -90.363130758217665, 16.229219037258218 ], [ -90.362419076761341, 16.228182041092229 ], [ -90.36202611164876, 16.22762618715586 ], [ -90.361850315597749, 16.22738016714144 ], [ -90.361268035761512, 16.226565282885822 ], [ -90.361239339807582, 16.226524719716672 ], [ -90.361258411422853, 16.226524717723908 ], [ -90.361238366173382, 16.226440226404211 ], [ -90.361184699397739, 16.226440802303767 ], [ -90.361151033192243, 16.226385336085734 ], [ -90.360754985542613, 16.225855542645306 ], [ -90.360505472427704, 16.225496925276811 ], [ -90.360324081695083, 16.225289813281602 ], [ -90.360107259129947, 16.225083259851978 ], [ -90.36000479197979, 16.225011543159926 ], [ -90.359810257690654, 16.224908275874704 ], [ -90.359577118683376, 16.224819361146391 ], [ -90.359398924950611, 16.224757696257981 ], [ -90.359266765053206, 16.224716109802756 ], [ -90.359069265688561, 16.224647273431419 ], [ -90.358891072099567, 16.224588476903211 ], [ -90.358663875988441, 16.224519643910519 ], [ -90.358559931511891, 16.224493834236977 ], [ -90.358500690422474, 16.224469665864188 ], [ -90.356245229439708, 16.223774983468704 ], [ -90.355830471217899, 16.2236450726672 ], [ -90.355694438684992, 16.223602463641093 ], [ -90.355194995723181, 16.223446025085916 ], [ -90.353274385604422, 16.222815668573904 ], [ -90.353224998150068, 16.22279945932754 ], [ -90.352500388801005, 16.222549508339515 ], [ -90.352297043628738, 16.22249283181668 ], [ -90.351845629058957, 16.222339370756615 ], [ -90.351670288987535, 16.22229595984361 ], [ -90.351379246386784, 16.222205606470514 ], [ -90.351048112735455, 16.222099473370029 ], [ -90.350706582983364, 16.221986170423197 ], [ -90.350616389426591, 16.221956144709544 ], [ -90.350799336627162, 16.221429057732916 ], [ -90.35085883020848, 16.221225893918529 ], [ -90.352119466309745, 16.217428665982535 ], [ -90.352215003264803, 16.217147691751446 ], [ -90.352219362498502, 16.217127756990404 ], [ -90.352336067365442, 16.216776215694676 ], [ -90.352339690680452, 16.216774683494826 ], [ -90.352354482420822, 16.216720744503597 ], [ -90.352463792118684, 16.216391477623461 ], [ -90.352489617286622, 16.216365808444944 ], [ -90.352571253108337, 16.21607457572372 ], [ -90.352752348169517, 16.215568144468524 ], [ -90.352865092175549, 16.215182653659944 ], [ -90.352877152102096, 16.215146325853109 ], [ -90.353064066185567, 16.214658577962208 ], [ -90.353137739374048, 16.21438787198284 ], [ -90.35317778063532, 16.214240742808215 ], [ -90.352575743321836, 16.214238081505258 ], [ -90.351993702527665, 16.21425678564588 ], [ -90.351589838192339, 16.214265430121085 ], [ -90.350866741277414, 16.214281274032757 ], [ -90.350819226824427, 16.214274104847231 ], [ -90.350793985195352, 16.214264063532745 ], [ -90.350782104481581, 16.214248284990809 ], [ -90.350773194310122, 16.214228201739481 ], [ -90.35078503705013, 16.213849465981266 ], [ -90.350923117613789, 16.21378059275056 ], [ -90.350937959082088, 16.213711730581316 ], [ -90.35097359131818, 16.213670123825999 ], [ -90.350995857757226, 16.213608435214702 ], [ -90.351028520820208, 16.213585478003164 ], [ -90.351294287197661, 16.213459208940463 ], [ -90.35162983668836, 16.213305676976365 ], [ -90.351827958566247, 16.213205122115703 ], [ -90.352042588035303, 16.213096189127203 ], [ -90.352275690170501, 16.212984268020048 ], [ -90.352271227878077, 16.212915408590117 ], [ -90.352401883476219, 16.212856577205969 ], [ -90.352409313076635, 16.212905352663128 ], [ -90.352578568456408, 16.212806348808392 ], [ -90.352578886170605, 16.212799260212936 ], [ -90.352580140895839, 16.212771213125386 ], [ -90.352580493797163, 16.212763350867391 ], [ -90.352584941851845, 16.212721906570223 ], [ -90.352604736506422, 16.212682454140626 ], [ -90.352838560149465, 16.212378773330428 ], [ -90.353009294691631, 16.212228124734501 ], [ -90.353010521374088, 16.212121724643712 ], [ -90.35309836681364, 16.212087047235183 ], [ -90.353100126988622, 16.212053433741502 ], [ -90.353111950057325, 16.211827621122765 ], [ -90.353167676106537, 16.21177451657535 ], [ -90.353176940187652, 16.211625078463339 ], [ -90.3532357064, 16.211559319526682 ], [ -90.3532356952974, 16.211451724599062 ], [ -90.353241876026416, 16.211400914985074 ], [ -90.35330374224138, 16.211400908914271 ], [ -90.353316106634338, 16.211314234677715 ], [ -90.353442924686107, 16.211251458337514 ], [ -90.353449089590811, 16.21104224441325 ], [ -90.353517137722079, 16.211012350746785 ], [ -90.353548049475251, 16.210815089990533 ], [ -90.35359444012893, 16.210725422171087 ], [ -90.353616087736995, 16.210680589450153 ], [ -90.3540151012823, 16.210501224027993 ], [ -90.354022634447915, 16.210446590263185 ], [ -90.354027464699016, 16.210411560740024 ], [ -90.354107885428832, 16.210375686537734 ], [ -90.354104786577167, 16.210321890557122 ], [ -90.354163556260829, 16.210294985632185 ], [ -90.354182089920059, 16.210058872832228 ], [ -90.354253231454209, 16.210025988432555 ], [ -90.354271759000127, 16.209733089143285 ], [ -90.354330528486358, 16.209706184169054 ], [ -90.354321241366094, 16.20963744346593 ], [ -90.354494455190093, 16.20956569513789 ], [ -90.355116182757342, 16.209413204787953 ], [ -90.355710069602537, 16.209242781394099 ], [ -90.356016290052295, 16.20915607408006 ], [ -90.356631829122193, 16.209003578690908 ], [ -90.356835976425259, 16.208943780005608 ], [ -90.35711745339745, 16.208877995495122 ], [ -90.357210248375623, 16.208857063484821 ], [ -90.357272113151637, 16.208854067251323 ], [ -90.357315420174089, 16.208866017093882 ], [ -90.357317527847414, 16.208915254308703 ], [ -90.357285112573933, 16.208991128007902 ], [ -90.357060862363724, 16.20951602349475 ], [ -90.356779464965754, 16.210242322673874 ], [ -90.356593925611364, 16.210711577975115 ], [ -90.356358902227441, 16.211252568150076 ], [ -90.356170265361072, 16.211694924454793 ], [ -90.355997396573358, 16.212087143502089 ], [ -90.355914525836454, 16.212346576154836 ], [ -90.355778459199371, 16.212676548996672 ], [ -90.355703005597391, 16.212875011734067 ], [ -90.355633737596364, 16.213065102759799 ], [ -90.355554567107603, 16.213228896128353 ], [ -90.355491493194179, 16.213483543557754 ], [ -90.355418511150461, 16.21365929074479 ], [ -90.355359124865274, 16.213708312544117 ], [ -90.355338105063097, 16.213833842488992 ], [ -90.355268834743725, 16.214010784309853 ], [ -90.355164917858374, 16.214178166064613 ], [ -90.355362209192606, 16.214160813029736 ], [ -90.355419797397772, 16.214155747355328 ], [ -90.356084358121961, 16.21409556192971 ], [ -90.356260106679613, 16.214074022238723 ], [ -90.356269625292072, 16.214074975001299 ], [ -90.356527373378981, 16.214100771336664 ], [ -90.356537957829758, 16.214667474327037 ], [ -90.356557087513238, 16.215595356527487 ], [ -90.35681441931564, 16.215705534724144 ], [ -90.358295344486677, 16.215688671852451 ], [ -90.358332463207489, 16.215672885748834 ], [ -90.358368096966501, 16.215662839838714 ], [ -90.358426709161634, 16.21565616248883 ], [ -90.358429987276111, 16.215619184068295 ], [ -90.358431151054248, 16.215561478287185 ], [ -90.358437078697051, 16.215478270225454 ], [ -90.358461418748647, 16.215361682072945 ], [ -90.358469723277636, 16.215321894251193 ], [ -90.358509799432539, 16.21520712064244 ], [ -90.358548199551265, 16.215103621310448 ], [ -90.358586982034367, 16.214999094558884 ], [ -90.358647831846099, 16.214795373406922 ], [ -90.358711656606829, 16.214633255251474 ], [ -90.358775480082514, 16.214459661017258 ], [ -90.358840790656359, 16.214304715774325 ], [ -90.358888301436536, 16.214284626063769 ], [ -90.358934418102479, 16.214284620547719 ], [ -90.358944724145559, 16.214284619258596 ], [ -90.359048668021003, 16.21434198901288 ], [ -90.359225373639035, 16.214446694058886 ], [ -90.359557994836038, 16.214636018389541 ], [ -90.359816370954064, 16.214779445019413 ], [ -90.359950013238361, 16.214845419511128 ], [ -90.360295999003725, 16.215034741559624 ], [ -90.360499435101275, 16.21515809036805 ], [ -90.360486083078271, 16.215231256476457 ], [ -90.36111804496376, 16.215592811704973 ], [ -90.361353157668475, 16.215718308050398 ], [ -90.362742206718067, 16.216563930163172 ], [ -90.363800231167176, 16.217137616085047 ], [ -90.36423335244622, 16.217436427246728 ], [ -90.364610780511725, 16.21764558268573 ], [ -90.364883024476313, 16.217803944343853 ], [ -90.364969637868001, 16.217791976565266 ], [ -90.365053163285651, 16.217812884866905 ], [ -90.365195970058494, 16.217911251893746 ], [ -90.365328138112673, 16.218014522638956 ], [ -90.365448424034653, 16.218107754054198 ], [ -90.365504855986046, 16.218153651544441 ], [ -90.365530102941634, 16.218186644131382 ], [ -90.365537533611601, 16.218218203693194 ], [ -90.365533084392609, 16.218255504152648 ], [ -90.365516780306123, 16.218280960417253 ], [ -90.365574251365473, 16.21842658461631 ], [ -90.365630632666296, 16.218569447782009 ], [ -90.36589053461249, 16.218896974741668 ], [ -90.36624945066508, 16.219363162180926 ], [ -90.366331130148154, 16.21943966129064 ], [ -90.366385578105834, 16.21946117260352 ], [ -90.366499461258741, 16.219456838024655 ], [ -90.366511788550625, 16.219456369452111 ], [ -90.36657859526602, 16.219391801364623 ], [ -90.36712286238479, 16.218825305894267 ], [ -90.367186800850291, 16.218284134734343 ], [ -90.367036777540505, 16.217975002619394 ], [ -90.366565177358908, 16.217010310484632 ], [ -90.366323337733178, 16.216852457282283 ], [ -90.365798563964262, 16.216049164772087 ], [ -90.365724314393361, 16.215996573999394 ], [ -90.365635215560587, 16.215939204241685 ], [ -90.365432250133011, 16.215695352545261 ], [ -90.365407498751807, 16.215671447463091 ], [ -90.365422345356777, 16.215659490934232 ], [ -90.365483443753121, 16.215659801701658 ], [ -90.365408184399826, 16.215566812143887 ], [ -90.365294668909414, 16.215566116517635 ], [ -90.365210491101791, 16.215336594384826 ], [ -90.365196105864342, 16.213887257738325 ], [ -90.365184558835693, 16.212903082290708 ], [ -90.365174219087677, 16.212903227572355 ], [ -90.365164306054936, 16.212812371774788 ], [ -90.365174045325233, 16.211855969389401 ], [ -90.3651836717479, 16.210220523255572 ], [ -90.36524680441272, 16.210220230701438 ], [ -90.365252703161048, 16.210165440017136 ], [ -90.365252641578905, 16.209790742950588 ], [ -90.36525260850992, 16.20959159974371 ], [ -90.3651783634065, 16.209548573209474 ], [ -90.365155895924147, 16.208372203180051 ], [ -90.365103924640863, 16.208343519340826 ], [ -90.365081521801429, 16.207547319992393 ], [ -90.365081092658784, 16.207445230910569 ], [ -90.365055135200336, 16.207445331923772 ], [ -90.365043987415945, 16.207370017737162 ], [ -90.365017816282531, 16.206236687814904 ], [ -90.364939847799391, 16.206121930922894 ], [ -90.364939795027695, 16.205803766257986 ], [ -90.364939746574763, 16.205512226027238 ], [ -90.365043668264107, 16.205444066534586 ], [ -90.365043642224663, 16.205289846856925 ], [ -90.365174056995855, 16.205046694309516 ], [ -90.365169788369357, 16.204956283103741 ], [ -90.365236595054938, 16.204916820405803 ], [ -90.365229151285178, 16.204802054999359 ], [ -90.365305227290563, 16.204802129449817 ], [ -90.365335712946703, 16.204745291753472 ], [ -90.365320845563261, 16.204620960813308 ], [ -90.365538518949194, 16.204109252607989 ], [ -90.365590472858344, 16.204044687959392 ], [ -90.365595371145446, 16.203745812517429 ], [ -90.365652273982633, 16.203678855802096 ], [ -90.365654709461779, 16.203444537447844 ], [ -90.365726455907392, 16.203356058791432 ], [ -90.365758536029716, 16.202834815812103 ], [ -90.365805547124168, 16.202808506669641 ], [ -90.365822795782947, 16.202373342446645 ], [ -90.365806623190892, 16.202030742980892 ], [ -90.365822557040218, 16.201469025659051 ], [ -90.365799579304806, 16.201256626530572 ], [ -90.36558410369058, 16.200337218673617 ], [ -90.365490066760202, 16.200048908807084 ], [ -90.365508764254798, 16.199988508786262 ], [ -90.367631851141056, 16.199873397038164 ], [ -90.368548536747198, 16.199837177811052 ], [ -90.370027021702271, 16.199741278422081 ], [ -90.37105701756397, 16.199708215094464 ], [ -90.37114361843534, 16.199678310690178 ], [ -90.371171443401479, 16.19961255410243 ], [ -90.371211603904868, 16.199364480251948 ], [ -90.371245623918043, 16.19934056352211 ], [ -90.371252841548085, 16.19928128673105 ], [ -90.371230083508934, 16.199281030714893 ], [ -90.371335168695097, 16.198868563862323 ], [ -90.371403133299125, 16.198456104310903 ], [ -90.371536028599166, 16.197918104202103 ], [ -90.371628759290957, 16.197613234749518 ], [ -90.371622529480931, 16.197395057141648 ], [ -90.371795586902365, 16.196629905835874 ], [ -90.371885980315085, 16.196373808837151 ], [ -90.37192684285813, 16.196132655906329 ], [ -90.371945377553288, 16.19601071078046 ], [ -90.371997273908107, 16.19568074302251 ], [ -90.372008391708263, 16.195598251543409 ], [ -90.37108781327872, 16.195132177845128 ], [ -90.37018580908574, 16.194723481975913 ], [ -90.370178388709675, 16.19474500244117 ], [ -90.369658710280049, 16.194472521387819 ], [ -90.369647581064214, 16.194501215162269 ], [ -90.369046248250797, 16.194232333152932 ], [ -90.36903511851979, 16.194257441354065 ], [ -90.368474612603933, 16.193981377449216 ], [ -90.36847274808251, 16.193970574480346 ], [ -90.368343370536394, 16.193902475775726 ], [ -90.368037131259385, 16.193930040194115 ], [ -90.368026760692715, 16.193989288732123 ], [ -90.368014525384737, 16.194059195119777 ], [ -90.367965070605266, 16.194244506241514 ], [ -90.367872967671062, 16.194624689893445 ], [ -90.367775454573518, 16.194967743012398 ], [ -90.367511523463861, 16.195841761853263 ], [ -90.367463817566275, 16.195942055842547 ], [ -90.367182928231728, 16.196446745747163 ], [ -90.366596708026123, 16.197723635274187 ], [ -90.36654103694768, 16.19774516327724 ], [ -90.366466799660515, 16.197727243186758 ], [ -90.366358754036071, 16.197693508993407 ], [ -90.366196272763304, 16.197621994254053 ], [ -90.365926090550602, 16.197484642549618 ], [ -90.364550190030513, 16.196834505609679 ], [ -90.363178653299556, 16.196236531430127 ], [ -90.363124813918802, 16.196213058350637 ], [ -90.362788276196596, 16.19611746712755 ], [ -90.360046501146982, 16.195390979612153 ], [ -90.359858437303629, 16.195324055502947 ], [ -90.358832305382919, 16.194699320988324 ], [ -90.358680514939351, 16.19460690537835 ], [ -90.357494776273114, 16.194607048463276 ], [ -90.354145657812978, 16.194622957959613 ], [ -90.35405905453085, 16.194627747637334 ], [ -90.354002142048856, 16.194615798643056 ], [ -90.353988469680388, 16.194037178865507 ], [ -90.35398970268902, 16.194001313473926 ], [ -90.353991382256069, 16.193996715881823 ], [ -90.353989387358439, 16.1938819203137 ], [ -90.353977912276193, 16.193881856394636 ], [ -90.353999566032115, 16.191016282946435 ], [ -90.354000295537503, 16.190919706147767 ], [ -90.354072606850096, 16.190643790293446 ], [ -90.354076492798384, 16.189964746545222 ], [ -90.354082387468779, 16.189557320370259 ], [ -90.354076373638961, 16.188859149887254 ], [ -90.354064419476359, 16.188149502816074 ], [ -90.35406441670122, 16.188126549746571 ], [ -90.354143912252525, 16.188012267362403 ], [ -90.354267615299278, 16.187880750052685 ], [ -90.354586771971412, 16.187600969988136 ], [ -90.354972718755178, 16.187182506066957 ], [ -90.355004883140239, 16.187163374678491 ], [ -90.35503952086377, 16.187132288043454 ], [ -90.355123642180203, 16.187091631792338 ], [ -90.355180549863235, 16.1870701066828 ], [ -90.355244881278409, 16.187065317632285 ], [ -90.355331483204367, 16.18707965454967 ], [ -90.355423036803387, 16.187110727627292 ], [ -90.355492319088114, 16.1871250662631 ], [ -90.355559128346314, 16.187139405004608 ], [ -90.355648205368993, 16.18715613232898 ], [ -90.356118334431471, 16.187227810128494 ], [ -90.356581040047615, 16.187299489115912 ], [ -90.357179833530097, 16.187359194041051 ], [ -90.35782811424545, 16.187430848431863 ], [ -90.357909769829774, 16.187449965935496 ], [ -90.357966681308596, 16.187473869902274 ], [ -90.3585679772807, 16.187739196695556 ], [ -90.358825317741605, 16.187826317288764 ], [ -90.359241030088313, 16.188007980397987 ], [ -90.359760667385913, 16.1882135401463 ], [ -90.359968524204774, 16.188309152668236 ], [ -90.359978429832452, 16.188361752862878 ], [ -90.35995369957503, 16.188462178752538 ], [ -90.35970632679782, 16.188892589840329 ], [ -90.35929073699792, 16.189629070398045 ], [ -90.35915220758217, 16.189882533498555 ], [ -90.359107681494805, 16.189978178392195 ], [ -90.359112635453414, 16.190021215400197 ], [ -90.359167078010657, 16.190064247226783 ], [ -90.359355132878449, 16.19009291592004 ], [ -90.361700875810726, 16.190456035526559 ], [ -90.362434729244171, 16.190584122281734 ], [ -90.362563213807377, 16.190606547433788 ], [ -90.362595545988341, 16.190615031905182 ], [ -90.36300754789373, 16.19074767262876 ], [ -90.363501213073306, 16.190934098403989 ], [ -90.363775882607314, 16.19103089345105 ], [ -90.36384887789491, 16.191037756978002 ], [ -90.363916916442719, 16.190995903835077 ], [ -90.364257070998519, 16.190555909466436 ], [ -90.365870009158655, 16.188523312259392 ], [ -90.365945977298779, 16.188475794550101 ], [ -90.365973236540299, 16.188443237251914 ], [ -90.365960862007228, 16.188422318156146 ], [ -90.365976318771473, 16.188380473668776 ], [ -90.366022705027618, 16.188329656339036 ], [ -90.366044348142978, 16.18828781122409 ], [ -90.366078357955843, 16.188216075692107 ], [ -90.366078346966361, 16.188153311965788 ], [ -90.3660535917396, 16.188084575431105 ], [ -90.365976258405595, 16.188027800658968 ], [ -90.365843250129259, 16.18794413668487 ], [ -90.365249337696781, 16.187504885174686 ], [ -90.364129571138193, 16.186659241897416 ], [ -90.363254176677557, 16.185974948471205 ], [ -90.363201592395882, 16.185942079868425 ], [ -90.362929511440797, 16.185738566358363 ], [ -90.361147832552277, 16.184483543503813 ], [ -90.359384748550127, 16.183324141865807 ], [ -90.359366178553003, 16.183234481059174 ], [ -90.359372360223517, 16.183198616152239 ], [ -90.359421837032428, 16.183138834357361 ], [ -90.359471319306209, 16.183114917932588 ], [ -90.359557916011838, 16.183090997078359 ], [ -90.359568326151418, 16.183090960566133 ], [ -90.359634502392069, 16.183006904396152 ], [ -90.359623362821665, 16.182971040705162 ], [ -90.359656758732342, 16.182913652463085 ], [ -90.361222762550767, 16.18151112680377 ], [ -90.362202438928364, 16.180686097697926 ], [ -90.362217276246412, 16.180628711474675 ], [ -90.362213557693138, 16.18058926084279 ], [ -90.362172731136297, 16.180574920239458 ], [ -90.362105927659641, 16.180574930281026 ], [ -90.361471298557063, 16.180653920625907 ], [ -90.36016492280207, 16.180797556169722 ], [ -90.358921633978341, 16.180905308613823 ], [ -90.357618962178094, 16.181016649305757 ], [ -90.357399123416414, 16.181076140327725 ], [ -90.35653809214854, 16.181104931851213 ], [ -90.356122392057401, 16.180875442965462 ], [ -90.356070436849336, 16.180896968088373 ], [ -90.355741424013161, 16.180748638889465 ], [ -90.355736222936471, 16.180739378206166 ], [ -90.355728939173105, 16.180445107392828 ], [ -90.35575120121625, 16.180409239027433 ], [ -90.355786473750456, 16.180408935747025 ], [ -90.355796719642868, 16.180339896338566 ], [ -90.355917922232052, 16.180043399627873 ], [ -90.356044051965341, 16.179574750331415 ], [ -90.356147907419825, 16.17905111144476 ], [ -90.356229519689009, 16.178745054911936 ], [ -90.356335857854475, 16.178307490524123 ], [ -90.356405094485282, 16.177967961661679 ], [ -90.356452066689997, 16.177652345181404 ], [ -90.356459481139225, 16.17758061397371 ], [ -90.356479166134235, 16.177538071611973 ], [ -90.356575004785356, 16.177245164558691 ], [ -90.356677018354574, 16.176859605949254 ], [ -90.356828479962374, 16.176190110218919 ], [ -90.356868685456504, 16.176187116619573 ], [ -90.356890292106982, 16.175843408648621 ], [ -90.356933590240274, 16.175843403413726 ], [ -90.356942832555063, 16.175556483714022 ], [ -90.357007778350521, 16.175550497821991 ], [ -90.357010846390082, 16.175347263514485 ], [ -90.357041764313536, 16.175284497009944 ], [ -90.357047940976528, 16.175203799711483 ], [ -90.357026289914089, 16.175185870091809 ], [ -90.357022806926807, 16.175185861425067 ], [ -90.355897452319255, 16.175183008236225 ], [ -90.355650035046892, 16.175177058685527 ], [ -90.35556344001175, 16.175177066819561 ], [ -90.35556026091956, 16.174444826051126 ], [ -90.355495312526187, 16.174414946100207 ], [ -90.355498346801099, 16.173903870907328 ], [ -90.35552514433266, 16.173898750749863 ], [ -90.355598026159882, 16.173939421636035 ], [ -90.355670913759397, 16.173898761973287 ], [ -90.355743795616249, 16.173939433713624 ], [ -90.355816682251103, 16.173898774000065 ], [ -90.355889564139517, 16.173939443883054 ], [ -90.355962452616197, 16.173898783216764 ], [ -90.356035333598285, 16.173939454857127 ], [ -90.356108220175045, 16.173898794139404 ], [ -90.356181107656752, 16.173858134300808 ], [ -90.356194193715851, 16.173850835569734 ], [ -90.356253995108773, 16.173817474436866 ], [ -90.356326883467048, 16.173776813644345 ], [ -90.356369208684072, 16.173753202188816 ], [ -90.356399769924465, 16.173736153729049 ], [ -90.356472658222742, 16.173695493789669 ], [ -90.356545546491347, 16.17365483382493 ], [ -90.356618433796299, 16.173614172026511 ], [ -90.356618439149628, 16.17353284149651 ], [ -90.356691327328917, 16.173492181480498 ], [ -90.35669133265263, 16.173410850045485 ], [ -90.356764221707564, 16.173370190004192 ], [ -90.3568371026645, 16.173410859564115 ], [ -90.356909990754758, 16.173370199472039 ], [ -90.356982870805396, 16.173410870789336 ], [ -90.357055757930993, 16.173370210646478 ], [ -90.357128638948438, 16.173410880107049 ], [ -90.357201526979949, 16.173370219914659 ], [ -90.357274408961629, 16.173410891133873 ], [ -90.357347289103387, 16.173451561423111 ], [ -90.357406478130486, 16.17348523128744 ], [ -90.357503267663944, 16.173371995726736 ], [ -90.357674439678306, 16.173348528075273 ], [ -90.357731836990922, 16.173321741279558 ], [ -90.357927778171941, 16.173237555317353 ], [ -90.35809402726737, 16.173139983343301 ], [ -90.358278098067501, 16.173099792757462 ], [ -90.358513632525515, 16.173074896719001 ], [ -90.358747188574853, 16.173059565385444 ], [ -90.358848132503923, 16.173055727745886 ], [ -90.358891672211797, 16.173013640221534 ], [ -90.358891659334631, 16.17292373942438 ], [ -90.358852061405074, 16.172828103705395 ], [ -90.358810482429874, 16.172724818341031 ], [ -90.358844117233289, 16.172629174240132 ], [ -90.358919325902974, 16.172600472840038 ], [ -90.358939114387141, 16.172562214510151 ], [ -90.358913375823846, 16.172506747557712 ], [ -90.358903473541787, 16.1724627545468 ], [ -90.358907419473852, 16.172365200814617 ], [ -90.358929673234698, 16.172178110919294 ], [ -90.358933375684842, 16.172109966283109 ], [ -90.35897389795565, 16.172053425182693 ], [ -90.359460186560014, 16.172059244880778 ], [ -90.359453303551376, 16.172009496402882 ], [ -90.359453310545035, 16.171928165853164 ], [ -90.359526193820543, 16.171887504848527 ], [ -90.3595262007846, 16.171806173393801 ], [ -90.359453318920544, 16.17176550384433 ], [ -90.359453324043443, 16.171684172387689 ], [ -90.359453329166712, 16.171602840026569 ], [ -90.359453334288403, 16.17152150947253 ], [ -90.359453340345723, 16.171440178014628 ], [ -90.359526223441492, 16.171399517006687 ], [ -90.359526231339089, 16.17131818554887 ], [ -90.359526235495352, 16.171236854087947 ], [ -90.359526238716057, 16.171155522625799 ], [ -90.359533669862515, 16.171087340662382 ], [ -90.35952996279886, 16.171004814581046 ], [ -90.3595398622451, 16.170913917942823 ], [ -90.359599140614819, 16.170870868109073 ], [ -90.359599146610222, 16.170789536645731 ], [ -90.359599184391527, 16.170789011537483 ], [ -90.359604101233955, 16.170722550636736 ], [ -90.359672036337997, 16.170667543215561 ], [ -90.359743687440911, 16.170640033145048 ], [ -90.359817808388684, 16.170586221921695 ], [ -90.359814104286031, 16.170519236530961 ], [ -90.359886938126124, 16.170466929334623 ], [ -90.359890697907332, 16.170464228412666 ], [ -90.359889468573925, 16.170398438628599 ], [ -90.359963589205989, 16.170342235781668 ], [ -90.3599635941152, 16.170260904312514 ], [ -90.359963598088243, 16.170179573745948 ], [ -90.359963602996885, 16.17009824227555 ], [ -90.359963607905257, 16.170016910804517 ], [ -90.359963610278058, 16.169979016253613 ], [ -90.359963613748576, 16.169935579333497 ], [ -90.360036498993082, 16.169894918141797 ], [ -90.360036502935657, 16.169813586668358 ], [ -90.360109389055779, 16.169772925451408 ], [ -90.360109392968127, 16.1696915939768 ], [ -90.36010939540536, 16.169644262391781 ], [ -90.360109397815435, 16.169610262502211 ], [ -90.36012166757645, 16.16957551596337 ], [ -90.360132010997376, 16.169566944377788 ], [ -90.360143312677863, 16.169557579846384 ], [ -90.360183515134636, 16.169539642357652 ], [ -90.360282478368305, 16.169539630501141 ], [ -90.360483505102806, 16.169590411933562 ], [ -90.360768035743916, 16.169662103096144 ], [ -90.361250500538247, 16.169775610055957 ], [ -90.361757706797462, 16.169895091034853 ], [ -90.362308211485043, 16.17001456266344 ], [ -90.362957681876281, 16.170139997798458 ], [ -90.363344269019322, 16.170208682649093 ], [ -90.363962813121475, 16.170325151335163 ], [ -90.364587548949444, 16.170483460194145 ], [ -90.365295781900073, 16.170611867593404 ], [ -90.366124639998674, 16.170806003752208 ], [ -90.366597829177437, 16.170898578745213 ], [ -90.36660710778817, 16.170901566340451 ], [ -90.366631852975871, 16.170922483234254 ], [ -90.366631997526468, 16.170946803955662 ], [ -90.366682948652496, 16.170959575549794 ], [ -90.366712593145181, 16.170922728129078 ], [ -90.366734894369145, 16.170895010353384 ], [ -90.366762446487712, 16.168742562958027 ], [ -90.367076929925958, 16.168570522101898 ], [ -90.36713716560962, 16.168531575097017 ], [ -90.367182893967012, 16.168532751510604 ], [ -90.367238110676823, 16.168436942321264 ], [ -90.367309382555518, 16.168428377637017 ], [ -90.367407402188604, 16.168385393127707 ], [ -90.367508373992507, 16.16836823685172 ], [ -90.367647937726744, 16.168368323655748 ], [ -90.367739989786131, 16.168368380859015 ], [ -90.3677904584993, 16.168385631338911 ], [ -90.367861722709407, 16.168388545285048 ], [ -90.367930042278488, 16.168354150310556 ], [ -90.367950852999897, 16.168316857052215 ], [ -90.36795091016991, 16.168230765933689 ], [ -90.367956908081055, 16.168141808793724 ], [ -90.368004454960413, 16.168087313877614 ], [ -90.368078729399471, 16.168029965807417 ], [ -90.36819755550421, 16.167955427063372 ], [ -90.36822125757709, 16.168035793481224 ], [ -90.368164773979274, 16.168133328491002 ], [ -90.368188483668419, 16.168202216095228 ], [ -90.368238929561841, 16.168253902013149 ], [ -90.368316107866718, 16.168294125634038 ], [ -90.368425949832314, 16.168334369415138 ], [ -90.368509229533203, 16.168324058291184 ], [ -90.368844686432652, 16.16887827104263 ], [ -90.369253039588074, 16.169566805816981 ], [ -90.369973210776223, 16.170672273053302 ], [ -90.370152637852541, 16.170953182494344 ], [ -90.370483643282739, 16.171437299485653 ], [ -90.370845594337268, 16.172011071641457 ], [ -90.371244666800834, 16.172614724104566 ], [ -90.371467400794515, 16.172928500671812 ], [ -90.371645506281311, 16.173240506579255 ], [ -90.371653296189223, 16.173260772743692 ], [ -90.371666855031066, 16.173311214500675 ], [ -90.372055390070557, 16.1732102124713 ], [ -90.373316929514587, 16.172951025154052 ], [ -90.37422401009357, 16.172772821616494 ], [ -90.375544155982908, 16.172505517462206 ], [ -90.376691252405209, 16.172257123602627 ], [ -90.377258365776825, 16.17309718304049 ], [ -90.377607053569719, 16.173613687533937 ], [ -90.377849955078233, 16.173921132211156 ], [ -90.378444669402768, 16.174767966817015 ], [ -90.378950055335025, 16.175552781402107 ], [ -90.379346545603184, 16.176151502106443 ], [ -90.379379732435311, 16.176213141373832 ], [ -90.379419148771944, 16.176286353366127 ], [ -90.379441489092116, 16.176329505583443 ], [ -90.379427974029852, 16.176360563941774 ], [ -90.37983050948543, 16.176819805070611 ], [ -90.380776348249128, 16.177979458817369 ], [ -90.38136414236682, 16.178666733833815 ], [ -90.381735388101902, 16.179117946717792 ], [ -90.382329380287658, 16.179823148409845 ], [ -90.38239208767088, 16.179908776162506 ], [ -90.382688269783685, 16.180313216239714 ], [ -90.382985015951334, 16.180703709901241 ], [ -90.383329053102187, 16.181155524130308 ], [ -90.383801802150757, 16.181796194817156 ], [ -90.385227342840182, 16.183442398400931 ], [ -90.386070569592164, 16.183424967317265 ], [ -90.386226945558036, 16.183432577311372 ], [ -90.386506035758501, 16.183407640217929 ], [ -90.387325504417845, 16.183374907489849 ], [ -90.387398758450075, 16.183428446575657 ], [ -90.387503172165069, 16.183436867791936 ], [ -90.387581350376493, 16.183410068585765 ], [ -90.387754547218819, 16.18339950191984 ], [ -90.388353315712934, 16.183384039518764 ], [ -90.388977798682518, 16.183305446349415 ], [ -90.38982014834599, 16.183203467073881 ], [ -90.389840872723681, 16.183200957890826 ], [ -90.389838470314203, 16.183215359392811 ], [ -90.389839743981881, 16.18326302062334 ], [ -90.389900374947132, 16.183302455068105 ], [ -90.389912643648316, 16.183385011250238 ], [ -90.389912651890441, 16.183466342705692 ], [ -90.38991265826219, 16.183547673255742 ], [ -90.389912667438708, 16.183629005614279 ], [ -90.38987186272881, 16.183708807428506 ], [ -90.389876342120317, 16.183796317158286 ], [ -90.389912689356535, 16.183872999971786 ], [ -90.389839805935893, 16.18391367134992 ], [ -90.389839813211452, 16.183995002800678 ], [ -90.389766930665957, 16.184035675057334 ], [ -90.389766937911361, 16.184117006506995 ], [ -90.389694052500204, 16.18415767873638 ], [ -90.389694060650754, 16.184239010185408 ], [ -90.389694066930446, 16.184320341632834 ], [ -90.389694075081081, 16.184401672176779 ], [ -90.389621190485158, 16.184442345283717 ], [ -90.389621197669797, 16.184523676729889 ], [ -90.389621205190252, 16.184587571229372 ], [ -90.38962120579005, 16.184605007272104 ], [ -90.389621213909592, 16.184686338717519 ], [ -90.389621222028907, 16.184767670162334 ], [ -90.389686834201541, 16.184813542614112 ], [ -90.389686841412569, 16.184894873153773 ], [ -90.389621238266898, 16.184930333050083 ], [ -90.389621244188589, 16.185007202217349 ], [ -90.389621245450257, 16.185011664492531 ], [ -90.389621252633376, 16.185092995934376 ], [ -90.389621261687466, 16.185174326472712 ], [ -90.389621268869661, 16.185255658817155 ], [ -90.389694161912885, 16.185296317156109 ], [ -90.38969417005994, 16.185377649500275 ], [ -90.389767060356348, 16.185418308716532 ], [ -90.389767069469244, 16.185499639252768 ], [ -90.389767077646127, 16.185580970691717 ], [ -90.389767080419006, 16.185609681275153 ], [ -90.389767084887453, 16.185662302129579 ], [ -90.389767093063895, 16.185743633567295 ], [ -90.38976710124011, 16.1858249650044 ], [ -90.38976710848128, 16.185906295536544 ], [ -90.389767116656586, 16.185987627876248 ], [ -90.389767125767492, 16.18606895931196 ], [ -90.389767132072706, 16.186150289841773 ], [ -90.389767141182688, 16.186231622180085 ], [ -90.38976714164292, 16.186240904650326 ], [ -90.389767144298887, 16.186273195354953 ], [ -90.389767148422806, 16.186312952709141 ], [ -90.389767154726854, 16.186394284140917 ], [ -90.389694271282522, 16.186434957261817 ], [ -90.389694279427573, 16.186516287789622 ], [ -90.389694286636583, 16.186597619220148 ], [ -90.389767179249745, 16.186638278435453 ], [ -90.38969429384538, 16.186678950650066 ], [ -90.389694302924624, 16.186760282080321 ], [ -90.389767195597258, 16.18680094129537 ], [ -90.389694310132981, 16.186841613509003 ], [ -90.389694319211799, 16.186922944938011 ], [ -90.389694325484399, 16.187004276364959 ], [ -90.389694330830466, 16.187058646149357 ], [ -90.389694334561796, 16.187085609600434 ], [ -90.3896943417693, 16.187166941026607 ], [ -90.389767234591147, 16.187207599337174 ], [ -90.38969434991192, 16.187248272452667 ], [ -90.389694355248807, 16.187329602972792 ], [ -90.389690797301526, 16.187398484820484 ], [ -90.389697376653245, 16.187425141662839 ], [ -90.389166521125929, 16.187526745980065 ], [ -90.389156139523791, 16.187564047597778 ], [ -90.389153190169282, 16.187631475467505 ], [ -90.389153173021356, 16.187632034033616 ], [ -90.389128927040346, 16.188419532626469 ], [ -90.389127614136655, 16.188442410016791 ], [ -90.389124279595734, 16.188613344878242 ], [ -90.389130237930431, 16.188685074254344 ], [ -90.389137471307933, 16.188721332975827 ], [ -90.389153336787928, 16.188731183192218 ], [ -90.38919045554286, 16.188745519409029 ], [ -90.38922757255375, 16.188747900487026 ], [ -90.389277057929235, 16.188743104254101 ], [ -90.389347570162769, 16.188722762005099 ], [ -90.389394569025953, 16.18867492977358 ], [ -90.389436618278751, 16.188628293454034 ], [ -90.389472478821418, 16.188567313536154 ], [ -90.389510815351059, 16.188511113516224 ], [ -90.389552860901475, 16.188452522942683 ], [ -90.389592442550878, 16.188426211835555 ], [ -90.389658006117045, 16.188403478055918 ], [ -90.389703777921454, 16.188393902081874 ], [ -90.389751700812155, 16.188388065507933 ], [ -90.389749787916259, 16.18828886593348 ], [ -90.389739639783969, 16.187762583577811 ], [ -90.389951398805991, 16.187617152821129 ], [ -90.389955341269797, 16.187559768053521 ], [ -90.390028561393251, 16.1874928004192 ], [ -90.390030530770275, 16.187456456097365 ], [ -90.390075312749829, 16.187397868635145 ], [ -90.390092796703058, 16.187388420760065 ], [ -90.390075629966731, 16.187358754987081 ], [ -90.390075621668245, 16.187277423560914 ], [ -90.390107499370757, 16.187221004971338 ], [ -90.390137367561579, 16.187160205314605 ], [ -90.390103753914005, 16.187108389601136 ], [ -90.390137358301928, 16.187078873886307 ], [ -90.390075598643236, 16.187033427471988 ], [ -90.39013735091379, 16.186997540650651 ], [ -90.390075591278745, 16.186952096947682 ], [ -90.390137342589071, 16.186916209221589 ], [ -90.390137335199483, 16.186834877792371 ], [ -90.390210219636216, 16.186794205425844 ], [ -90.390283104042723, 16.186753533937861 ], [ -90.390245412709291, 16.186709532577499 ], [ -90.390292013652243, 16.186705195576053 ], [ -90.390390630953917, 16.186713806719311 ], [ -90.390428875574003, 16.18667218817583 ], [ -90.390355981875643, 16.186631530089869 ], [ -90.39028308820825, 16.186590870171273 ], [ -90.390283079822282, 16.186509539642586 ], [ -90.390283076300648, 16.186471891858961 ], [ -90.390283072372426, 16.186428207306061 ], [ -90.390355956629364, 16.186387535790796 ], [ -90.390355949149352, 16.18630620345316 ], [ -90.390355941668119, 16.186224872922601 ], [ -90.390355933251826, 16.18614354148708 ], [ -90.390355924835347, 16.186062210050956 ], [ -90.390374723076519, 16.185982786378734 ], [ -90.390355908937053, 16.185899547177314 ], [ -90.390355900519438, 16.185818216643153 ], [ -90.390355898280859, 16.185783301175924 ], [ -90.390355893973251, 16.185736884301654 ], [ -90.390355885555692, 16.185655552862421 ], [ -90.390282992244693, 16.185614893846118 ], [ -90.390210098963124, 16.1855742357087 ], [ -90.390137206647353, 16.185533576642992 ], [ -90.390137199254141, 16.185452245203226 ], [ -90.390137191861186, 16.185370912858989 ], [ -90.390085321476477, 16.18530442555905 ], [ -90.390085313168569, 16.185223094117191 ], [ -90.390064530123141, 16.185172372343132 ], [ -90.390062544816558, 16.185093911388808 ], [ -90.3900979352115, 16.185008858133934 ], [ -90.390135171178088, 16.18496234389837 ], [ -90.390133182878259, 16.184879100706276 ], [ -90.390137136113921, 16.184805419629676 ], [ -90.390134158114336, 16.184724088457767 ], [ -90.390136130687452, 16.184644670567046 ], [ -90.390139093649978, 16.184567163008261 ], [ -90.390139082312345, 16.184474354555697 ], [ -90.390139073979711, 16.184393024011214 ], [ -90.390177896208598, 16.184315924523183 ], [ -90.390150936124684, 16.184235139540387 ], [ -90.390140046846682, 16.184172938643922 ], [ -90.390209955028098, 16.184110270598854 ], [ -90.390282840316829, 16.18406959909559 ], [ -90.390282832860578, 16.183988266740442 ], [ -90.390282822597641, 16.183906935287077 ], [ -90.390282815139969, 16.18382560473837 ], [ -90.390282808617897, 16.183744273285704 ], [ -90.390312494286022, 16.183672497212136 ], [ -90.390312485880742, 16.183591165757242 ], [ -90.390312477475263, 16.183509834301741 ], [ -90.390312470004375, 16.183428503749926 ], [ -90.390343788272759, 16.183396449721183 ], [ -90.39035193561989, 16.183374869234346 ], [ -90.390373089732307, 16.183385175817875 ], [ -90.390485984776873, 16.183614680057058 ], [ -90.390684021863692, 16.183934061907443 ], [ -90.390802836529488, 16.18409852934245 ], [ -90.390899884953811, 16.184285956728111 ], [ -90.390953359110924, 16.184385406019839 ], [ -90.390971506433473, 16.184502799273908 ], [ -90.391036096013721, 16.184539363912208 ], [ -90.391087337876542, 16.184619685794917 ], [ -90.391033904397489, 16.184655567224457 ], [ -90.391032435905203, 16.184705060936608 ], [ -90.391093901612422, 16.184669885906455 ], [ -90.39113826038745, 16.184644501574439 ], [ -90.391294103293717, 16.184522517219769 ], [ -90.391579833171164, 16.184357457638345 ], [ -90.391724541453414, 16.184235475421485 ], [ -90.391939762246011, 16.184099126189018 ], [ -90.392500076278623, 16.183743902221874 ], [ -90.392466659857831, 16.183700874131304 ], [ -90.393008424769675, 16.183377932849879 ], [ -90.393004694805384, 16.183316963110425 ], [ -90.393521717177777, 16.183003591507692 ], [ -90.393532473037908, 16.18294312252301 ], [ -90.394155866911177, 16.182567552141968 ], [ -90.394168224824185, 16.182524510024283 ], [ -90.394284479265494, 16.182412099846054 ], [ -90.394744598041413, 16.182120259936827 ], [ -90.394818803503938, 16.182050899516401 ], [ -90.394837927007913, 16.181990772632158 ], [ -90.394848464043235, 16.181957641121848 ], [ -90.39481873471226, 16.181838101227616 ], [ -90.394625663758276, 16.181591885422744 ], [ -90.394222205382576, 16.181097070271932 ], [ -90.394229623158907, 16.18108511339496 ], [ -90.394818382872202, 16.180743024719309 ], [ -90.394823309049329, 16.180676074922953 ], [ -90.39563717984646, 16.180204803862861 ], [ -90.396109670579918, 16.179939259790498 ], [ -90.396851792588151, 16.179506260210211 ], [ -90.39751722740003, 16.179113929317005 ], [ -90.397549388974184, 16.1791043559233 ], [ -90.397581552757387, 16.179099563860678 ], [ -90.397608778366504, 16.179130638467409 ], [ -90.397636008410984, 16.179171275742547 ], [ -90.397702846138174, 16.179269286385974 ], [ -90.397952851659795, 16.179599164882191 ], [ -90.398368695649637, 16.18011309708557 ], [ -90.398861289415223, 16.180763290508931 ], [ -90.399420716591237, 16.181485191905576 ], [ -90.399928150009401, 16.182097122885676 ], [ -90.40034404040297, 16.182716254985571 ], [ -90.399844330407191, 16.182977036837269 ], [ -90.399800578270913, 16.183007963844631 ], [ -90.396884663646347, 16.18465336448654 ], [ -90.396878524221336, 16.184656828654187 ], [ -90.396880517950805, 16.184700823301267 ], [ -90.396953455567797, 16.184744603770451 ], [ -90.396953785506781, 16.184745051332829 ], [ -90.39695775576277, 16.184819392579183 ], [ -90.397072589443795, 16.184899693211527 ], [ -90.397086472956488, 16.184981940651276 ], [ -90.397169622672052, 16.185022083497103 ], [ -90.397171630227518, 16.18510815838949 ], [ -90.397324078083685, 16.185203750212871 ], [ -90.397322122198929, 16.185274523830575 ], [ -90.397389439510036, 16.185322322636196 ], [ -90.397393419476359, 16.185385444466707 ], [ -90.397524089725977, 16.185467653275253 ], [ -90.397535989931583, 16.185538423626252 ], [ -90.397589456562017, 16.185601529515704 ], [ -90.39761520934394, 16.185662729405173 ], [ -90.397685702617707, 16.185740808401398 ], [ -90.397777677530812, 16.185828432343552 ], [ -90.397775719190065, 16.185891555829869 ], [ -90.397902438500438, 16.185996720129587 ], [ -90.397916312020129, 16.186046448120663 ], [ -90.397995507421996, 16.186099980993365 ], [ -90.39801136972828, 16.186178400634084 ], [ -90.398138085879069, 16.186272087786723 ], [ -90.398140087726688, 16.186340948057438 ], [ -90.39821730511359, 16.186392568270886 ], [ -90.39821930788024, 16.186463341073345 ], [ -90.398300483594966, 16.186518787311996 ], [ -90.39829654797569, 16.186587649260112 ], [ -90.398423259295996, 16.186664121637435 ], [ -90.398425249010216, 16.186694724013972 ], [ -90.398432699134986, 16.18677306819885 ], [ -90.398495810390685, 16.186822063139456 ], [ -90.398495815256055, 16.186839995394788 ], [ -90.398495825521977, 16.186867492123497 ], [ -90.398634419893952, 16.186965478806229 ], [ -90.398646814808771, 16.187030030880965 ], [ -90.398708687766486, 16.187075440524971 ], [ -90.398773047640333, 16.187157909816921 ], [ -90.398790385064217, 16.187205724151607 ], [ -90.398863397263867, 16.187265475814311 ], [ -90.39886589191957, 16.187324054185346 ], [ -90.398933951696108, 16.187370656162969 ], [ -90.398937688689927, 16.187443580924825 ], [ -90.399082477529078, 16.187565476009684 ], [ -90.399081251073596, 16.187595362815742 ], [ -90.399159213059875, 16.18765750467864 ], [ -90.399151813844185, 16.187723260292518 ], [ -90.399224828593617, 16.187787792258391 ], [ -90.399243406270713, 16.187845170708123 ], [ -90.399365920701072, 16.187947944181019 ], [ -90.399373360902416, 16.188000543248137 ], [ -90.399437713156118, 16.188056711394555 ], [ -90.399440217120258, 16.188141590696333 ], [ -90.399578806618351, 16.188220449624669 ], [ -90.399583821620354, 16.188415313376836 ], [ -90.399696666448548, 16.188311692186346 ], [ -90.399713190347796, 16.188470826110052 ], [ -90.399716527336267, 16.188502964735495 ], [ -90.39968196894651, 16.188742075540564 ], [ -90.399657387450844, 16.189205937988799 ], [ -90.399603142896069, 16.189760666035493 ], [ -90.399588388462149, 16.190023680141675 ], [ -90.399553808709612, 16.190200625452562 ], [ -90.399459664807608, 16.190371440756358 ], [ -90.399474565574437, 16.190529241635566 ], [ -90.399422813942252, 16.191135376815208 ], [ -90.399374914237967, 16.192150370758636 ], [ -90.399326865642081, 16.192738572616381 ], [ -90.399289944485972, 16.193301663714784 ], [ -90.39935683436272, 16.193538351275411 ], [ -90.399366492545525, 16.193539246132211 ], [ -90.399495276742101, 16.193551179928569 ], [ -90.399668448032628, 16.193446518984302 ], [ -90.400695116896685, 16.192857400751649 ], [ -90.401672299208201, 16.192292202843522 ], [ -90.40161090251766, 16.192200289761857 ], [ -90.401838480482837, 16.192018497440657 ], [ -90.402598461269278, 16.191606990948529 ], [ -90.403378222634558, 16.191162955959729 ], [ -90.404114564452996, 16.190687069663333 ], [ -90.406682400627233, 16.189244395540978 ], [ -90.406697150275775, 16.188993336010871 ], [ -90.406756513921039, 16.188935930029395 ], [ -90.406748880239192, 16.188390785266947 ], [ -90.406800819844108, 16.188333382340474 ], [ -90.406822786255049, 16.187544346537653 ], [ -90.406867309483218, 16.187508466277539 ], [ -90.406918744414611, 16.186138405621964 ], [ -90.40712164765813, 16.186164633477532 ], [ -90.410303699350109, 16.186402562175886 ], [ -90.411303348415643, 16.186473915042619 ], [ -90.411351556874394, 16.186498556747214 ], [ -90.411393995154029, 16.186479376790096 ], [ -90.411992790046128, 16.186506405381767 ], [ -90.412375825048386, 16.186537818441497 ], [ -90.412696506505853, 16.186563517338605 ], [ -90.413156740511724, 16.186593465708665 ], [ -90.413521960177007, 16.186619146292337 ], [ -90.413939128296576, 16.186617547578344 ], [ -90.414547830573269, 16.186667517966217 ], [ -90.414773490436062, 16.186676035947102 ], [ -90.414990252263038, 16.186704641675632 ], [ -90.41508824761064, 16.186733294706059 ], [ -90.415154817688105, 16.186759240799617 ], [ -90.415179585535981, 16.186816016585986 ], [ -90.415180845760844, 16.186872204535963 ], [ -90.415166045754304, 16.186979805751463 ], [ -90.415095850118902, 16.187732996805959 ], [ -90.41504797086418, 16.188600948682414 ], [ -90.415018287409936, 16.188618893484186 ], [ -90.414977744089839, 16.189282411446364 ], [ -90.414959230107158, 16.189386426493492 ], [ -90.414914840658867, 16.190083898448155 ], [ -90.414877358641178, 16.190386135934073 ], [ -90.414828106753319, 16.190935127885634 ], [ -90.414780825183627, 16.19146499074122 ], [ -90.414780891618463, 16.191621841032017 ], [ -90.414768245064323, 16.191832091615975 ], [ -90.414746380138084, 16.192195599592861 ], [ -90.41474605135285, 16.192201055963015 ], [ -90.4155566899462, 16.192271026898073 ], [ -90.416285665554824, 16.192322378686068 ], [ -90.416612293255213, 16.192342331028282 ], [ -90.417406599680419, 16.192407997964917 ], [ -90.418129638598302, 16.192459345647574 ], [ -90.419086346957812, 16.192523086654088 ], [ -90.419961691495075, 16.192588471182994 ], [ -90.420951484736889, 16.192671734750856 ], [ -90.421411617742038, 16.192695843611553 ], [ -90.421503400097961, 16.192701935977869 ], [ -90.421479915187092, 16.192968457159424 ], [ -90.421572702592442, 16.193016320084435 ], [ -90.421693335763948, 16.193055225292422 ], [ -90.42352158380146, 16.193148558213863 ], [ -90.423645429527198, 16.192900407328271 ], [ -90.423655766860279, 16.192901330249015 ], [ -90.42365577814553, 16.192901172080472 ], [ -90.425527947836173, 16.193039450745285 ], [ -90.426244145752534, 16.193064420512275 ], [ -90.426408382849928, 16.193071048363127 ], [ -90.426819656866783, 16.193132548631336 ], [ -90.4269161730913, 16.193162630104226 ], [ -90.427043852783683, 16.193165441522218 ], [ -90.427129965883012, 16.193172576166283 ], [ -90.42714335089336, 16.193221346722368 ], [ -90.427195330798185, 16.193255752155245 ], [ -90.427269552280634, 16.193235633598555 ], [ -90.42736459069198, 16.193278628477593 ], [ -90.427459612615891, 16.19329006199948 ], [ -90.427569463488254, 16.193264188066095 ], [ -90.427775818511634, 16.193245443858064 ], [ -90.428000635703313, 16.193232190224357 ], [ -90.428418805683123, 16.193224823191859 ], [ -90.428450988040311, 16.193255890989317 ], [ -90.428448639646746, 16.193509337844379 ], [ -90.428418982159386, 16.193581081280389 ], [ -90.428429870036524, 16.194327864766656 ], [ -90.428342053868576, 16.194378115992919 ], [ -90.428339647092756, 16.194515600602394 ], [ -90.428322540376072, 16.194947183642221 ], [ -90.428309131715068, 16.195351268478273 ], [ -90.428282082839416, 16.195694388085091 ], [ -90.428592634921031, 16.195718155241085 ], [ -90.42906774256123, 16.195751407613589 ], [ -90.429692554078017, 16.195785784061382 ], [ -90.430084769120356, 16.195822660065836 ], [ -90.43018624954216, 16.195878800391021 ], [ -90.430313909414352, 16.19583928828725 ], [ -90.431157222080529, 16.195892446019496 ], [ -90.432145063367088, 16.19598569950028 ], [ -90.432768640270879, 16.196023654774702 ], [ -90.433479329752174, 16.196086430630576 ], [ -90.434118753475616, 16.196141587946361 ], [ -90.434633453541622, 16.196173852251139 ], [ -90.435136283743759, 16.19622333532697 ], [ -90.435678691191185, 16.196244105955834 ], [ -90.436266638347547, 16.196283980741637 ], [ -90.436341864796745, 16.196289680321641 ], [ -90.436349800459396, 16.196322194846108 ], [ -90.436345851679278, 16.19634132441152 ], [ -90.436266089245294, 16.196342340836583 ], [ -90.436486541029751, 16.196379208604512 ], [ -90.4371763002964, 16.196396792666839 ], [ -90.438627006096212, 16.196518591757894 ], [ -90.439644662281154, 16.196595773984082 ], [ -90.439731283008229, 16.196622627341991 ], [ -90.439777693378602, 16.196649501815337 ], [ -90.439783892411924, 16.196673408420203 ], [ -90.439765515163103, 16.196999192638305 ], [ -90.439657592306958, 16.198388799343839 ], [ -90.441100266093258, 16.198498032151448 ], [ -90.44223361974457, 16.198583508716091 ], [ -90.444079659984624, 16.198737935038288 ], [ -90.447932593966314, 16.199049037770038 ], [ -90.449528702316783, 16.199172471087628 ], [ -90.450224050212199, 16.1992055494227 ], [ -90.450372557550324, 16.199270021847081 ], [ -90.450808061290431, 16.199262600398914 ], [ -90.451285633377921, 16.199259934689131 ], [ -90.451483611661544, 16.199293294731401 ], [ -90.451535593182243, 16.199321955710605 ], [ -90.452723379695058, 16.199383433303154 ], [ -90.454423434406593, 16.199523505378597 ], [ -90.454477879419727, 16.199535428797105 ], [ -90.454572238721113, 16.199584851251906 ], [ -90.4549265101424, 16.202245559876165 ], [ -90.454888581009286, 16.202262121078988 ], [ -90.454416558566649, 16.202230073118688 ], [ -90.454398662024076, 16.203215975813233 ], [ -90.45480690061423, 16.20376992533285 ], [ -90.454834468272907, 16.203807332214382 ], [ -90.454938036917099, 16.203947866526711 ], [ -90.455457620758551, 16.204665403176804 ], [ -90.455758641521854, 16.204936312517791 ], [ -90.455779783181541, 16.205032322200712 ], [ -90.453527829181752, 16.204851939823996 ], [ -90.449607967808831, 16.204557717729266 ], [ -90.449617857008604, 16.204543365242916 ], [ -90.449642155418985, 16.203806923476375 ], [ -90.449679484880946, 16.20332144938191 ], [ -90.449725628619433, 16.202721362826328 ], [ -90.449799091587877, 16.202594994927637 ], [ -90.449814618735303, 16.202568287323682 ], [ -90.449883899795964, 16.202558684072841 ], [ -90.450096719473478, 16.2025776904545 ], [ -90.450284748370152, 16.202520199497343 ], [ -90.450423195180974, 16.202314494579735 ], [ -90.450415586584739, 16.202044788760901 ], [ -90.45041307665295, 16.201955850021246 ], [ -90.450413782583666, 16.201938354496356 ], [ -90.449730796826529, 16.201905268844257 ], [ -90.448758266277864, 16.201824524948918 ], [ -90.447919362377775, 16.201748484069785 ], [ -90.447912887127217, 16.201771164423405 ], [ -90.447875854894093, 16.201914644941084 ], [ -90.447882166347597, 16.202123852700613 ], [ -90.447851360623503, 16.20233308298533 ], [ -90.447795842006698, 16.202596123808732 ], [ -90.447746411338315, 16.202697768683354 ], [ -90.447647599500471, 16.202978766301637 ], [ -90.447666269232471, 16.203164059599665 ], [ -90.447647863493472, 16.203421102559677 ], [ -90.44754306079092, 16.204030865137526 ], [ -90.447469044750264, 16.204401511883187 ], [ -90.443962146744383, 16.204161243158616 ], [ -90.441731750491599, 16.203988460305954 ], [ -90.441333787610404, 16.203945305295449 ], [ -90.440157704255526, 16.203870365122494 ], [ -90.43928565524368, 16.203790667259302 ], [ -90.439196567856641, 16.203781148726137 ], [ -90.439122810264962, 16.204649120286195 ], [ -90.438749134277145, 16.204611056930148 ], [ -90.437915149069696, 16.204494325840358 ], [ -90.436524456476207, 16.204495029390035 ], [ -90.434762565362888, 16.204462435557485 ], [ -90.432914047352384, 16.204396393763524 ], [ -90.431800487981732, 16.204365849125502 ], [ -90.431122630848876, 16.204359463562842 ], [ -90.43053595651142, 16.204551735910954 ], [ -90.430486670047969, 16.204722457453922 ], [ -90.430544281428865, 16.206094266921724 ], [ -90.430509602410126, 16.20646486982654 ], [ -90.430506331117428, 16.206499826667933 ], [ -90.430505296553491, 16.20649975763752 ], [ -90.430504103270948, 16.206512167906777 ], [ -90.430506582042028, 16.206520533778679 ], [ -90.430505350565994, 16.20653248940269 ], [ -90.430501647453085, 16.20655042403931 ], [ -90.43047080905248, 16.206734546522053 ], [ -90.430470824768037, 16.2067644338821 ], [ -90.430441252500628, 16.207008329671797 ], [ -90.430416639162146, 16.207270156595488 ], [ -90.430393281527344, 16.207565456816027 ], [ -90.4303679159502, 16.208266945778913 ], [ -90.430345024940067, 16.20870064604954 ], [ -90.430385219470196, 16.20869942367268 ], [ -90.430462971607398, 16.208699386772441 ], [ -90.430500296975552, 16.208717302292818 ], [ -90.430604235886193, 16.208728011551553 ], [ -90.430685911544529, 16.208756665609922 ], [ -90.430800980400932, 16.208756610931758 ], [ -90.430968028705252, 16.208781636632313 ], [ -90.431283550927901, 16.208803004527315 ], [ -90.431424606754007, 16.208810110922933 ], [ -90.431610211878066, 16.208831540297137 ], [ -90.43178095931097, 16.208831457813634 ], [ -90.432144742235195, 16.208863562202428 ], [ -90.432434296383292, 16.208913633351667 ], [ -90.43330660686027, 16.208941901900058 ], [ -90.433748340808052, 16.20897396473341 ], [ -90.434539016733495, 16.209052478067015 ], [ -90.435589537239309, 16.209148792654311 ], [ -90.436220586343012, 16.209198688050517 ], [ -90.436599201270681, 16.20919849769594 ], [ -90.436836760612877, 16.209194791306842 ], [ -90.437063189613852, 16.209198264189055 ], [ -90.438702755460397, 16.209298422955062 ], [ -90.438414362672432, 16.213327074621741 ], [ -90.438392232591781, 16.213585313910833 ], [ -90.436929664303435, 16.213503569570996 ], [ -90.435938528502447, 16.213439510494521 ], [ -90.434442541830535, 16.213332658242511 ], [ -90.43408988447807, 16.213296968454728 ], [ -90.434030509156358, 16.213329275019927 ], [ -90.432783211379984, 16.213193596881446 ], [ -90.431417147399941, 16.213086660465763 ], [ -90.431335493931513, 16.21310463228501 ], [ -90.429959664658298, 16.213059986060941 ], [ -90.429868574937402, 16.213977444871134 ], [ -90.429817791736525, 16.214705300847942 ], [ -90.429230918385585, 16.214493061220406 ], [ -90.42847379464007, 16.214286132423158 ], [ -90.428169418361222, 16.214267853435938 ], [ -90.427739442881148, 16.214260964911137 ], [ -90.42733846917082, 16.214260828099402 ], [ -90.426812088774284, 16.21437365738198 ], [ -90.426368664847615, 16.21460848213782 ], [ -90.426300383835169, 16.214661559147167 ], [ -90.425959170051371, 16.214926797502891 ], [ -90.42554065817211, 16.215261683548576 ], [ -90.425231584661475, 16.215305266653747 ], [ -90.425153108435154, 16.215345622648563 ], [ -90.42508137433579, 16.215410211176266 ], [ -90.424989887805964, 16.215489207167487 ], [ -90.424942848925397, 16.215529823645852 ], [ -90.424773297459026, 16.215594973103439 ], [ -90.42468125184881, 16.21562083824697 ], [ -90.424611484331948, 16.215659602751764 ], [ -90.424583285666401, 16.215688307783189 ], [ -90.424504601936235, 16.21571273144826 ], [ -90.424448179647825, 16.215712756573872 ], [ -90.424342984979091, 16.215669765862746 ], [ -90.424267504192926, 16.215662624821082 ], [ -90.424193262501973, 16.215661462202494 ], [ -90.423972964848545, 16.215553466580818 ], [ -90.423819510106142, 16.215503324306304 ], [ -90.423737848799234, 16.215508141393723 ], [ -90.423701048371527, 16.216013136940184 ], [ -90.42350696005073, 16.21605248996666 ], [ -90.42254179383832, 16.215975205119317 ], [ -90.421174477260919, 16.21586521062229 ], [ -90.42084347687782, 16.215841442101933 ], [ -90.420274262350063, 16.215763977835142 ], [ -90.418687313473882, 16.215639116896867 ], [ -90.417991274947127, 16.215564686341398 ], [ -90.416589935370183, 16.215451688217005 ], [ -90.416490948754998, 16.215454716951491 ], [ -90.416450737061467, 16.215457722676234 ], [ -90.416410540179726, 16.215496591920264 ], [ -90.416342872816216, 16.216387268349653 ], [ -90.416290526272789, 16.216943197762298 ], [ -90.416281320279978, 16.21711356006821 ], [ -90.416274896255302, 16.217191239071873 ], [ -90.421880360592013, 16.217609819298684 ], [ -90.421811822995608, 16.218599354703446 ], [ -90.420179589474017, 16.218453896863849 ], [ -90.41825234913405, 16.218341130676144 ], [ -90.417367956828031, 16.2182665694171 ], [ -90.416131742522438, 16.218167635626592 ], [ -90.416130517166479, 16.218185009680422 ], [ -90.414871461307186, 16.218083896640906 ], [ -90.41367736995042, 16.217988727239792 ], [ -90.41368175122777, 16.217925524317465 ], [ -90.413679546415437, 16.217925230576608 ], [ -90.413197820795887, 16.217878168221201 ], [ -90.412999831268607, 16.217849553829961 ], [ -90.412873623729723, 16.217854384629678 ], [ -90.412549428256639, 16.217837773426865 ], [ -90.412193066611593, 16.217830737279659 ], [ -90.412141083418987, 16.217797284502719 ], [ -90.412071783786828, 16.217775791398616 ], [ -90.41199505666944, 16.217749519297357 ], [ -90.411933181760688, 16.217732806929195 ], [ -90.411919786418238, 16.217653111512956 ], [ -90.411677265485594, 16.217657986416452 ], [ -90.411677316728102, 16.217782318815097 ], [ -90.411598127633368, 16.217787130448347 ], [ -90.411509012052889, 16.217724998542451 ], [ -90.411229664391982, 16.217738972820246 ], [ -90.411147973093307, 16.217674446880444 ], [ -90.410889614577471, 16.217678847874154 ], [ -90.41048129300826, 16.217691914679129 ], [ -90.410295729969775, 16.217793840249147 ], [ -90.410037365918896, 16.217785329737424 ], [ -90.409959635999627, 16.217784279064752 ], [ -90.409826758635845, 16.217782483685458 ], [ -90.409825081460099, 16.217909642558443 ], [ -90.40981269676206, 16.218848748857898 ], [ -90.409741579586765, 16.218929472305017 ], [ -90.409720359582181, 16.220014397719908 ], [ -90.409664707998914, 16.220092126050929 ], [ -90.409664929830072, 16.220648033429914 ], [ -90.409346387955182, 16.220854376454266 ], [ -90.409265933775117, 16.220791642650624 ], [ -90.409142165902125, 16.22071696952775 ], [ -90.408993687844088, 16.220731968437018 ], [ -90.408944221734615, 16.220806705702593 ], [ -90.408285341389913, 16.220866722717837 ], [ -90.407671905691117, 16.220903967111418 ], [ -90.406988889535882, 16.220944382469174 ], [ -90.406107911744044, 16.221036510890951 ], [ -90.405260569416299, 16.221073153945873 ], [ -90.404506296406367, 16.221161405032749 ], [ -90.40401530709309, 16.221167314357267 ], [ -90.403264986610409, 16.221240258082886 ], [ -90.402908621362826, 16.221240379203778 ], [ -90.402075126002742, 16.221252136753641 ], [ -90.401455453405916, 16.221271472386146 ], [ -90.400655616250944, 16.221285126298131 ], [ -90.399950814504294, 16.221314048103274 ], [ -90.399944858891828, 16.221268142852441 ], [ -90.399881495093197, 16.221235646123915 ], [ -90.399774584190979, 16.221231855584659 ], [ -90.399748817223241, 16.221147699482014 ], [ -90.399703255857261, 16.221073115638159 ], [ -90.399687387467253, 16.220988956972633 ], [ -90.399687360745205, 16.220910532524979 ], [ -90.399635875109112, 16.220879944823299 ], [ -90.399564253006844, 16.220771552220828 ], [ -90.399562584421886, 16.220769025197111 ], [ -90.399534814962109, 16.220617922456292 ], [ -90.399520928895924, 16.220539502293221 ], [ -90.399465488753549, 16.220524217410333 ], [ -90.399417963214219, 16.220493628819145 ], [ -90.39935061665318, 16.220398009434824 ], [ -90.399293179363966, 16.220329167391011 ], [ -90.399275072271465, 16.220297118556491 ], [ -90.399245635288381, 16.220245019871236 ], [ -90.399235713736033, 16.220179987447974 ], [ -90.399188185621313, 16.220143659416028 ], [ -90.39912087644187, 16.220155157738056 ], [ -90.398901074986981, 16.220025157732735 ], [ -90.398855522981506, 16.219977352695619 ], [ -90.398849563269209, 16.219918057913269 ], [ -90.398823815440494, 16.219883635529065 ], [ -90.398768364975354, 16.21983774551293 ], [ -90.398687202688478, 16.219866463390293 ], [ -90.398635728954346, 16.219866480397439 ], [ -90.398580292551244, 16.219862672253416 ], [ -90.398522886406226, 16.219881818896859 ], [ -90.398457548054864, 16.219866537154406 ], [ -90.398382319919548, 16.219879949404923 ], [ -90.398334809553887, 16.219893355019 ], [ -90.398285312653471, 16.219887631692355 ], [ -90.398263523940813, 16.21985320842586 ], [ -90.398249647133028, 16.219801567170446 ], [ -90.398235769490498, 16.219746099956261 ], [ -90.398154579318543, 16.219690654691885 ], [ -90.398085271545114, 16.219646682126381 ], [ -90.39801597168514, 16.219623750047415 ], [ -90.398013981687129, 16.219595058479221 ], [ -90.39793875451106, 16.219610384908165 ], [ -90.397879363611423, 16.219616142737017 ], [ -90.397857572293944, 16.219577892566171 ], [ -90.397802619523659, 16.219534394099753 ], [ -90.397753114925351, 16.219505717613519 ], [ -90.39773577433975, 16.219455511762071 ], [ -90.397592591352918, 16.219361773225021 ], [ -90.397592565589179, 16.219355509597133 ], [ -90.397591616215323, 16.21913434295379 ], [ -90.397590692096202, 16.218918615631097 ], [ -90.397590566003387, 16.218889264248894 ], [ -90.397587220726976, 16.218108889297167 ], [ -90.397409037943888, 16.218099380739094 ], [ -90.397409244717551, 16.218070402801729 ], [ -90.397411402742819, 16.217767030606325 ], [ -90.397377496380457, 16.217761063334137 ], [ -90.396850380573397, 16.217754055323439 ], [ -90.396289847463947, 16.217721949008588 ], [ -90.395762736418433, 16.217732869596663 ], [ -90.395729339456025, 16.217768745617143 ], [ -90.395707168008613, 16.21807719115229 ], [ -90.395699850065441, 16.218407152668814 ], [ -90.39552166774503, 16.218396446745228 ], [ -90.395510478349749, 16.218231470435274 ], [ -90.39545476410774, 16.218134651617174 ], [ -90.395358230692665, 16.218073709606905 ], [ -90.395194863764488, 16.217962578647601 ], [ -90.395176294552073, 16.217937478863888 ], [ -90.395231922500429, 16.217768896647126 ], [ -90.395083410286233, 16.217679278011364 ], [ -90.395088634702034, 16.217610847198038 ], [ -90.395090803221194, 16.217582440556136 ], [ -90.394954424618746, 16.217515413899719 ], [ -90.394951297255787, 16.217407819154211 ], [ -90.394443888137474, 16.217115073815197 ], [ -90.394443867023526, 16.21704932119917 ], [ -90.394165414142918, 16.216893989525296 ], [ -90.394149864047094, 16.216633972097668 ], [ -90.394176865187916, 16.216592918646604 ], [ -90.394166928489184, 16.216468589492393 ], [ -90.394117416440778, 16.216416001949426 ], [ -90.394018408452979, 16.216349082801621 ], [ -90.393924316883812, 16.216181739409461 ], [ -90.393884697343537, 16.216105240221548 ], [ -90.39380051957292, 16.215980932682953 ], [ -90.393671799951619, 16.215870983823265 ], [ -90.393612370651823, 16.215751451840138 ], [ -90.393602438111884, 16.215646250637469 ], [ -90.393387230799533, 16.215485284341142 ], [ -90.393387198450455, 16.215383666402513 ], [ -90.39333769351407, 16.215344827001761 ], [ -90.393297435924907, 16.215201378983597 ], [ -90.393105614717427, 16.215096828337753 ], [ -90.393062266647604, 16.214965335628197 ], [ -90.393025078964797, 16.214750156672153 ], [ -90.39294341048668, 16.214734639050079 ], [ -90.392787475090003, 16.214634262967436 ], [ -90.392696871809406, 16.214539605853656 ], [ -90.392615187423843, 16.214470766907247 ], [ -90.392586956420004, 16.214407653688728 ], [ -90.392484481642327, 16.214333082862311 ], [ -90.392430995670068, 16.214225504131242 ], [ -90.392370089945203, 16.214129403117113 ], [ -90.392227522241896, 16.214044443884017 ], [ -90.392223506114306, 16.21385890318501 ], [ -90.391752866592881, 16.214336799284983 ], [ -90.392104331639359, 16.214537543145433 ], [ -90.392131740306098, 16.215147241116085 ], [ -90.39222332371358, 16.215216553458394 ], [ -90.392431157230433, 16.215089771331026 ], [ -90.39263659535429, 16.21521404404545 ], [ -90.392634164584152, 16.215359895612682 ], [ -90.392703469007728, 16.215398132377405 ], [ -90.392705967049594, 16.215477033520791 ], [ -90.392775274994179, 16.215529616025275 ], [ -90.392631782831174, 16.215658771971661 ], [ -90.392587220198777, 16.215599009173754 ], [ -90.392500629323621, 16.215670764663166 ], [ -90.392406572064218, 16.215608624972802 ], [ -90.39233481930313, 16.21565168463934 ], [ -90.392344742639182, 16.215732975688546 ], [ -90.392282884862681, 16.215766467775072 ], [ -90.392223483745397, 16.215737793113128 ], [ -90.392178948874957, 16.215766497277407 ], [ -90.392149278712154, 16.215850191424629 ], [ -90.39182019722621, 16.216024828645885 ], [ -90.391810331336927, 16.216130035202223 ], [ -90.391001239496788, 16.21657020943756 ], [ -90.39096410649681, 16.216529571772995 ], [ -90.39083049723412, 16.216608513262035 ], [ -90.3906275276385, 16.216460328077108 ], [ -90.390399819125477, 16.216338449771651 ], [ -90.390337961221533, 16.216369550628148 ], [ -90.390276084387125, 16.216338484390313 ], [ -90.390231508182708, 16.216233292256931 ], [ -90.390053384076552, 16.216583863173216 ], [ -90.390094960386278, 16.216585764684872 ], [ -90.390142479734649, 16.21660296676637 ], [ -90.390342468479432, 16.216717678941311 ], [ -90.390342000417235, 16.216718261676824 ], [ -90.390342480199152, 16.216718477038658 ], [ -90.390681053961444, 16.21687060982503 ], [ -90.390762234696084, 16.216905016529072 ], [ -90.390892900531142, 16.21690880572508 ], [ -90.391005741950011, 16.21689347126993 ], [ -90.39111858405613, 16.216881963616423 ], [ -90.391251206789974, 16.216809238963293 ], [ -90.391241277211549, 16.216705950195692 ], [ -90.391364009024386, 16.216663833488035 ], [ -90.39141747658104, 16.216707813704421 ], [ -90.391726270469064, 16.216552789164986 ], [ -90.391736139840134, 16.216453320199747 ], [ -90.391936063846018, 16.216351884568848 ], [ -90.391953852640412, 16.216256239251969 ], [ -90.392094395849028, 16.216191164586526 ], [ -90.392088435778831, 16.216126130215788 ], [ -90.392163654185779, 16.216084027755286 ], [ -90.392215141361532, 16.21612800676764 ], [ -90.392456630489377, 16.215997866770241 ], [ -90.39255167893441, 16.216062874825568 ], [ -90.392563572761304, 16.216112602931837 ], [ -90.39259129648255, 16.216131724150376 ], [ -90.392678396312931, 16.216106832125472 ], [ -90.39292789906564, 16.216275086921911 ], [ -90.392927916714768, 16.216332470876818 ], [ -90.39322691800777, 16.216519837583142 ], [ -90.393211128783093, 16.216674779580913 ], [ -90.393371513873703, 16.216753158094246 ], [ -90.393371533241407, 16.216816279629043 ], [ -90.393409153773632, 16.216831570713801 ], [ -90.393595218363075, 16.21672631326016 ], [ -90.3936665068792, 16.216779850015687 ], [ -90.393663328783077, 16.216888471099683 ], [ -90.393662589290386, 16.216913747539135 ], [ -90.393965544684832, 16.217078159437293 ], [ -90.393973475055247, 16.217112587074912 ], [ -90.393979488779408, 16.217347860717631 ], [ -90.393991383800312, 16.217401414698571 ], [ -90.394062671816656, 16.217453039696284 ], [ -90.394177519042628, 16.217519954060336 ], [ -90.394278521359226, 16.217625128276104 ], [ -90.3943676366506, 16.217707352534525 ], [ -90.394498324610851, 16.217776173574062 ], [ -90.39462303178621, 16.217720664664711 ], [ -90.394666595397325, 16.217743605872233 ], [ -90.394676529212219, 16.21785645801992 ], [ -90.394759679820126, 16.217856434172891 ], [ -90.394767626907097, 16.217942507243311 ], [ -90.394807257798107, 16.218055351503327 ], [ -90.394854785383131, 16.218095504665779 ], [ -90.394906265426144, 16.218112705836646 ], [ -90.394935969066211, 16.218133736639636 ], [ -90.394934006945959, 16.218189208888749 ], [ -90.394934303609361, 16.218217229903324 ], [ -90.394994966599768, 16.218216453686829 ], [ -90.395182997107113, 16.218300492601507 ], [ -90.395269634636762, 16.218367415946041 ], [ -90.395296874724622, 16.218424791626941 ], [ -90.39535630461701, 16.218539541801754 ], [ -90.395405801597278, 16.218544308642564 ], [ -90.395512223550668, 16.218572968501409 ], [ -90.395583989888863, 16.218570555302687 ], [ -90.395663179651152, 16.2185657487424 ], [ -90.39566896394831, 16.218590302607943 ], [ -90.39567557057488, 16.218618347509839 ], [ -90.395702820974037, 16.218704415563845 ], [ -90.395694254003971, 16.218986592202224 ], [ -90.395823181533871, 16.219034450592865 ], [ -90.395949396066371, 16.219041585037516 ], [ -90.39599393391947, 16.219020052068984 ], [ -90.396031031632731, 16.218950701375679 ], [ -90.396082997529547, 16.21894112260599 ], [ -90.396167147954017, 16.218967396846068 ], [ -90.396238916285682, 16.218972157210722 ], [ -90.396320575289906, 16.218950612484672 ], [ -90.396439359513124, 16.218941012919498 ], [ -90.396585409513577, 16.2190676904859 ], [ -90.39671413813727, 16.219194373987044 ], [ -90.396875063559079, 16.219402340974064 ], [ -90.396932056308799, 16.219622295659665 ], [ -90.396966722384875, 16.219684451525374 ], [ -90.397159799359855, 16.219820678893008 ], [ -90.39728356528407, 16.219909107300328 ], [ -90.397397911479317, 16.219949399765841 ], [ -90.397457316374542, 16.219981899842431 ], [ -90.397522653803762, 16.219995267557579 ], [ -90.397601838513793, 16.219972289464522 ], [ -90.397625572053144, 16.219903421028388 ], [ -90.397635455882494, 16.219857510693132 ], [ -90.397679009869762, 16.219851758858649 ], [ -90.39774039085728, 16.219872780129656 ], [ -90.397785926019097, 16.219874678430287 ], [ -90.397912622758739, 16.219844034117951 ], [ -90.398033396465266, 16.219865036855271 ], [ -90.398100724795526, 16.219909010294785 ], [ -90.398108675977554, 16.220004647674589 ], [ -90.398104740491362, 16.220073510302608 ], [ -90.398106745211422, 16.220150021368415 ], [ -90.398148339782367, 16.220203565861361 ], [ -90.39822556501214, 16.220241798294012 ], [ -90.398292877736083, 16.220241777225453 ], [ -90.398393832894172, 16.220197750684701 ], [ -90.398484892063024, 16.220165203562164 ], [ -90.398550209460666, 16.220119276299013 ], [ -90.39858583919704, 16.220100136420804 ], [ -90.398655129682695, 16.220092463363713 ], [ -90.398704631878999, 16.220115401154516 ], [ -90.39876801896952, 16.220212934094398 ], [ -90.398779932231733, 16.220312395679038 ], [ -90.398779958596037, 16.220390820129193 ], [ -90.398803734976525, 16.220444371362923 ], [ -90.398890839521144, 16.22042712872199 ], [ -90.39899576430237, 16.220411792589317 ], [ -90.399185830851309, 16.220428947440393 ], [ -90.399251182776254, 16.220480571490668 ], [ -90.399282881734933, 16.220549422124314 ], [ -90.399225487810384, 16.220606824916697 ], [ -90.399210230854848, 16.220858650243358 ], [ -90.398900944805533, 16.221028511061455 ], [ -90.398799468531863, 16.220995068516679 ], [ -90.398574302827754, 16.221105126562975 ], [ -90.398514907530142, 16.221100363861211 ], [ -90.398457991445255, 16.221109946277213 ], [ -90.398420878811535, 16.221136258299673 ], [ -90.398378818656681, 16.221167355590296 ], [ -90.398336751110534, 16.221174540865221 ], [ -90.398351612501585, 16.221212793087542 ], [ -90.398386275139714, 16.22126299271256 ], [ -90.398467961143695, 16.221317959989356 ], [ -90.39851251303628, 16.221337073114796 ], [ -90.39854222082019, 16.22136814779256 ], [ -90.398539759572472, 16.221406405279303 ], [ -90.398074514636704, 16.221437636060141 ], [ -90.397638962333872, 16.221454509076807 ], [ -90.397453333142479, 16.221390010011824 ], [ -90.396955911147558, 16.221402121031286 ], [ -90.39673316058618, 16.221337632238797 ], [ -90.396579745457714, 16.2213974541563 ], [ -90.396312477801345, 16.221414274406843 ], [ -90.395879453464616, 16.221596123034171 ], [ -90.395832419968528, 16.221555490411898 ], [ -90.395542916669697, 16.221691866014922 ], [ -90.395328857214722, 16.22171743416234 ], [ -90.395263884226921, 16.221684577345904 ], [ -90.395164912542782, 16.221741393608738 ], [ -90.395149497336732, 16.221905780092971 ], [ -90.395405150890099, 16.222272860865829 ], [ -90.395625003741316, 16.222557802601838 ], [ -90.395630964217645, 16.222622835937699 ], [ -90.395763471810071, 16.222803430489634 ], [ -90.39578324041824, 16.222834727531136 ], [ -90.395815316417583, 16.222878800067051 ], [ -90.396014983105218, 16.223153137569369 ], [ -90.396246727905179, 16.223472504516884 ], [ -90.396409146414925, 16.223691470446852 ], [ -90.396630985255626, 16.223985974717529 ], [ -90.396830048482002, 16.224257530930249 ], [ -90.397060804292082, 16.224574984866944 ], [ -90.397240065218583, 16.224829331907383 ], [ -90.397473796094133, 16.225156348549966 ], [ -90.397686727469548, 16.225445114332842 ], [ -90.397898674398604, 16.225750140410792 ], [ -90.398084876051627, 16.226030308251055 ], [ -90.398210657079417, 16.226207203112871 ], [ -90.398229473121049, 16.226233019481288 ], [ -90.398329513646559, 16.226400357375017 ], [ -90.398503828863852, 16.226656617996881 ], [ -90.398697958481918, 16.226957823240038 ], [ -90.398814862222991, 16.227131543729755 ], [ -90.399129813914513, 16.227599560999366 ], [ -90.399118414069292, 16.227596666908042 ], [ -90.399052586540918, 16.227634843631428 ], [ -90.398796193787803, 16.227636837404368 ], [ -90.398753615656659, 16.227604333991405 ], [ -90.398619010596178, 16.227680888241249 ], [ -90.398617434129008, 16.227904071776265 ], [ -90.398616617176572, 16.22801967702938 ], [ -90.39856072532406, 16.22803668860584 ], [ -90.398561823466181, 16.228119234116996 ], [ -90.398567583554993, 16.228552187016401 ], [ -90.398625564683442, 16.228582544877032 ], [ -90.398630855475929, 16.229031564189043 ], [ -90.399326366544443, 16.229045668914292 ], [ -90.399388732329058, 16.229045648782062 ], [ -90.399476362200915, 16.229103004603861 ], [ -90.399656012160179, 16.229028347500616 ], [ -90.399734699928445, 16.228993891455485 ], [ -90.399791099463599, 16.228914970397476 ], [ -90.399923225056142, 16.228823112236807 ], [ -90.399932442271435, 16.228818806171223 ], [ -90.400346267441293, 16.229449684995075 ], [ -90.40074606297739, 16.230000398490979 ], [ -90.400752341747349, 16.230009047559228 ], [ -90.401235230271183, 16.230821829336708 ], [ -90.401616548999485, 16.231342942642577 ], [ -90.40167209331878, 16.231422399630389 ], [ -90.40188892628241, 16.231732585708443 ], [ -90.402515404329208, 16.232645738957668 ], [ -90.402807607870699, 16.233099932203352 ], [ -90.402832365956982, 16.233123833831666 ], [ -90.402847221884102, 16.233140565282618 ], [ -90.402844762005856, 16.23318121343668 ], [ -90.402825186082097, 16.233200918115603 ], [ -90.402859265580119, 16.233269704163234 ], [ -90.402871746997434, 16.233408655324158 ], [ -90.402881009901179, 16.233511785848538 ], [ -90.402927432304125, 16.23355959037977 ], [ -90.402942926904174, 16.233634304325356 ], [ -90.402902719779931, 16.233658227731915 ], [ -90.402912050068323, 16.233795707800347 ], [ -90.402955360917701, 16.233795693271251 ], [ -90.402958517271173, 16.233966050385014 ], [ -90.403060615151915, 16.233986937794807 ], [ -90.403062483132416, 16.233987623758722 ], [ -90.40332051706703, 16.234082489196467 ], [ -90.403666853038203, 16.234291494230746 ], [ -90.403728245740396, 16.234331642631506 ], [ -90.40378960920313, 16.234289540704172 ], [ -90.403868822547068, 16.234331594304848 ], [ -90.403930211523658, 16.234362178216156 ], [ -90.404005463733839, 16.234400407634741 ], [ -90.404049426351463, 16.234424494057698 ], [ -90.404078736327719, 16.234440553175059 ], [ -90.404136170817736, 16.23448643995258 ], [ -90.404209441569492, 16.234520845162358 ], [ -90.404282685739588, 16.234482562659977 ], [ -90.404357939957805, 16.234524618810919 ], [ -90.404421754758019, 16.234555679997161 ], [ -90.404496563000265, 16.234597257766904 ], [ -90.404553991898169, 16.234625929902123 ], [ -90.404623556064763, 16.234675877532577 ], [ -90.404701777694967, 16.234710878620866 ], [ -90.404712899176104, 16.234717780815775 ], [ -90.404771090789978, 16.234753892737523 ], [ -90.404835425912481, 16.234716809959654 ], [ -90.404894834189633, 16.234744285303332 ], [ -90.404969099074634, 16.234789688615418 ], [ -90.405045833283239, 16.234820744555186 ], [ -90.405103990756757, 16.23481116005437 ], [ -90.405136772479892, 16.234825851261885 ], [ -90.405173300344671, 16.234842219857345 ], [ -90.405250835366772, 16.234859765488604 ], [ -90.405320148841696, 16.234900388770843 ], [ -90.405374610645865, 16.234936234941316 ], [ -90.405456303492613, 16.234988807939303 ], [ -90.40552313549874, 16.235012695461474 ], [ -90.405585021297867, 16.235046146998094 ], [ -90.405671662663138, 16.235096327844801 ], [ -90.405699316511885, 16.235111275183211 ], [ -90.405733549449238, 16.235129779338504 ], [ -90.405792930725781, 16.235086721498639 ], [ -90.405869674596204, 16.235139295754962 ], [ -90.405929083512376, 16.235167966589113 ], [ -90.406008298146403, 16.23521097746173 ], [ -90.406065234937287, 16.235244430280769 ], [ -90.406144449631682, 16.23528744110255 ], [ -90.406213764918576, 16.235332844500455 ], [ -90.406290499534563, 16.235363900894381 ], [ -90.406349917111655, 16.235414091127996 ], [ -90.40642167088015, 16.235363853955072 ], [ -90.406427037994817, 16.235366340073508 ], [ -90.406483555458195, 16.235392523918453 ], [ -90.406562773467599, 16.235442706551662 ], [ -90.406618473968223, 16.235477357168797 ], [ -90.40668778626268, 16.23551558754065 ], [ -90.406757098773937, 16.235551428138425 ], [ -90.406828880290462, 16.235575312905997 ], [ -90.406903142199482, 16.235608760455428 ], [ -90.406969964497094, 16.235606345790046 ], [ -90.407166540703003, 16.235662192477665 ], [ -90.407558286493185, 16.235833694461625 ], [ -90.407986919708208, 16.236021344356882 ], [ -90.409536474233917, 16.236613743701419 ], [ -90.410597606636003, 16.237022722701269 ], [ -90.411280125471052, 16.237260212896988 ], [ -90.411632686090897, 16.23741411852162 ], [ -90.411784916264381, 16.237463555020703 ], [ -90.41192378513351, 16.237520167770509 ], [ -90.412174782001074, 16.237606865086544 ], [ -90.412174685234504, 16.237371590228292 ], [ -90.412200332705012, 16.237296681597787 ], [ -90.41221784459583, 16.237155877895034 ], [ -90.412254706884809, 16.236519257558793 ], [ -90.412318209643772, 16.235843839128581 ], [ -90.412361116952411, 16.235306618238791 ], [ -90.412421622166647, 16.234549067453674 ], [ -90.412473243694691, 16.23448581998294 ], [ -90.412532282312483, 16.233617861765165 ], [ -90.412687460674846, 16.231831720391899 ], [ -90.412697121181836, 16.231831716232694 ], [ -90.412709598275754, 16.231730650374107 ], [ -90.412748808416538, 16.230795751642617 ], [ -90.412958313956238, 16.230808159741329 ], [ -90.41298058839169, 16.230808150800936 ], [ -90.415393685313973, 16.231011629388945 ], [ -90.417294463939427, 16.23116149344407 ], [ -90.41829682816676, 16.231243569956579 ], [ -90.419347460000111, 16.231332794099348 ], [ -90.420138216943926, 16.231400604643611 ], [ -90.420721074814594, 16.231446981440083 ], [ -90.420921541670467, 16.231446896270999 ], [ -90.420999505182962, 16.231457623165632 ], [ -90.421029219856678, 16.231493474198349 ], [ -90.421044095615429, 16.23155085188742 ], [ -90.421037762691938, 16.231612314270944 ], [ -90.421069892918737, 16.231742227928109 ], [ -90.421110728882127, 16.231744361716931 ], [ -90.42103298893511, 16.232221401261643 ], [ -90.420962838262938, 16.233060674619743 ], [ -90.420925954357216, 16.233584320419201 ], [ -90.420837275569625, 16.234498919055003 ], [ -90.420810412918655, 16.234505419387219 ], [ -90.42080451704247, 16.234535700339336 ], [ -90.420802054386485, 16.234564392718745 ], [ -90.42078235415066, 16.234781982988434 ], [ -90.420742960900824, 16.235231509255723 ], [ -90.420691239439648, 16.235783853500479 ], [ -90.42068105314759, 16.235925802236249 ], [ -90.420646971712671, 16.236400752719732 ], [ -90.420595289070022, 16.237036783401461 ], [ -90.420565683508954, 16.237242422034555 ], [ -90.420536488970669, 16.237244378757801 ], [ -90.420516030705826, 16.23731660323984 ], [ -90.420538314583027, 16.237334527497417 ], [ -90.420523662283074, 16.237768500570176 ], [ -90.420475860414101, 16.238779917006728 ], [ -90.420390915599953, 16.239748312006206 ], [ -90.420368754761071, 16.240002964039864 ], [ -90.420364390035729, 16.240005777860461 ], [ -90.420357648977301, 16.240071203355047 ], [ -90.420370598489583, 16.240071197371702 ], [ -90.420352192762664, 16.240414913323772 ], [ -90.420358701583964, 16.240433747260219 ], [ -90.420361486405696, 16.24044180784113 ], [ -90.420457393061042, 16.240441767913154 ], [ -90.421184453777784, 16.240501232714998 ], [ -90.421843449852148, 16.240557735185089 ], [ -90.422551961422514, 16.240641113091201 ], [ -90.422969629133846, 16.240664841864984 ], [ -90.42323880658644, 16.240706566694708 ], [ -90.423963541886863, 16.240752572906842 ], [ -90.424009391212877, 16.240756023930892 ], [ -90.424030547243959, 16.240757468615421 ], [ -90.424896711716428, 16.240816599909692 ], [ -90.425423908036436, 16.240855815555346 ], [ -90.426199865047707, 16.240937954075605 ], [ -90.426199886956198, 16.240984579540807 ], [ -90.426329826697824, 16.240988107214882 ], [ -90.426382587974032, 16.240969792963714 ], [ -90.426458283629898, 16.240943517502362 ], [ -90.427671078297209, 16.241020668781186 ], [ -90.428685872865998, 16.241097908420542 ], [ -90.429895590182369, 16.24120194872777 ], [ -90.430582425983431, 16.241237488586407 ], [ -90.430690715106948, 16.241252381319736 ], [ -90.430822791027325, 16.241264094821059 ], [ -90.431960456610767, 16.241364987918775 ], [ -90.432547055353751, 16.241400570577074 ], [ -90.433857948915119, 16.241528320928108 ], [ -90.436735550827848, 16.241719380341191 ], [ -90.4379545453491, 16.241802448156157 ], [ -90.437936017641064, 16.241865220712913 ], [ -90.43791748992092, 16.24192799417149 ], [ -90.437892772260668, 16.241987782241065 ], [ -90.437899003296167, 16.242068474333966 ], [ -90.437948602193487, 16.242247775351313 ], [ -90.437961057787206, 16.242394219061602 ], [ -90.437973493764645, 16.242507785604523 ], [ -90.43795810209933, 16.242648264862083 ], [ -90.437933433893548, 16.242797714718975 ], [ -90.437936598963603, 16.242929219757691 ], [ -90.43795345425778, 16.243107041530703 ], [ -90.438006417584916, 16.243311242469026 ], [ -90.438019111531418, 16.243360180946421 ], [ -90.438040264382337, 16.243441738745329 ], [ -90.438064442958364, 16.243559313615254 ], [ -90.438170551765211, 16.244075289506068 ], [ -90.438221379663389, 16.244240243241787 ], [ -90.438241983522005, 16.245703529686111 ], [ -90.437558879042285, 16.245732569695459 ], [ -90.437430152932677, 16.245694379789263 ], [ -90.437370704836766, 16.245608333922149 ], [ -90.436595569702789, 16.245546280924501 ], [ -90.436592565440506, 16.245581303792754 ], [ -90.436618712283746, 16.246243984756443 ], [ -90.436630206629005, 16.246535297333246 ], [ -90.436582231609975, 16.247069712163341 ], [ -90.436560395758249, 16.247887447618879 ], [ -90.43654939955114, 16.248149269293535 ], [ -90.436531237262855, 16.248224640406697 ], [ -90.436521975718719, 16.248331736217416 ], [ -90.436524567599122, 16.248546926573319 ], [ -90.436455286026316, 16.248587608392096 ], [ -90.436445565800568, 16.248922355760364 ], [ -90.436443441593909, 16.249572711446998 ], [ -90.436403878554756, 16.2496444607653 ], [ -90.436396489826762, 16.249711412214236 ], [ -90.43634206689498, 16.249768823081098 ], [ -90.436307736761478, 16.25036659364325 ], [ -90.436312980448676, 16.250911741015113 ], [ -90.436327433341702, 16.251036624228409 ], [ -90.436331151865517, 16.251047381929524 ], [ -90.436345771909274, 16.251132654460864 ], [ -90.43635076640939, 16.251213946306144 ], [ -90.436249286818565, 16.251218778458085 ], [ -90.436150277275303, 16.251209264674596 ], [ -90.436028994457573, 16.251209325716832 ], [ -90.435999312653649, 16.251245205477144 ], [ -90.435783967801569, 16.251233358802704 ], [ -90.435363774553792, 16.251211527195117 ], [ -90.435236944611248, 16.251204939262937 ], [ -90.435199837395231, 16.251240822064759 ], [ -90.435026581079839, 16.251250472633309 ], [ -90.434939973865781, 16.251291162187773 ], [ -90.434860734845586, 16.251226644443289 ], [ -90.434717219698484, 16.251310400588352 ], [ -90.434667701787419, 16.251281732741656 ], [ -90.434489533847724, 16.25136311541273 ], [ -90.434442474840907, 16.251303363455836 ], [ -90.434243573146034, 16.251403736385132 ], [ -90.434214821579658, 16.251418244918444 ], [ -90.434180144725261, 16.251370440974107 ], [ -90.433959920668585, 16.251492491004743 ], [ -90.433888100870021, 16.251416013810264 ], [ -90.433742106113527, 16.251490206809706 ], [ -90.433573832330836, 16.25155962859294 ], [ -90.433558967212477, 16.251533334884225 ], [ -90.433294828249316, 16.25167703093976 ], [ -90.433083873349659, 16.251791794416615 ], [ -90.433054115981037, 16.251684214672494 ], [ -90.43300710527609, 16.251717711440179 ], [ -90.433002241227527, 16.25188508363027 ], [ -90.432861199482033, 16.251966447734141 ], [ -90.432814152228758, 16.251928213108215 ], [ -90.432747347485034, 16.251973674882688 ], [ -90.432717629738505, 16.251942605942766 ], [ -90.432680508668497, 16.251956970610536 ], [ -90.432657864753892, 16.251968902219865 ], [ -90.432239732782875, 16.252189220583656 ], [ -90.431990128675082, 16.252320737709404 ], [ -90.431995099834992, 16.25236138311406 ], [ -90.43164869163661, 16.252586303954754 ], [ -90.43160411822123, 16.252545678303989 ], [ -90.431453175316179, 16.252627044593307 ], [ -90.431277485679615, 16.252717987053636 ], [ -90.431116639474325, 16.252796967371207 ], [ -90.431049810692571, 16.252799389617902 ], [ -90.430750372225404, 16.252909518694992 ], [ -90.430369259036809, 16.253034032230058 ], [ -90.430330544321748, 16.253053297475461 ], [ -90.430286678951205, 16.253048340861696 ], [ -90.430272723933683, 16.252896418206337 ], [ -90.430252859492214, 16.252688429408924 ], [ -90.429801152690544, 16.252709562948837 ], [ -90.429355625494011, 16.252715749905839 ], [ -90.429238080223442, 16.252766613965704 ], [ -90.429040081209706, 16.252793605067577 ], [ -90.428770910010314, 16.25279970877282 ], [ -90.42843368728181, 16.25283871961426 ], [ -90.428347050302264, 16.25282680396062 ], [ -90.425996274855734, 16.254133970335243 ], [ -90.425971567819886, 16.254226632239998 ], [ -90.425717936807033, 16.254382161829909 ], [ -90.425714874021608, 16.254447916793943 ], [ -90.425365356212936, 16.25466027549276 ], [ -90.425294227947134, 16.254730543731668 ], [ -90.425274467957891, 16.254816629158224 ], [ -90.425279498446343, 16.254983998260379 ], [ -90.425274617152766, 16.255127460961106 ], [ -90.42525487253063, 16.25524702003322 ], [ -90.42526485934917, 16.255423949869154 ], [ -90.42526990139028, 16.255615229099295 ], [ -90.425269942775031, 16.255701304327637 ], [ -90.425279932563001, 16.255887799474898 ], [ -90.425244597278024, 16.255909744853614 ], [ -90.42520106901722, 16.255984365728718 ], [ -90.425140710127451, 16.256061008861259 ], [ -90.425036815179126, 16.256192934293534 ], [ -90.424880486002337, 16.256409152005041 ], [ -90.424644921769186, 16.25656993254502 ], [ -90.424648949416365, 16.256713392049406 ], [ -90.424369827391018, 16.25688375554093 ], [ -90.424379755564658, 16.256943049048228 ], [ -90.424194580919206, 16.257186654879707 ], [ -90.424145191475219, 16.257430559563094 ], [ -90.424066025744096, 16.257516671478321 ], [ -90.423967039308707, 16.257564535772666 ], [ -90.423912644757962, 16.257693674682226 ], [ -90.423912706410874, 16.257822787947941 ], [ -90.423685057538819, 16.257975913821621 ], [ -90.423605944348381, 16.258176794005522 ], [ -90.423526779040401, 16.258267687013507 ], [ -90.423516935314709, 16.258387241322055 ], [ -90.423417982277471, 16.258506835743436 ], [ -90.42328930056668, 16.258573841301125 ], [ -90.423192105432776, 16.258674185409088 ], [ -90.422920341943666, 16.258602955576126 ], [ -90.422837528800855, 16.258607740174064 ], [ -90.422775727209284, 16.25857430006047 ], [ -90.422704142678185, 16.258522858237455 ], [ -90.422631237442388, 16.258563544095743 ], [ -90.42262007575917, 16.258479825657599 ], [ -90.422547149054992, 16.258439177826194 ], [ -90.422529776654443, 16.258450287775602 ], [ -90.422481667954202, 16.258481053990238 ], [ -90.422408741278602, 16.258440405207477 ], [ -90.422335835077646, 16.258481090060098 ], [ -90.422262908431549, 16.258440443034939 ], [ -90.42218505152988, 16.258481127826624 ], [ -90.422112123043647, 16.258440480748991 ], [ -90.42203919645992, 16.258399830935407 ], [ -90.421999821523528, 16.258377884817957 ], [ -90.421966268968788, 16.25835918561555 ], [ -90.421898345169666, 16.258397552001142 ], [ -90.421892126205805, 16.258401064733668 ], [ -90.421819219914639, 16.258441747600603 ], [ -90.421746313592806, 16.258482432249838 ], [ -90.421673409113112, 16.258523115066694 ], [ -90.42160171814507, 16.258483663144979 ], [ -90.421528811763324, 16.258524347718939 ], [ -90.421528833748098, 16.258605678666342 ], [ -90.421455906288045, 16.258565030460197 ], [ -90.421383000782129, 16.258605714983748 ], [ -90.421335415782536, 16.258631939346298 ], [ -90.421302670144897, 16.258649986767516 ], [ -90.421229742714715, 16.258609340291489 ], [ -90.421156814380012, 16.258568691078494 ], [ -90.421156795355273, 16.258487360132484 ], [ -90.42108386801624, 16.258446710894507 ], [ -90.4210152242145, 16.258408462917743 ], [ -90.42094229693457, 16.258367811823316 ], [ -90.420869391396351, 16.258408497074573 ], [ -90.420868650174256, 16.258408910755431 ], [ -90.420851328787535, 16.25841857625316 ], [ -90.420829385991055, 16.258430820479372 ], [ -90.420796484893586, 16.258449179588592 ], [ -90.420718295279741, 16.258467141233869 ], [ -90.420645368039388, 16.258426490941467 ], [ -90.420572440827669, 16.258385844239303 ], [ -90.420499535207625, 16.258426528459008 ], [ -90.420426116304569, 16.258396399482301 ], [ -90.420353209714705, 16.258437084554949 ], [ -90.420280282560341, 16.258396435944832 ], [ -90.420207377813156, 16.258437118256335 ], [ -90.420134964327019, 16.258473019425907 ], [ -90.420062058586169, 16.2585137016865 ], [ -90.419989130527568, 16.258473054783913 ], [ -90.419916224756548, 16.258513737898042 ], [ -90.419844787933442, 16.258485282473288 ], [ -90.419799393545006, 16.258510612519839 ], [ -90.419771880257073, 16.25852596553683 ], [ -90.419698953191258, 16.258485314919643 ], [ -90.419626047356118, 16.258525998837413 ], [ -90.419551637270814, 16.258485349414688 ], [ -90.419478729533864, 16.258526034184747 ], [ -90.419405805334705, 16.258485386179494 ], [ -90.419332896633748, 16.258526067283537 ], [ -90.419258502573598, 16.258563165887143 ], [ -90.419235056077511, 16.258550097398523 ], [ -90.419185576536194, 16.258522515094143 ], [ -90.41911264678501, 16.258481866986124 ], [ -90.419039720806651, 16.258441218854387 ], [ -90.418968035522738, 16.258402960015243 ], [ -90.418895107732013, 16.258362311832983 ], [ -90.418822181844206, 16.258321660010964 ], [ -90.41874577622383, 16.258274132239301 ], [ -90.41872568663004, 16.258289283700289 ], [ -90.418683599932507, 16.258321023890218 ], [ -90.418610656801803, 16.258279215980366 ], [ -90.41853508867483, 16.258327063221952 ], [ -90.418462145573216, 16.258285256164957 ], [ -90.418385426884456, 16.258316369258107 ], [ -90.418311094822784, 16.258359435593857 ], [ -90.418238187816314, 16.25840011632156 ], [ -90.418243078667288, 16.258481404855633 ], [ -90.418243115663302, 16.258563894523913 ], [ -90.41824809307883, 16.258623668137005 ], [ -90.418170208566963, 16.258604576130864 ], [ -90.41809336366714, 16.258562760210076 ], [ -90.418039508225107, 16.258534918353142 ], [ -90.418021753800005, 16.258525740242447 ], [ -90.417889890472765, 16.258523766714074 ], [ -90.417839248498908, 16.258506432261392 ], [ -90.417648629020093, 16.258446735692292 ], [ -90.417492669518552, 16.258403760796938 ], [ -90.417383743582349, 16.258367939932072 ], [ -90.417272492417339, 16.258356979967569 ], [ -90.417270121103584, 16.258431498653884 ], [ -90.417202126558209, 16.258466773280961 ], [ -90.417207185307618, 16.25855276637753 ], [ -90.417204812094781, 16.258627285964721 ], [ -90.417203275138121, 16.258675567469961 ], [ -90.417202438880039, 16.258701805551354 ], [ -90.417132951017805, 16.258725605351824 ], [ -90.41713058151808, 16.258800123130619 ], [ -90.417128209208613, 16.258874642715437 ], [ -90.417060221971141, 16.258909916393769 ], [ -90.416999648973388, 16.258940883456969 ], [ -90.416931656074752, 16.258976160706759 ], [ -90.416878225400055, 16.25900859927151 ], [ -90.416803096008692, 16.259063918990933 ], [ -90.416735101162644, 16.259099193464628 ], [ -90.416669478778871, 16.259059949243085 ], [ -90.416601483910171, 16.259095224577631 ], [ -90.416533489018434, 16.259130497178621 ], [ -90.416531116478581, 16.259205018561055 ], [ -90.416463121535756, 16.259240292946533 ], [ -90.416395125634224, 16.259275564598077 ], [ -90.416327129706573, 16.25931084074675 ], [ -90.41626150546378, 16.259271594591247 ], [ -90.416199459700579, 16.259324084830535 ], [ -90.416133629629442, 16.259284837650327 ], [ -90.416065630847626, 16.259320108290659 ], [ -90.416000011332102, 16.259280862960125 ], [ -90.415932015336239, 16.259316130847079 ], [ -90.415866396785219, 16.25927688366798 ], [ -90.415798397021661, 16.259312157837336 ], [ -90.415738718206455, 16.259272904844963 ], [ -90.415670718421694, 16.259308178973253 ], [ -90.415605098055792, 16.259268928097335 ], [ -90.415543039505209, 16.259302763834167 ], [ -90.415472473215161, 16.259272125421695 ], [ -90.415389525017289, 16.259232883833686 ], [ -90.415331919937017, 16.2592609773993 ], [ -90.41525442625742, 16.259236080033563 ], [ -90.415188805061049, 16.259196833547762 ], [ -90.415120809884471, 16.259232105693656 ], [ -90.415118433070319, 16.259306621632494 ], [ -90.415063893263309, 16.259328089415668 ], [ -90.414984814783082, 16.259302643590519 ], [ -90.414919193619042, 16.259263396117746 ], [ -90.414853576222271, 16.259224152241487 ], [ -90.414790931561541, 16.259197812726192 ], [ -90.414725903964779, 16.259227342954496 ], [ -90.414657310509341, 16.259180921349035 ], [ -90.414598218531225, 16.259204712752773 ], [ -90.414534094011088, 16.259192719179271 ], [ -90.414468475780268, 16.259153472472061 ], [ -90.41440285383365, 16.259114223935306 ], [ -90.41433278245708, 16.259086453220412 ], [ -90.414269237565279, 16.259110243635689 ], [ -90.414203617543777, 16.259070995941912 ], [ -90.414189666472069, 16.259015131319924 ], [ -90.414124046498387, 16.258975882697538 ], [ -90.41406139889294, 16.258939504944983 ], [ -90.413995778970346, 16.258900255379011 ], [ -90.413927781814564, 16.258935525334 ], [ -90.413930160009144, 16.258861006696893 ], [ -90.413861738765448, 16.258830231236526 ], [ -90.413858206666106, 16.258748430688243 ], [ -90.413860584884304, 16.258673912050703 ], [ -90.413852919382535, 16.258597587980379 ], [ -90.41378492324354, 16.258632853372113 ], [ -90.413787300550879, 16.258558337445855 ], [ -90.413714975093768, 16.25853343619745 ], [ -90.413649356311339, 16.258494184716348 ], [ -90.413583736618193, 16.258454935926025 ], [ -90.413515739542774, 16.258490206654486 ], [ -90.413450120813351, 16.258450957823275 ], [ -90.41345249918119, 16.258376439188972 ], [ -90.413454878483179, 16.258301919650648 ], [ -90.413389270120291, 16.258262671708298 ], [ -90.413316844108039, 16.258296745689691 ], [ -90.413316751474781, 16.258230598293199 ], [ -90.413319129890212, 16.258156078755235 ], [ -90.413253511311098, 16.258116828958787 ], [ -90.413185464705478, 16.258152094139305 ], [ -90.413119845217963, 16.258112846108883 ], [ -90.413122222765907, 16.258038336514467 ], [ -90.413124599381803, 16.257963814265402 ], [ -90.413058981839328, 16.257924568024219 ], [ -90.412987274551355, 16.257967013533762 ], [ -90.412919291575903, 16.258002279559275 ], [ -90.412892151635134, 16.258022931939106 ], [ -90.412858497203246, 16.258048539185598 ], [ -90.412799126839275, 16.258016452020403 ], [ -90.412739688897275, 16.257970044406783 ], [ -90.412735942254727, 16.257889946577077 ], [ -90.412675354309812, 16.257862856194023 ], [ -90.412659012748335, 16.257778150829203 ], [ -90.412603459029199, 16.257737786029068 ], [ -90.412537840730536, 16.257698538722305 ], [ -90.412527909533495, 16.257624421739617 ], [ -90.412519230311119, 16.257569252422527 ], [ -90.412453613021157, 16.257530004185963 ], [ -90.412462254113436, 16.257455701451331 ], [ -90.412396636872046, 16.257416454100778 ], [ -90.412392887818626, 16.257331574055154 ], [ -90.412391394718455, 16.257250813730138 ], [ -90.412388692428308, 16.257183407106908 ], [ -90.412388772126562, 16.257180920682281 ], [ -90.412237945941698, 16.256868287671924 ], [ -90.411945653318483, 16.256262421556894 ], [ -90.411179233227159, 16.254673759396212 ], [ -90.411178116153636, 16.254671445102925 ], [ -90.411051747824771, 16.254220146489903 ], [ -90.410814964404423, 16.25337451105538 ], [ -90.410428802127669, 16.251995381428145 ], [ -90.410465970888907, 16.251893689132721 ], [ -90.410467479904057, 16.25184655641899 ], [ -90.410459967655314, 16.251772039924944 ], [ -90.410394349889017, 16.251732789231941 ], [ -90.410396736799697, 16.251658269689354 ], [ -90.410399119029833, 16.251583751048063 ], [ -90.410393586777133, 16.251513062237841 ], [ -90.41039596900599, 16.251438544499411 ], [ -90.410398352170589, 16.251364022241617 ], [ -90.410400739073765, 16.251289504504044 ], [ -90.41040312503894, 16.25121498766935 ], [ -90.410460792447026, 16.251181965004012 ], [ -90.410526406299439, 16.251221221099083 ], [ -90.410533595596547, 16.251217493089918 ], [ -90.410541479342896, 16.251000255289931 ], [ -90.410578619229526, 16.24997679524996 ], [ -90.410537804676892, 16.249952378008171 ], [ -90.41054018776552, 16.249877859353358 ], [ -90.410529865628376, 16.249805887774738 ], [ -90.410532246845847, 16.249731370925868 ], [ -90.410534628997794, 16.249656852269162 ], [ -90.410537012083054, 16.249582334516131 ], [ -90.410539395166765, 16.249507815858689 ], [ -90.410596868788446, 16.249473881997801 ], [ -90.410605004406548, 16.24924969103683 ], [ -90.410789523106587, 16.249032870161642 ], [ -90.410934703469238, 16.248862274774588 ], [ -90.41093567525931, 16.248831841136148 ], [ -90.41092221735839, 16.248754460586316 ], [ -90.410924602157024, 16.248679941014924 ], [ -90.410926982276379, 16.248605419633318 ], [ -90.410929365198655, 16.248530902771535 ], [ -90.410931749990652, 16.248456385006136 ], [ -90.410934133845473, 16.248381866335951 ], [ -90.410936516763144, 16.248307346760964 ], [ -90.411002127888963, 16.248346602714332 ], [ -90.411067743721887, 16.248385852322453 ], [ -90.411135737743564, 16.248350587754043 ], [ -90.411177402656364, 16.248305957404725 ], [ -90.411182938630816, 16.248300027832567 ], [ -90.411222883366122, 16.248325242677801 ], [ -90.411269348539605, 16.248354572709964 ], [ -90.411333896221578, 16.248393192717248 ], [ -90.4113469523259, 16.248377851001084 ], [ -90.411586711731545, 16.248096115322831 ], [ -90.411586337693294, 16.247697889346945 ], [ -90.411800367720133, 16.247448503706348 ], [ -90.412190029387688, 16.247041881175061 ], [ -90.412357041095689, 16.246904333631594 ], [ -90.412066767392034, 16.246854897281029 ], [ -90.412001404669965, 16.246804711635875 ], [ -90.412002742761743, 16.246726541901939 ], [ -90.412002854172769, 16.246720069559913 ], [ -90.411881054005335, 16.246656993396638 ], [ -90.411788918551153, 16.246711815371075 ], [ -90.411765248521988, 16.246725899075976 ], [ -90.411729536456846, 16.246707726091596 ], [ -90.411683553604803, 16.24668432644323 ], [ -90.411603376547134, 16.246725959986062 ], [ -90.411598564231753, 16.245853722060662 ], [ -90.411665376226679, 16.245814962576379 ], [ -90.411663861971974, 16.245744667699675 ], [ -90.411601722275208, 16.245737803355421 ], [ -90.411137553565425, 16.245512030151893 ], [ -90.410558290210645, 16.245271952064073 ], [ -90.409826782290892, 16.244960201075202 ], [ -90.409384902533589, 16.244759520461709 ], [ -90.408508582508844, 16.244383259285058 ], [ -90.407825338868136, 16.244053549382599 ], [ -90.406949001241003, 16.243616311504507 ], [ -90.406057812224176, 16.243164728542382 ], [ -90.404810167807469, 16.242566220384578 ], [ -90.404186344361918, 16.2422579970203 ], [ -90.404017158366429, 16.242181661816737 ], [ -90.404038465356194, 16.242273108314432 ], [ -90.404105486481342, 16.242801497486113 ], [ -90.404152671635146, 16.243232500772876 ], [ -90.404234062869961, 16.24379866325452 ], [ -90.404261884622784, 16.24407218463384 ], [ -90.404295704557711, 16.244500642922141 ], [ -90.404292856031148, 16.244830554481652 ], [ -90.404295839887965, 16.244864983944787 ], [ -90.404280997444587, 16.244887942879345 ], [ -90.40424238787098, 16.244892976998631 ], [ -90.404015889726409, 16.244810564709535 ], [ -90.403787165378588, 16.244733175607291 ], [ -90.403497551681284, 16.244647916849225 ], [ -90.402965879642906, 16.244505410895282 ], [ -90.402965963929901, 16.244505243723719 ], [ -90.402965846900514, 16.244505402745752 ], [ -90.402936710184619, 16.244497592897115 ], [ -90.402726386006449, 16.244653080569282 ], [ -90.402523556954648, 16.244999844501994 ], [ -90.402348396986653, 16.245208398754507 ], [ -90.402262309076335, 16.245331805350471 ], [ -90.402146522257922, 16.245458088679488 ], [ -90.401972882156144, 16.245768022352841 ], [ -90.401968435732613, 16.245789541594679 ], [ -90.40187194824, 16.245902908799287 ], [ -90.401819973685988, 16.245908664782924 ], [ -90.401516950991095, 16.24570648560924 ], [ -90.401479804030942, 16.245644810297545 ], [ -90.401041620270291, 16.245375250604923 ], [ -90.400799502236879, 16.245217523388519 ], [ -90.400353303503721, 16.244934125273328 ], [ -90.399941729432769, 16.244665271765523 ], [ -90.399898397939694, 16.24461447637507 ], [ -90.39951468087925, 16.244375498916021 ], [ -90.399638399924868, 16.244276830327689 ], [ -90.399694101074118, 16.244312677615842 ], [ -90.399731216556702, 16.244279790025555 ], [ -90.399728082388336, 16.244163228619986 ], [ -90.399789941986228, 16.244115387864415 ], [ -90.399797447094187, 16.243868506097837 ], [ -90.399799118801596, 16.243813520963723 ], [ -90.399864071392116, 16.243765678934462 ], [ -90.399873222620698, 16.243392081567166 ], [ -90.399860830034442, 16.243341276368568 ], [ -90.399859219664393, 16.243188208727439 ], [ -90.39985644700883, 16.242924742969791 ], [ -90.400096525758087, 16.2429246646068 ], [ -90.400462442144757, 16.242926692276139 ], [ -90.400483327157801, 16.242925762990804 ], [ -90.400909446117524, 16.242906824674048 ], [ -90.400953793722337, 16.242332968366792 ], [ -90.400955224038114, 16.242307233130568 ], [ -90.400966240722667, 16.242109088802852 ], [ -90.401037662250658, 16.242010515145552 ], [ -90.400949583871991, 16.241975234251719 ], [ -90.400962896550979, 16.241827465541252 ], [ -90.400864870177401, 16.24178445937482 ], [ -90.400918289996369, 16.241666805435361 ], [ -90.401105401595331, 16.241669611527765 ], [ -90.401138056312192, 16.241623694570226 ], [ -90.401172188280384, 16.241559125774344 ], [ -90.401280571523486, 16.241497400683208 ], [ -90.401406428769207, 16.241501543684691 ], [ -90.401478219356164, 16.241542167548744 ], [ -90.401711709239663, 16.241415184411569 ], [ -90.401715774569112, 16.241412973698349 ], [ -90.401705842492547, 16.24132211882997 ], [ -90.401648908371484, 16.241298226567167 ], [ -90.401656273285383, 16.241130855296642 ], [ -90.401718142480988, 16.241111705423037 ], [ -90.401720971669974, 16.24093282256058 ], [ -90.401725402372492, 16.240652630039129 ], [ -90.401780260737567, 16.240618955820867 ], [ -90.401881293406433, 16.240556937780656 ], [ -90.402027230491555, 16.240308223588112 ], [ -90.402041979393886, 16.24002607990036 ], [ -90.402044642605546, 16.23950704888264 ], [ -90.402044785409217, 16.239479381532753 ], [ -90.402046604779017, 16.239124668036922 ], [ -90.402061945807674, 16.238833015298454 ], [ -90.402145417085961, 16.238603395549518 ], [ -90.402147824511715, 16.238230215956953 ], [ -90.402150106277531, 16.237876527584454 ], [ -90.402120406289967, 16.237876537380249 ], [ -90.402110461056751, 16.237749818156779 ], [ -90.402115322480469, 16.237503543207946 ], [ -90.401932138294384, 16.237403181248002 ], [ -90.401791096535177, 16.237489305188863 ], [ -90.401664855594575, 16.237441527605373 ], [ -90.401670786763944, 16.237157910138077 ], [ -90.401676859753067, 16.236867499473107 ], [ -90.401679455887248, 16.236743347512611 ], [ -90.401627471841053, 16.236714673513816 ], [ -90.401612330176889, 16.235894562507816 ], [ -90.401513317184666, 16.235856340195042 ], [ -90.401463791550256, 16.235779844254843 ], [ -90.4014558625951, 16.235762927930317 ], [ -90.401416730923856, 16.235679437475412 ], [ -90.40138699776567, 16.23558141583824 ], [ -90.401310241929195, 16.235492973809556 ], [ -90.401258090576093, 16.23537095111438 ], [ -90.401225096056137, 16.235293752392689 ], [ -90.401063881546804, 16.235522760765132 ], [ -90.400670549862895, 16.236046521738874 ], [ -90.400038003767307, 16.236904144256705 ], [ -90.399780726414036, 16.237243750684335 ], [ -90.399481709751186, 16.237600728679737 ], [ -90.399535846194226, 16.237589413859798 ], [ -90.399565548110445, 16.237596578197632 ], [ -90.39958782791031, 16.237613307962338 ], [ -90.399600208632052, 16.237627649615362 ], [ -90.399600229494411, 16.237689815678955 ], [ -90.399600246405754, 16.237737636006148 ], [ -90.399600266228063, 16.237792629201557 ], [ -90.399605252561969, 16.237900221855675 ], [ -90.399630007561839, 16.237912169670828 ], [ -90.399662196558097, 16.237957588353662 ], [ -90.399679536310586, 16.238000621103932 ], [ -90.399748850663116, 16.238041246194928 ], [ -90.399778551994615, 16.238046018944541 ], [ -90.399823107107821, 16.238062740228166 ], [ -90.399870147586483, 16.238108154143411 ], [ -90.399887498147066, 16.238179878348888 ], [ -90.399885059866961, 16.238287474719336 ], [ -90.399974176074764, 16.238335266584084 ], [ -90.400003870941902, 16.238323302007544 ], [ -90.400058323810711, 16.238330457156255 ], [ -90.400135057277623, 16.238356733556259 ], [ -90.400189510556402, 16.238368669980165 ], [ -90.400273657635566, 16.238361468908487 ], [ -90.400328100378459, 16.238342324074178 ], [ -90.400511268818036, 16.238399648395038 ], [ -90.400555835589159, 16.238447453459589 ], [ -90.400551023728994, 16.238663781465146 ], [ -90.400547144588955, 16.238947234412297 ], [ -90.400545232199832, 16.239086991430536 ], [ -90.400497729726155, 16.239137218982531 ], [ -90.400494887174176, 16.239498740589539 ], [ -90.400448861264763, 16.239526012214949 ], [ -90.40043967830384, 16.239543086845288 ], [ -90.400429568242558, 16.239561884660834 ], [ -90.400454826984827, 16.239597740060066 ], [ -90.400493446520528, 16.239624986332572 ], [ -90.400494946871632, 16.239666588936096 ], [ -90.400487658413795, 16.240059672301758 ], [ -90.400440145370723, 16.240078337774968 ], [ -90.400389661818807, 16.240097004553753 ], [ -90.400343630602691, 16.240108496027901 ], [ -90.400299087524857, 16.240130029841961 ], [ -90.40023970196917, 16.240168783834619 ], [ -90.400181800237434, 16.24020753760497 ], [ -90.400147660328258, 16.240250585841309 ], [ -90.400138768607633, 16.24030223514356 ], [ -90.40014627990098, 16.240551853672567 ], [ -90.400150364325853, 16.240649022793331 ], [ -90.400164249358667, 16.240979360738478 ], [ -90.400168729746142, 16.241354364670784 ], [ -90.400170368963046, 16.24149151213421 ], [ -90.400066436832589, 16.241546061370098 ], [ -90.39998771925174, 16.241513090181041 ], [ -90.39989714006137, 16.241530335165898 ], [ -90.399875038044812, 16.241531139089968 ], [ -90.399658055987558, 16.241539020135331 ], [ -90.399568940254781, 16.241493141572061 ], [ -90.399362563920434, 16.241613715244139 ], [ -90.399230374715586, 16.241544896549314 ], [ -90.399150194989673, 16.241577919046524 ], [ -90.399087816175111, 16.241553549896878 ], [ -90.399068522095433, 16.241585118129144 ], [ -90.399065579101787, 16.241666891539818 ], [ -90.399056792201279, 16.242024110637459 ], [ -90.399050871051074, 16.242078627370265 ], [ -90.399021186305944, 16.242124543608213 ], [ -90.399028628849777, 16.242176187073188 ], [ -90.399059828201644, 16.242214912435223 ], [ -90.399059853975359, 16.242290946070678 ], [ -90.399060978048581, 16.242346990931857 ], [ -90.39906589773436, 16.242592211035632 ], [ -90.399053719891569, 16.242860077710521 ], [ -90.399051158462669, 16.242916436253839 ], [ -90.39899919563932, 16.242953752698334 ], [ -90.398936814663216, 16.242923645936543 ], [ -90.398807645893172, 16.243008329146246 ], [ -90.39879875369536, 16.243059977472395 ], [ -90.398801742002931, 16.24311305682193 ], [ -90.398813634112969, 16.243150353071186 ], [ -90.39880324765366, 16.243174745430224 ], [ -90.39876464172967, 16.243187668162836 ], [ -90.3987067388247, 16.243226421512805 ], [ -90.398642896473646, 16.243263741231097 ], [ -90.39859687096903, 16.243295317422504 ], [ -90.398513722551087, 16.243334077624713 ], [ -90.398509285816615, 16.243387159749478 ], [ -90.398481079217291, 16.24341442680657 ], [ -90.398481094711954, 16.243458995094773 ], [ -90.39848109516052, 16.243461768071775 ], [ -90.3983920388645, 16.243592345453632 ], [ -90.398345268074308, 16.24361746601663 ], [ -90.397540707935931, 16.24310963033961 ], [ -90.397506656401745, 16.243055842716927 ], [ -90.396924905407062, 16.242703351082184 ], [ -90.396915610786706, 16.242664499580108 ], [ -90.396742321925927, 16.242553968897063 ], [ -90.396968019515015, 16.242105584909471 ], [ -90.39724936890137, 16.24154958857439 ], [ -90.397611095696291, 16.240823205522975 ], [ -90.397964892939029, 16.240021693601104 ], [ -90.397898087467567, 16.240079098600237 ], [ -90.397768176483453, 16.240158043280431 ], [ -90.397586286718067, 16.240226243255783 ], [ -90.397311592799753, 16.240323165538737 ], [ -90.396773338644508, 16.240502658778432 ], [ -90.396262881777986, 16.240669810575117 ], [ -90.396199611731916, 16.240690529042006 ], [ -90.396011348822142, 16.240195648342961 ], [ -90.39572153338635, 16.239459305807809 ], [ -90.395528296929456, 16.238885523380535 ], [ -90.395352392204018, 16.238326079671033 ], [ -90.395218627573271, 16.237972251963544 ], [ -90.395131940464651, 16.237776215252328 ], [ -90.395057606844134, 16.237513226414286 ], [ -90.395040856790288, 16.237388702551968 ], [ -90.395052697946653, 16.237387780168561 ], [ -90.394989270051809, 16.237171652613647 ], [ -90.394893152532816, 16.236895281524326 ], [ -90.394796307632902, 16.236666012694592 ], [ -90.394713815781685, 16.236429326807443 ], [ -90.394656591132261, 16.23626293054005 ], [ -90.394601585640174, 16.236072144355326 ], [ -90.394547345185885, 16.235948784933147 ], [ -90.394516146120509, 16.235900733986124 ], [ -90.39446421118727, 16.23589462983518 ], [ -90.394420656900124, 16.235909944503586 ], [ -90.394339489008118, 16.235944399108284 ], [ -90.394210815573885, 16.236020949801446 ], [ -90.394139551969189, 16.23606687808261 ], [ -90.394006844702872, 16.235910067128813 ], [ -90.393990866661582, 16.235473952240856 ], [ -90.393709558247011, 16.234980532205 ], [ -90.393713400459589, 16.234611359198155 ], [ -90.393727875130551, 16.234571975328848 ], [ -90.393709804323009, 16.233776254209491 ], [ -90.394590710304058, 16.23325570899387 ], [ -90.394982651620126, 16.232993536876446 ], [ -90.395026195329564, 16.232945703745738 ], [ -90.395228114157391, 16.232840439383953 ], [ -90.395309289700677, 16.232836588427862 ], [ -90.395594360955414, 16.232717908369608 ], [ -90.395725007884693, 16.232633704960442 ], [ -90.39582992422946, 16.232572463532367 ], [ -90.396035787993199, 16.232427027378098 ], [ -90.396170401552922, 16.232361950877348 ], [ -90.396382215857386, 16.232245205159028 ], [ -90.396916698106423, 16.23195620614559 ], [ -90.39726114026854, 16.231766730508109 ], [ -90.397427422969471, 16.231678691124731 ], [ -90.397916391247293, 16.231468128964764 ], [ -90.398342009972339, 16.231284363996807 ], [ -90.398461682392366, 16.231353998875118 ], [ -90.398486572732423, 16.231368482161368 ], [ -90.398601454969423, 16.231508079989176 ], [ -90.398684629714268, 16.231563525090692 ], [ -90.398728212651406, 16.231632372379689 ], [ -90.39884902795572, 16.231752840427092 ], [ -90.399002474189757, 16.232053691455285 ], [ -90.399080784670176, 16.232064554005781 ], [ -90.399159970486494, 16.232032010951826 ], [ -90.399451065094809, 16.23216581432618 ], [ -90.39947285805647, 16.232205975014548 ], [ -90.399483051952387, 16.233059082343342 ], [ -90.399463259018987, 16.23307439214021 ], [ -90.398742567247737, 16.23308418685227 ], [ -90.3987467629062, 16.233770882681586 ], [ -90.398762868095901, 16.234551301445467 ], [ -90.398779426651359, 16.234551287654892 ], [ -90.399797485243582, 16.235253318424999 ], [ -90.400704152695468, 16.235880662176051 ], [ -90.400877833906492, 16.235650719921313 ], [ -90.400921254937685, 16.235586511577836 ], [ -90.401444560993397, 16.234832452607069 ], [ -90.401825515569257, 16.234315869007879 ], [ -90.402161951869914, 16.233885374758842 ], [ -90.402409336183396, 16.233586416347698 ], [ -90.402481081472658, 16.233512270325992 ], [ -90.402332469902106, 16.233189534862003 ], [ -90.401637278855617, 16.232262163506572 ], [ -90.401147370076714, 16.23261021683642 ], [ -90.40115110431438, 16.232671186170617 ], [ -90.400607544942574, 16.233068007907246 ], [ -90.400594532072844, 16.2330367370975 ], [ -90.400566787229195, 16.232962147392641 ], [ -90.400489550254292, 16.232908614724828 ], [ -90.400481599236542, 16.232818714211316 ], [ -90.400451878415325, 16.232755602325568 ], [ -90.400439962719304, 16.232652314989082 ], [ -90.400418163201437, 16.232594938061556 ], [ -90.400372615199117, 16.232564347919936 ], [ -90.400327064431806, 16.232531844338872 ], [ -90.4003052568968, 16.232449600961459 ], [ -90.400295338866201, 16.232399871566901 ], [ -90.400301265243399, 16.232359700490619 ], [ -90.400283427784331, 16.232308060271958 ], [ -90.400257681654409, 16.232287028476428 ], [ -90.400224973135309, 16.232171314399569 ], [ -90.400242769724912, 16.232105316266626 ], [ -90.400236802291559, 16.23202641549463 ], [ -90.400189255702941, 16.231944658013063 ], [ -90.400172903666757, 16.231897322566454 ], [ -90.400171400586203, 16.231842807676866 ], [ -90.400141679285866, 16.231781129232541 ], [ -90.400106033055891, 16.23175675216698 ], [ -90.400085224692191, 16.231700809157704 ], [ -90.400045112190284, 16.231644873321798 ], [ -90.399915890560393, 16.23155166721201 ], [ -90.399721345687041, 16.231500082705416 ], [ -90.399679762151607, 16.231485749843237 ], [ -90.399617384465529, 16.231454208875281 ], [ -90.39953273936807, 16.231445629334267 ], [ -90.399467407336815, 16.23145999655361 ], [ -90.399384245514369, 16.231441374190236 ], [ -90.399296623849708, 16.231415578613952 ], [ -90.399213454508953, 16.231376871055886 ], [ -90.399148699905112, 16.231271448969441 ], [ -90.399123913673634, 16.231160873194494 ], [ -90.399145544528139, 16.231089134878314 ], [ -90.399148603476803, 16.230990505733406 ], [ -90.399139291796246, 16.230900846739178 ], [ -90.399136982223837, 16.230876392258978 ], [ -90.399129977206741, 16.230802220748998 ], [ -90.399144815121701, 16.23076885984911 ], [ -90.39917251050511, 16.230701903914092 ], [ -90.39919823429517, 16.230654074997748 ], [ -90.399208115581487, 16.230604338681928 ], [ -90.399275416819037, 16.230558410392351 ], [ -90.399320955351868, 16.230562220901032 ], [ -90.399388268096189, 16.230548809118044 ], [ -90.399412017417404, 16.23052202333842 ], [ -90.399449620605097, 16.230478016032876 ], [ -90.399503065180213, 16.23044356800213 ], [ -90.399558486784187, 16.230395730508082 ], [ -90.399609942827738, 16.230334503448987 ], [ -90.399637623767291, 16.230225465568225 ], [ -90.399607874192611, 16.230080101410088 ], [ -90.399548432138189, 16.229950049602337 ], [ -90.399502854611328, 16.229835296408744 ], [ -90.39943353857295, 16.2297779348192 ], [ -90.399411745920219, 16.229735859786519 ], [ -90.39936220571559, 16.229613456390318 ], [ -90.399310678064907, 16.229464274880595 ], [ -90.399278967844396, 16.229372470380458 ], [ -90.399243299348981, 16.229282579232027 ], [ -90.399183876311596, 16.229207999588876 ], [ -90.398995767670399, 16.229154501335827 ], [ -90.398849246127952, 16.2291239423141 ], [ -90.398211722383934, 16.229126058848884 ], [ -90.395139194156869, 16.229160242739781 ], [ -90.394182168861363, 16.229171288898694 ], [ -90.393205836026766, 16.229171577082447 ], [ -90.393267561576565, 16.229493387711507 ], [ -90.393267593758637, 16.229598591950602 ], [ -90.39330128568119, 16.229705699430117 ], [ -90.393334981750186, 16.229824282957168 ], [ -90.393372623243806, 16.229900783880318 ], [ -90.393384542477932, 16.230025113911765 ], [ -90.393133143752166, 16.230185861854768 ], [ -90.393119297548594, 16.230226035069407 ], [ -90.392683798953058, 16.230478652623315 ], [ -90.392274036847311, 16.230735085696185 ], [ -90.392008766400508, 16.230853756033571 ], [ -90.391662348221189, 16.231068089468462 ], [ -90.391466362883222, 16.231152308490994 ], [ -90.391401035383581, 16.231184844015075 ], [ -90.391311954312627, 16.231232690142424 ], [ -90.391024903167818, 16.231349451823622 ], [ -90.390567621229167, 16.231609721058931 ], [ -90.390334047837257, 16.231801067082298 ], [ -90.389628571257333, 16.232197452385336 ], [ -90.389299461697163, 16.232372981859328 ], [ -90.389255180051407, 16.232438269273402 ], [ -90.389162130238134, 16.23245933436808 ], [ -90.388938438593826, 16.232599029574352 ], [ -90.388890942592809, 16.232673641944739 ], [ -90.388148596829083, 16.233113788534261 ], [ -90.387713083864185, 16.233364480502459 ], [ -90.387491363370387, 16.233479307875857 ], [ -90.387446881899223, 16.233428870844406 ], [ -90.387226570582357, 16.233273513142951 ], [ -90.387139908868605, 16.23313246724317 ], [ -90.387097819842097, 16.233081927469044 ], [ -90.386946800075492, 16.232900589328146 ], [ -90.386764584524499, 16.232684852386836 ], [ -90.386738839583344, 16.232654370224601 ], [ -90.386634839602735, 16.232463117434406 ], [ -90.386424396180018, 16.232190596776491 ], [ -90.386241195933835, 16.231977845136118 ], [ -90.386211479239577, 16.231915686636302 ], [ -90.38617976133807, 16.231907385032411 ], [ -90.386130253718434, 16.231868543994253 ], [ -90.386074550621387, 16.231805794877044 ], [ -90.385904343828784, 16.23159662460321 ], [ -90.385724848589788, 16.231354581072431 ], [ -90.385675334709873, 16.231297807752419 ], [ -90.385673417778179, 16.231296175289597 ], [ -90.385638447878023, 16.231317302667847 ], [ -90.385367155282069, 16.23148120942378 ], [ -90.38533747794169, 16.231560120247888 ], [ -90.384903204722377, 16.231818459056811 ], [ -90.38471525682175, 16.231894718776076 ], [ -90.384692990934255, 16.231924851521939 ], [ -90.384415793813403, 16.232078422951407 ], [ -90.384415808967347, 16.232135807710165 ], [ -90.384169107434928, 16.23227679500091 ], [ -90.384812713580743, 16.233142089648737 ], [ -90.385341943525873, 16.233942943678805 ], [ -90.385617601472745, 16.234366280777024 ], [ -90.385714169102684, 16.234533626197145 ], [ -90.38534725378274, 16.234745890931542 ], [ -90.385169091271194, 16.234865486345878 ], [ -90.384144648438351, 16.235544788826758 ], [ -90.382956868093103, 16.236286291491947 ], [ -90.380427844865991, 16.237826696823269 ], [ -90.37904207676155, 16.238735593796303 ], [ -90.378664046983928, 16.239010084195289 ], [ -90.378620686646343, 16.238812837313588 ], [ -90.378564961172216, 16.238645478701887 ], [ -90.378527801707008, 16.238496048402009 ], [ -90.378496855948512, 16.238460189864437 ], [ -90.378434942812262, 16.238298811080302 ], [ -90.378410150596011, 16.238119490673654 ], [ -90.378342052586561, 16.23796408991597 ], [ -90.378212083099129, 16.237820659304123 ], [ -90.378100677670233, 16.237689178085315 ], [ -90.378038774866894, 16.237569641485351 ], [ -90.377927377403608, 16.237462069420019 ], [ -90.37785309896509, 16.237342535583664 ], [ -90.377747888696192, 16.237234962467006 ], [ -90.377636506133683, 16.237193144512705 ], [ -90.377562239560376, 16.237121429967804 ], [ -90.377580784883307, 16.237043718688774 ], [ -90.377518888383179, 16.236948092082812 ], [ -90.377605498768077, 16.236888298020794 ], [ -90.377617815506952, 16.236637239550127 ], [ -90.37757450117094, 16.236625292923168 ], [ -90.377565789514648, 16.236526313950122 ], [ -90.377499391972862, 16.236564012684457 ], [ -90.377499401484059, 16.236606095416168 ], [ -90.377497468927302, 16.23681267926834 ], [ -90.377430152615261, 16.236826083170985 ], [ -90.377414349065759, 16.236982936129603 ], [ -90.377206480028406, 16.237105400805849 ], [ -90.377208478422006, 16.237183825323584 ], [ -90.376901618599859, 16.237340740921031 ], [ -90.376828351190326, 16.23730249945794 ], [ -90.376813610387742, 16.237324825651395 ], [ -90.376095876185602, 16.237354864234387 ], [ -90.376071196609757, 16.237665700664934 ], [ -90.376085967588978, 16.237741810687847 ], [ -90.376235268155725, 16.237740298970714 ], [ -90.376474699057539, 16.237607637558717 ], [ -90.376576639219493, 16.237779349392198 ], [ -90.376497355713454, 16.237910922912782 ], [ -90.376497305054073, 16.237992119212826 ], [ -90.376414218872313, 16.238130228851908 ], [ -90.37637448878256, 16.238152272913631 ], [ -90.376374492215575, 16.238167748437668 ], [ -90.376479689939984, 16.238215546861323 ], [ -90.376659124048672, 16.23820953049157 ], [ -90.376900433722327, 16.238203501988327 ], [ -90.376968601447018, 16.238201390406587 ], [ -90.37764579913916, 16.239639188040645 ], [ -90.377458314574994, 16.239725817543228 ], [ -90.376250680016113, 16.240457722431795 ], [ -90.375161825009087, 16.241132212514366 ], [ -90.374567498669194, 16.241520784257002 ] ], [ [ -90.371848223887397, 16.237300866755625 ], [ -90.37185044737474, 16.237286997795003 ], [ -90.372090328934846, 16.237114988489701 ], [ -90.372157299434377, 16.237066967257384 ], [ -90.372191925263991, 16.236952192509396 ], [ -90.372057688814948, 16.236736801899369 ], [ -90.371615239306493, 16.236026849632278 ], [ -90.371610224254525, 16.236018803338066 ], [ -90.371605843794853, 16.236011775150004 ], [ -90.37153337420223, 16.235895491314206 ], [ -90.370129629959536, 16.236820529501632 ], [ -90.370157580309495, 16.237382410499695 ], [ -90.370200903492048, 16.237433211942548 ], [ -90.370286901709889, 16.237401815498078 ], [ -90.37040272063102, 16.237354451956357 ], [ -90.370475493427534, 16.237398911929095 ], [ -90.370557163700795, 16.237383115693 ], [ -90.370623993786182, 16.237407492315395 ], [ -90.370677446135147, 16.23737735569263 ], [ -90.370781406453048, 16.237434720597452 ], [ -90.370787352029183, 16.237461976753533 ], [ -90.370787455805512, 16.237463521476496 ], [ -90.370794799161516, 16.237572441182028 ], [ -90.370968571539265, 16.237728779943826 ], [ -90.371309360302718, 16.237553692965971 ], [ -90.371417335783093, 16.237498218488323 ], [ -90.371485119444486, 16.237463393101212 ], [ -90.371697624208707, 16.237354214251553 ], [ -90.371848223887397, 16.237300866755625 ] ], [ [ -90.405802141193391, 16.2381484894739 ], [ -90.405757606854081, 16.238187238968841 ], [ -90.405714537714346, 16.238178646008308 ], [ -90.405658125276858, 16.23822313952255 ], [ -90.405655173658317, 16.238271916603214 ], [ -90.405600238436705, 16.238294889443686 ], [ -90.405531911146014, 16.238247571962301 ], [ -90.405506679843313, 16.238282011457077 ], [ -90.405549790599039, 16.238405372170128 ], [ -90.405451820880927, 16.238511566678827 ], [ -90.405456293745459, 16.238558907249036 ], [ -90.405401363041818, 16.238597661070589 ], [ -90.405306305582158, 16.238547483596204 ], [ -90.405258776278586, 16.238521676742547 ], [ -90.405150403612694, 16.23860635599452 ], [ -90.40514598942606, 16.23871395335939 ], [ -90.404993099971804, 16.238887593768791 ], [ -90.404835757598605, 16.239065539762965 ], [ -90.404804627893256, 16.239213315235077 ], [ -90.404641342443227, 16.239386958847263 ], [ -90.404467663501549, 16.23956204198273 ], [ -90.404403140547842, 16.239651427897524 ], [ -90.404480161941194, 16.239684339747502 ], [ -90.405021485441694, 16.23907902514625 ], [ -90.405042760735157, 16.239053512968045 ], [ -90.405101191402053, 16.239108964343444 ], [ -90.405104190237338, 16.239186431927322 ], [ -90.405287348814113, 16.239210277540099 ], [ -90.405408133168166, 16.239223625111894 ], [ -90.405648737186098, 16.239313441935575 ], [ -90.4056646419657, 16.239484632520259 ], [ -90.405806245289142, 16.239574483738952 ], [ -90.405899274876035, 16.2394950694469 ], [ -90.405851738005779, 16.239451091942446 ], [ -90.40584377798038, 16.2393430217904 ], [ -90.405952659542592, 16.239296118371897 ], [ -90.406040781089601, 16.239330518682692 ], [ -90.406067493245828, 16.239280775979974 ], [ -90.405990256194613, 16.239236808849029 ], [ -90.406063875345239, 16.239136838901317 ], [ -90.406063860047112, 16.239098103964832 ], [ -90.406008916912029, 16.239103862384937 ], [ -90.405974762666645, 16.23910530965739 ], [ -90.40597916351031, 16.238961847030314 ], [ -90.406105380934761, 16.238943152804161 ], [ -90.406106744782875, 16.238626103804183 ], [ -90.406069606968572, 16.238590251944203 ], [ -90.406013184809211, 16.238611790743278 ], [ -90.405986453996121, 16.238610366195228 ], [ -90.405972995128977, 16.238359315280984 ], [ -90.406026433154381, 16.238303346126926 ], [ -90.406030870213812, 16.238258872877353 ], [ -90.405981862653974, 16.238248847466274 ], [ -90.40598332704441, 16.238197200935662 ], [ -90.406030835466524, 16.238168491652967 ], [ -90.405998137957383, 16.238095338494659 ], [ -90.405894179529938, 16.2380666831714 ], [ -90.405802113580208, 16.238076758070513 ], [ -90.405802141193391, 16.2381484894739 ] ], [ [ -90.393010144876172, 16.22364051879299 ], [ -90.392886982123542, 16.223633117495808 ], [ -90.392810267731576, 16.223642703763531 ], [ -90.392726124568256, 16.223645119700837 ], [ -90.392674156918915, 16.223657090100929 ], [ -90.392590012385057, 16.22364994064348 ], [ -90.392508337908751, 16.223628445749245 ], [ -90.392466256717839, 16.223597374814908 ], [ -90.392434061074681, 16.223523262591872 ], [ -90.392362280170303, 16.223480244990625 ], [ -90.392359880567795, 16.223726519419621 ], [ -90.392302961726813, 16.223728926396944 ], [ -90.392293203634921, 16.223723318540792 ], [ -90.392199000761309, 16.22366918131128 ], [ -90.392201459842624, 16.223616578161444 ], [ -90.392193608178104, 16.223611255074687 ], [ -90.392085120397454, 16.223537709610618 ], [ -90.39199602537569, 16.223523388141274 ], [ -90.391929203429854, 16.223518625238945 ], [ -90.391894540541585, 16.223466033015782 ], [ -90.391899466025592, 16.223387128473334 ], [ -90.391877171337626, 16.223317796195175 ], [ -90.391800453454252, 16.223320209221551 ], [ -90.391721283687289, 16.223394352433701 ], [ -90.391720603272006, 16.223396610783094 ], [ -90.391703977170067, 16.223451741971857 ], [ -90.39169901781257, 16.223453839966009 ], [ -90.391664385587418, 16.223468489810717 ], [ -90.391622311503582, 16.223458937338712 ], [ -90.391575280696969, 16.223427868220181 ], [ -90.391421821094426, 16.22335139901848 ], [ -90.391312934698576, 16.223365775812066 ], [ -90.39122881009483, 16.223423185317692 ], [ -90.391132310494783, 16.223480595673514 ], [ -90.391043232280552, 16.223526050182244 ], [ -90.390926916339623, 16.223526082636141 ], [ -90.390818023896529, 16.223518940546835 ], [ -90.390797728381301, 16.223516495161267 ], [ -90.390699229283811, 16.223504627658787 ], [ -90.39061260104323, 16.223468787350825 ], [ -90.390436868196659, 16.22339232403673 ], [ -90.390436887694435, 16.223456879921503 ], [ -90.3904319515228, 16.223499920046194 ], [ -90.390425197602411, 16.223637774767862 ], [ -90.390424571224941, 16.223650555646987 ], [ -90.391938219330427, 16.223663739551959 ], [ -90.3920256072293, 16.223703574679771 ], [ -90.392123972901942, 16.223701381362968 ], [ -90.392189321091294, 16.223742966805673 ], [ -90.392449217288473, 16.223883482193688 ], [ -90.392508601164963, 16.223843296813126 ], [ -90.392579888754454, 16.223890618201278 ], [ -90.39257545152951, 16.223949437869596 ], [ -90.392624463935249, 16.22398241939079 ], [ -90.392676750055003, 16.223962973503259 ], [ -90.392682367076759, 16.223960883953435 ], [ -90.392850189050094, 16.224062692325784 ], [ -90.392851696025019, 16.224128683355744 ], [ -90.39288703350789, 16.224152379090246 ], [ -90.392898839168822, 16.224160292744486 ], [ -90.392958628714979, 16.224200382905437 ], [ -90.392945324722618, 16.22439262388486 ], [ -90.393048657940014, 16.224458720475951 ], [ -90.393064139131369, 16.224468622613383 ], [ -90.393095602772533, 16.224457558287426 ], [ -90.393095610828851, 16.224442627757345 ], [ -90.393168893103081, 16.224413967731962 ], [ -90.393174923371404, 16.224247527711732 ], [ -90.393240876455863, 16.224295778955856 ], [ -90.393240321536069, 16.224171072243635 ], [ -90.39332187538912, 16.224224298814306 ], [ -90.393323027260067, 16.224355879529845 ], [ -90.393402455898539, 16.224413988449012 ], [ -90.393401686435084, 16.224574824596363 ], [ -90.393481103555757, 16.22461280134608 ], [ -90.393540795314436, 16.224668212286577 ], [ -90.393695985301278, 16.224773129189508 ], [ -90.393703076068419, 16.224843727168377 ], [ -90.393835505168482, 16.22492758846067 ], [ -90.393832947709939, 16.225717932910484 ], [ -90.393882363915097, 16.225735303217107 ], [ -90.393976729978448, 16.225665514278035 ], [ -90.393993129619943, 16.225653385706373 ], [ -90.3940171886005, 16.22563559297771 ], [ -90.394045767318744, 16.225620856577983 ], [ -90.394135959630205, 16.225574348401597 ], [ -90.39415375891258, 16.225511220439291 ], [ -90.394183442181685, 16.225467217328159 ], [ -90.394236888006617, 16.225436596560527 ], [ -90.394292318480311, 16.225417451016803 ], [ -90.394340974377599, 16.225383381494972 ], [ -90.394337894997861, 16.22530729290083 ], [ -90.394297660219991, 16.2252475299445 ], [ -90.394232675077689, 16.225184784629619 ], [ -90.394136750974653, 16.225107105081566 ], [ -90.393988220077787, 16.224969667143515 ], [ -90.393920140823056, 16.224900945804144 ], [ -90.393870621756861, 16.224826240360645 ], [ -90.393715895052154, 16.224664894370317 ], [ -90.393657105275722, 16.224623068646967 ], [ -90.393595208957663, 16.224542390688214 ], [ -90.393517846467645, 16.224458728607239 ], [ -90.393489976053928, 16.22436907357158 ], [ -90.393484755773741, 16.224358822309188 ], [ -90.393493968128439, 16.224352986317342 ], [ -90.393431009845003, 16.224293747767476 ], [ -90.39338240355643, 16.224248010741064 ], [ -90.393301945651601, 16.224164349736846 ], [ -90.393201247781604, 16.224094902250684 ], [ -90.393189812561872, 16.224087015010959 ], [ -90.393184195949871, 16.2240831419412 ], [ -90.39312867323919, 16.224044849921988 ], [ -90.39299872411739, 16.223973156932342 ], [ -90.39299172326362, 16.22392367086843 ], [ -90.392989437177036, 16.223907509958501 ], [ -90.392980121352139, 16.22384165870146 ], [ -90.392998645467785, 16.223722102645432 ], [ -90.393010144876172, 16.22364051879299 ] ], [ [ -90.391779422358923, 16.214061459493511 ], [ -90.392065081707244, 16.213847611485846 ], [ -90.391948756511027, 16.213792652131787 ], [ -90.391938832494958, 16.213711359242669 ], [ -90.391911604202889, 16.213685067114824 ], [ -90.391785419790679, 16.213766397349694 ], [ -90.391360522947664, 16.213534008991825 ], [ -90.391003298770926, 16.213338628851506 ], [ -90.390985834077824, 16.212869998222715 ], [ -90.390963935752566, 16.212876997172454 ], [ -90.390812361512289, 16.212871062413264 ], [ -90.390707189430771, 16.212871092375988 ], [ -90.390580379210817, 16.212921936830416 ], [ -90.390376207857159, 16.212880150918473 ], [ -90.390351412894077, 16.21271876544451 ], [ -90.390369942563026, 16.21261714170431 ], [ -90.390284246225079, 16.212684323339193 ], [ -90.39026495874613, 16.212730234824448 ], [ -90.39021152229887, 16.21278620015827 ], [ -90.390104632055426, 16.212836441820617 ], [ -90.389826974244102, 16.212829343819159 ], [ -90.389728970958018, 16.21280354885646 ], [ -90.389387469994531, 16.21280794651955 ], [ -90.389388947191108, 16.212779254857342 ], [ -90.389243429783249, 16.212750602282973 ], [ -90.389243447710314, 16.212812289438215 ], [ -90.389065274798753, 16.212819511234649 ], [ -90.388995482456153, 16.212795141563038 ], [ -90.388913848995259, 16.212836014857956 ], [ -90.38891234622254, 16.212836767875302 ], [ -90.388874396754233, 16.212832849756801 ], [ -90.388829195076156, 16.212828183070656 ], [ -90.388799490101164, 16.212793760102738 ], [ -90.388806763493818, 16.212354728581833 ], [ -90.388806785790464, 16.212353335774534 ], [ -90.38879323956283, 16.211719246247632 ], [ -90.388629879705036, 16.211603086676199 ], [ -90.388604644926502, 16.211624612879255 ], [ -90.388548214463171, 16.211593066339272 ], [ -90.38852889469527, 16.211532818810298 ], [ -90.388328403123026, 16.211373631143648 ], [ -90.38832391426385, 16.211251692489189 ], [ -90.388156116335821, 16.211188614612652 ], [ -90.388159023359819, 16.210971989839784 ], [ -90.388161920416991, 16.210716629138687 ], [ -90.388164808641235, 16.210435445685494 ], [ -90.388164758861734, 16.210263293748135 ], [ -90.388178100891224, 16.21018582260449 ], [ -90.387991930765367, 16.210086311030185 ], [ -90.387935499027677, 16.21004472264994 ], [ -90.38782117004456, 16.210040449500276 ], [ -90.387665269428538, 16.210043359730527 ], [ -90.387544990029113, 16.209994615204387 ], [ -90.387530099994677, 16.209845420202523 ], [ -90.387287222229531, 16.209661333579504 ], [ -90.387274666466737, 16.209651816700159 ], [ -90.3872805913647, 16.20960447302771 ], [ -90.387192969519745, 16.209531331070661 ], [ -90.387154317689877, 16.209360624651218 ], [ -90.387034032498406, 16.209291794673472 ], [ -90.38701025870661, 16.209230113848051 ], [ -90.386937601314429, 16.209171928373348 ], [ -90.386888481137618, 16.209132592362408 ], [ -90.386886957154516, 16.208993437060634 ], [ -90.386716187135391, 16.208910274920001 ], [ -90.386715655566462, 16.208900864745495 ], [ -90.386708726602691, 16.208778292948374 ], [ -90.386581040710823, 16.208791237417785 ], [ -90.386520161916849, 16.208776907945346 ], [ -90.386518084372852, 16.208513573592601 ], [ -90.386517083085181, 16.208386696340614 ], [ -90.386359669784838, 16.208277707455917 ], [ -90.386371529794786, 16.208213147898309 ], [ -90.386338857190083, 16.20818302889035 ], [ -90.386247101761526, 16.208240221855128 ], [ -90.386226034677989, 16.208253354233392 ], [ -90.385995863612962, 16.208125734086384 ], [ -90.385917175686799, 16.20814153527893 ], [ -90.385868168196765, 16.20810711689181 ], [ -90.385856283228506, 16.208079862403565 ], [ -90.385649865756093, 16.207946497174341 ], [ -90.385649850571639, 16.207893332318029 ], [ -90.385649847676831, 16.207880505904779 ], [ -90.385593416123584, 16.207838916900336 ], [ -90.385594860331679, 16.207688283487776 ], [ -90.385627517189945, 16.207661017717644 ], [ -90.38563046923673, 16.207596460633773 ], [ -90.385642330810569, 16.20753763869941 ], [ -90.385657169015332, 16.207504638401069 ], [ -90.385490343819697, 16.207516790175479 ], [ -90.385412394131706, 16.207539109180733 ], [ -90.385358949888968, 16.207564945574887 ], [ -90.385323325187258, 16.207596516505689 ], [ -90.385301058494775, 16.207615171519727 ], [ -90.385246126859442, 16.207628096612982 ], [ -90.385197128472129, 16.207625240213865 ], [ -90.385131795589245, 16.207610910649276 ], [ -90.385060525707843, 16.207599452067992 ], [ -90.384995191597525, 16.207580818368545 ], [ -90.384949155455772, 16.20754783396627 ], [ -90.384916494995849, 16.207565057953254 ], [ -90.384939431588023, 16.207630085488514 ], [ -90.384925856938338, 16.207761593369781 ], [ -90.385070639822899, 16.207838068927451 ], [ -90.385086752309277, 16.207937291395876 ], [ -90.385287216957934, 16.208020926417198 ], [ -90.385326828930545, 16.20808905947256 ], [ -90.385318242853756, 16.208370003947596 ], [ -90.385432097659546, 16.208450074309422 ], [ -90.385436283671808, 16.208493943597187 ], [ -90.385442023411372, 16.208554080153071 ], [ -90.385609083624033, 16.208648482391531 ], [ -90.385584358547632, 16.208723805145652 ], [ -90.385658602210583, 16.2087441101433 ], [ -90.385667280704368, 16.208805078000108 ], [ -90.385665971348558, 16.209012316332654 ], [ -90.385664908094796, 16.209180466374274 ], [ -90.385714406879117, 16.209201971891606 ], [ -90.385718162786603, 16.209365754451355 ], [ -90.385783742753631, 16.209377693309879 ], [ -90.385788746724614, 16.209573754512149 ], [ -90.385888983221562, 16.209631111909484 ], [ -90.386001563731938, 16.209574895590357 ], [ -90.385995362030684, 16.209522294129986 ], [ -90.386069585255697, 16.209469672549488 ], [ -90.386072028650247, 16.209357296575984 ], [ -90.38607696241111, 16.209299909826523 ], [ -90.386136344261459, 16.209267616687903 ], [ -90.386177181400313, 16.209291516249262 ], [ -90.38620810857104, 16.209271184641672 ], [ -90.386219229318328, 16.209213796683052 ], [ -90.386323163038142, 16.209214965858322 ], [ -90.386323186478762, 16.209304628724375 ], [ -90.386378866769263, 16.209308200666712 ], [ -90.386393724722879, 16.209345257063333 ], [ -90.386391279248542, 16.209363606442988 ], [ -90.386387301472027, 16.209393460901293 ], [ -90.386378908122339, 16.209456443295956 ], [ -90.38630928363412, 16.209510696168167 ], [ -90.386310778947291, 16.209552299873391 ], [ -90.386577558721029, 16.209668412536665 ], [ -90.386597373090169, 16.209677035817844 ], [ -90.386609285270552, 16.209796104268293 ], [ -90.386690953634087, 16.209820471115943 ], [ -90.386668731223153, 16.209995498040488 ], [ -90.386718411105647, 16.210019852327914 ], [ -90.386765253645621, 16.210042814983588 ], [ -90.386765271974383, 16.210107372749928 ], [ -90.386980892781978, 16.210191148924025 ], [ -90.387041568147509, 16.210226771750126 ], [ -90.387290270607238, 16.210372783815206 ], [ -90.387401658756275, 16.210477480575342 ], [ -90.387484822822245, 16.210540581118252 ], [ -90.387564039949766, 16.210643850757261 ], [ -90.387562333230179, 16.210669404153307 ], [ -90.387550241831562, 16.210850437123469 ], [ -90.387645288113603, 16.210926923452131 ], [ -90.38766710135711, 16.211055076153894 ], [ -90.387603775722539, 16.211141167862042 ], [ -90.387633488603058, 16.211200457479325 ], [ -90.387649340389714, 16.211254012120218 ], [ -90.387605802070226, 16.211307582341622 ], [ -90.38738209710705, 16.211313379490516 ], [ -90.387364316946162, 16.211443454479898 ], [ -90.38738609858882, 16.211460664316462 ], [ -90.387447462641575, 16.211435781560095 ], [ -90.387516765809579, 16.211483584463178 ], [ -90.38750293117549, 16.211569663474872 ], [ -90.387574206221785, 16.211583033771923 ], [ -90.387595957434016, 16.211498864242024 ], [ -90.387538520329073, 16.211405152523106 ], [ -90.387679054727869, 16.211319039314425 ], [ -90.387734500730105, 16.21137067072031 ], [ -90.387774092558928, 16.211363008089865 ], [ -90.387847360791739, 16.211428023921847 ], [ -90.387777439766822, 16.211531333983011 ], [ -90.387783390062978, 16.211569588583039 ], [ -90.387842798020515, 16.211630781979689 ], [ -90.387846769842824, 16.211669037340645 ], [ -90.387846771032628, 16.211673549315659 ], [ -90.387846844903052, 16.211934916675439 ], [ -90.38807256788148, 16.21205918915183 ], [ -90.388078515876657, 16.212091704350595 ], [ -90.388084397268813, 16.212354923116798 ], [ -90.388090547854148, 16.212630155872116 ], [ -90.388154899984002, 16.212668394222774 ], [ -90.388151576174053, 16.212811218321665 ], [ -90.388093662514677, 16.212811564716866 ], [ -90.38808693933295, 16.21281160455873 ], [ -90.388106922272399, 16.212944890047442 ], [ -90.388271558047421, 16.213026027750505 ], [ -90.388311146624062, 16.21300808383074 ], [ -90.388490592862539, 16.213123999912423 ], [ -90.388505948264921, 16.213162646269279 ], [ -90.388550891867325, 16.213122301611381 ], [ -90.388756322979901, 16.213239405192116 ], [ -90.38874896081127, 16.21345459681671 ], [ -90.388845490605263, 16.213514346050843 ], [ -90.388830661499725, 16.213581298437621 ], [ -90.388900304440654, 16.213613984324887 ], [ -90.38900886094757, 16.213664934557755 ], [ -90.389127619100407, 16.213576435546667 ], [ -90.389300876353502, 16.213683983568536 ], [ -90.389471589786481, 16.213552432573849 ], [ -90.389575537911369, 16.213590658558896 ], [ -90.389550821381391, 16.213695869960105 ], [ -90.389709191611999, 16.213669525762594 ], [ -90.390045757933649, 16.213710079371459 ], [ -90.390193593824293, 16.213790167471362 ], [ -90.390566023303634, 16.213991925264001 ], [ -90.39069422441203, 16.214061376439762 ], [ -90.390782466541708, 16.214109799922202 ], [ -90.391290243520785, 16.214388446156708 ], [ -90.391382295897074, 16.214438961020541 ], [ -90.391469185350488, 16.214342729215559 ], [ -90.391565663883853, 16.214235106643898 ], [ -90.391779422358923, 16.214061459493511 ] ], [ [ -90.385347307971998, 16.207523584033396 ], [ -90.385436384580501, 16.207490087823885 ], [ -90.385510617845426, 16.207475723321995 ], [ -90.385565048175593, 16.207439843935582 ], [ -90.385608764725987, 16.207427047393281 ], [ -90.385608522829443, 16.207379349748553 ], [ -90.385608465066824, 16.207171332441355 ], [ -90.385274346832574, 16.206984919386052 ], [ -90.385274329917877, 16.206920361604247 ], [ -90.384565309887989, 16.206528109000217 ], [ -90.384561545988149, 16.206526027216199 ], [ -90.384390763679619, 16.206382608613122 ], [ -90.384360982523233, 16.206059831548341 ], [ -90.384257014242579, 16.20592356965129 ], [ -90.38419018232382, 16.205851856801878 ], [ -90.384160466812446, 16.20577296236198 ], [ -90.384063936054645, 16.205686908295668 ], [ -90.384026802259825, 16.20562953477214 ], [ -90.38381148172148, 16.205500473308607 ], [ -90.383789190892074, 16.205421575644596 ], [ -90.383373403046647, 16.205184967981875 ], [ -90.383372352575151, 16.204922422247904 ], [ -90.383371841238144, 16.204794557320454 ], [ -90.383379084393553, 16.204751299826938 ], [ -90.382286591822478, 16.204757459042781 ], [ -90.382281486779249, 16.205116030000511 ], [ -90.382337919323973, 16.205167661565323 ], [ -90.382341910568613, 16.205291037225795 ], [ -90.382601282760319, 16.205443997681684 ], [ -90.38264881128255, 16.20550806652426 ], [ -90.382656769912245, 16.205663001085764 ], [ -90.382657764377598, 16.205680216198157 ], [ -90.382577597677383, 16.205717534904544 ], [ -90.38258057866615, 16.205760572055709 ], [ -90.382636017376456, 16.205795945595625 ], [ -90.38264692540767, 16.205873411730749 ], [ -90.382709295840087, 16.205916434674098 ], [ -90.382718221948693, 16.20598720676546 ], [ -90.382904340653226, 16.206105754216818 ], [ -90.382926117241851, 16.206112444701152 ], [ -90.382928116755778, 16.206186087181596 ], [ -90.383132049940585, 16.206296979673837 ], [ -90.38320924343121, 16.206251053653151 ], [ -90.38339733515248, 16.206344734370301 ], [ -90.38344483653816, 16.206304553955245 ], [ -90.383516109407651, 16.206327490055845 ], [ -90.383576509029538, 16.20640111844417 ], [ -90.383528019641858, 16.206447994907279 ], [ -90.383525088509188, 16.206595280574479 ], [ -90.383685473215408, 16.206717659980331 ], [ -90.383774552741272, 16.206696597707609 ], [ -90.383826033557284, 16.206737710875551 ], [ -90.383819126599846, 16.206817092386657 ], [ -90.383853779943948, 16.206853428582036 ], [ -90.383889405679014, 16.20682185789661 ], [ -90.383965635129911, 16.206869660326586 ], [ -90.3839666336753, 16.206904089995732 ], [ -90.383991384343432, 16.206923210717427 ], [ -90.384045823932041, 16.206916503202994 ], [ -90.38408541482552, 16.206910754684046 ], [ -90.384119074949766, 16.20693083109273 ], [ -90.384237849118975, 16.206912630113287 ], [ -90.384264580700616, 16.206935576939156 ], [ -90.384274556021751, 16.207224407577613 ], [ -90.384275211080663, 16.207231987547615 ], [ -90.384277534002166, 16.207258837418845 ], [ -90.384427021726751, 16.207342963379002 ], [ -90.384438623878125, 16.207391218546356 ], [ -90.384906938376417, 16.207386468196546 ], [ -90.384929080878294, 16.207440005673021 ], [ -90.384961256261334, 16.207459124880028 ], [ -90.385010751214395, 16.207473458578971 ], [ -90.385075096743492, 16.207494961434996 ], [ -90.385141916515892, 16.207516462897701 ], [ -90.385211209108661, 16.207535574111464 ], [ -90.385280499723152, 16.207540338628551 ], [ -90.385347307971998, 16.207523584033396 ] ], [ [ -90.381792708462498, 16.20482754349533 ], [ -90.381796687931697, 16.204762878565344 ], [ -90.381513494230902, 16.20476601081975 ], [ -90.38153334434277, 16.204804441475812 ], [ -90.381529302435695, 16.204942184656208 ], [ -90.38151737456495, 16.20502253041149 ], [ -90.381499514740653, 16.205089479735211 ], [ -90.381543053141669, 16.205123940370097 ], [ -90.381620255093551, 16.205154593793303 ], [ -90.381707381972959, 16.205141250099011 ], [ -90.38176679967097, 16.205110673676874 ], [ -90.381762971153265, 16.204890660274295 ], [ -90.381792708462498, 16.20482754349533 ] ], [ [ -90.395144159663047, 16.205471436532388 ], [ -90.39517781946067, 16.205486728066116 ], [ -90.395239183129604, 16.205471407482403 ], [ -90.395371845949285, 16.205553617603062 ], [ -90.395365952928728, 16.205695166257868 ], [ -90.395451096129406, 16.205754437822343 ], [ -90.395459056505544, 16.205880680407464 ], [ -90.395593699993555, 16.205962889555256 ], [ -90.395577874771789, 16.206003062964918 ], [ -90.39565707422058, 16.206043207138418 ], [ -90.395688741227374, 16.206020244320168 ], [ -90.395746160580828, 16.206048918861391 ], [ -90.395797618149061, 16.206008734898528 ], [ -90.395890680026142, 16.206068003843118 ], [ -90.395874860923769, 16.206121565884875 ], [ -90.396045141502512, 16.206213328642235 ], [ -90.39612827619672, 16.206180785808783 ], [ -90.396664862885629, 16.206486667973905 ], [ -90.396668838754152, 16.206536400180902 ], [ -90.396764375288924, 16.20658861275027 ], [ -90.396878719944155, 16.206651103855496 ], [ -90.396989576638745, 16.206635766112747 ], [ -90.397294418318779, 16.206564897949328 ], [ -90.397579425373948, 16.206373528647593 ], [ -90.397925777287071, 16.206113278639229 ], [ -90.397973295612161, 16.206136217466547 ], [ -90.398024755417794, 16.20610177145473 ], [ -90.398008898469001, 16.206046305017328 ], [ -90.398147454774787, 16.205988876301394 ], [ -90.398236548121531, 16.206017540949233 ], [ -90.398331554407932, 16.205963952461602 ], [ -90.398594848619652, 16.205969607991491 ], [ -90.398744835746612, 16.206053085138379 ], [ -90.398737427623061, 16.206096125264409 ], [ -90.399022050157384, 16.206237102773471 ], [ -90.399116071406056, 16.206203598639227 ], [ -90.399276944637265, 16.206277667971282 ], [ -90.399369894055127, 16.20632306498754 ], [ -90.39948731862502, 16.20638041419684 ], [ -90.399611021746423, 16.206308643473353 ], [ -90.399675375399198, 16.206351660585163 ], [ -90.399702621640287, 16.206425772204692 ], [ -90.399814005435346, 16.206507030419537 ], [ -90.399833823905638, 16.206569191538534 ], [ -90.39990063461245, 16.206566778134356 ], [ -90.39998726371725, 16.206619352021765 ], [ -90.400002135145471, 16.206686295734155 ], [ -90.40019024022024, 16.206796219938695 ], [ -90.400197681583762, 16.206846429131609 ], [ -90.400437772516455, 16.207008937735299 ], [ -90.400556525637214, 16.206934778003831 ], [ -90.400594222027678, 16.206956614384399 ], [ -90.400604686494447, 16.206962676827661 ], [ -90.400643153468849, 16.206984960961712 ], [ -90.400658020170226, 16.20703755794511 ], [ -90.400640718366191, 16.207097338984784 ], [ -90.400744674329857, 16.207164252883764 ], [ -90.400791678232878, 16.20712837153307 ], [ -90.400856028770193, 16.207161824735866 ], [ -90.401002056204163, 16.207235898487625 ], [ -90.401003697002011, 16.207310777115801 ], [ -90.401004569499108, 16.207350664961151 ], [ -90.401219997884468, 16.20735560440264 ], [ -90.401228374898736, 16.207407825041102 ], [ -90.401225297438543, 16.207452656870835 ], [ -90.401259346392564, 16.207518399163735 ], [ -90.40129338668909, 16.207560230314616 ], [ -90.401380018260184, 16.207616987517682 ], [ -90.401438829430916, 16.207727551938113 ], [ -90.401556395727212, 16.207796255032481 ], [ -90.401661582599147, 16.207844038339033 ], [ -90.401776047743837, 16.207888832359888 ], [ -90.401887425692507, 16.207945580911232 ], [ -90.401958569547219, 16.207945556813282 ], [ -90.402060686755817, 16.208059095699721 ], [ -90.402150416116413, 16.208130795423031 ], [ -90.402221568432225, 16.208151693368354 ], [ -90.402305100358063, 16.208193507360342 ], [ -90.402360797627438, 16.208244297233808 ], [ -90.40237447909206, 16.20825816935648 ], [ -90.402422683528911, 16.208307041433546 ], [ -90.40244744383412, 16.20834289735765 ], [ -90.402503507267454, 16.208393019422541 ], [ -90.402530988729609, 16.208417588507082 ], [ -90.402561934204556, 16.208453442736129 ], [ -90.402605243934957, 16.208465381556216 ], [ -90.402657817301105, 16.20843547674356 ], [ -90.402694934791384, 16.208429487720103 ], [ -90.402716599381037, 16.208462356805754 ], [ -90.402725889555768, 16.208492240257414 ], [ -90.402741370234438, 16.208534077137188 ], [ -90.402790868749889, 16.208551994049902 ], [ -90.402843459031786, 16.20856393074105 ], [ -90.402865120975889, 16.208590821801462 ], [ -90.402883693854676, 16.208629670176332 ], [ -90.402889902641448, 16.208686453250735 ], [ -90.402886821913398, 16.208725308898529 ], [ -90.4029054028682, 16.208782088589039 ], [ -90.40293017651554, 16.208859787810503 ], [ -90.402948745928327, 16.208886680160248 ], [ -90.402967331356379, 16.20895541495987 ], [ -90.402985907386977, 16.209003228531209 ], [ -90.4030415952314, 16.209030109801539 ], [ -90.403128211080755, 16.209039045830092 ], [ -90.403190086393906, 16.209068912560351 ], [ -90.403248881172672, 16.20913165510844 ], [ -90.403295304623938, 16.20920038176698 ], [ -90.403332443617614, 16.209254165496283 ], [ -90.403372131118488, 16.209280383209251 ], [ -90.403391229562729, 16.209293000486085 ], [ -90.403474767623734, 16.209346769132949 ], [ -90.403570670332442, 16.209379613100111 ], [ -90.403586146362301, 16.209406505796938 ], [ -90.40361091410243, 16.209466271812424 ], [ -90.403635667996184, 16.209487184379938 ], [ -90.403697547591079, 16.209526017072747 ], [ -90.403719214241619, 16.209564863159564 ], [ -90.403728504617916, 16.209594747469215 ], [ -90.403756353417506, 16.209618648621579 ], [ -90.40383987959251, 16.209639541689061 ], [ -90.403929591895434, 16.209660432098477 ], [ -90.404025488968472, 16.209678330837285 ], [ -90.404081183013048, 16.20972015505075 ], [ -90.40410286464784, 16.209797854542941 ], [ -90.404130733777691, 16.209878540406059 ], [ -90.404143140738924, 16.209971188862017 ], [ -90.404134055408235, 16.209998814294739 ], [ -90.404202264136842, 16.210088756513219 ], [ -90.404258997830993, 16.210095261731617 ], [ -90.404388935678725, 16.210149014772142 ], [ -90.404449225818013, 16.210256797890199 ], [ -90.404489223939109, 16.210328305225481 ], [ -90.404582065594525, 16.210446627269327 ], [ -90.404645236403042, 16.210625929891854 ], [ -90.404641541399783, 16.210672556513163 ], [ -90.404643236382313, 16.210686289338231 ], [ -90.40464854497084, 16.210729294692801 ], [ -90.404652259217926, 16.210759375301688 ], [ -90.404656175666489, 16.210791104608091 ], [ -90.404668582928451, 16.210883752123195 ], [ -90.404736369785596, 16.210918323742227 ], [ -90.40483255848109, 16.210967379472759 ], [ -90.404826432816819, 16.211131762898763 ], [ -90.404916155014632, 16.211176564023194 ], [ -90.404894551243132, 16.211308075939328 ], [ -90.405090458894307, 16.21144663479123 ], [ -90.40516064573724, 16.211496274383823 ], [ -90.405482394764633, 16.21162168842104 ], [ -90.405782450770772, 16.211773101291357 ], [ -90.405890787191737, 16.211827769362511 ], [ -90.405895161893127, 16.211990304587474 ], [ -90.405897062921085, 16.212060889118419 ], [ -90.406172428933104, 16.212225172947569 ], [ -90.40627762900904, 16.212299855003391 ], [ -90.406348786051154, 16.212326727769074 ], [ -90.406348832944758, 16.212449266992454 ], [ -90.406382462954511, 16.212480486942795 ], [ -90.406429286536991, 16.212523957040109 ], [ -90.406413841475796, 16.212580748532243 ], [ -90.406436167940626, 16.212612829372905 ], [ -90.406484923849021, 16.212682887707096 ], [ -90.406546927242658, 16.212771980431793 ], [ -90.406520537836087, 16.212789922723726 ], [ -90.406518656101099, 16.212814838994568 ], [ -90.406615837519908, 16.21284054632191 ], [ -90.406736624603383, 16.21290362606269 ], [ -90.406780168963763, 16.21287874344565 ], [ -90.406833630125931, 16.212901678378753 ], [ -90.407180141659154, 16.213056490010626 ], [ -90.407215764377156, 16.213025873488061 ], [ -90.407285067981519, 16.213062191176544 ], [ -90.407374178674615, 16.213121455167872 ], [ -90.40743356728143, 16.213111870514958 ], [ -90.407455360812648, 16.213155857318004 ], [ -90.407502876870566, 16.213161577641017 ], [ -90.40753651615924, 16.213121396655442 ], [ -90.407584029228943, 16.213119466845633 ], [ -90.4076335357217, 16.21315579207436 ], [ -90.407805731424048, 16.213050525987736 ], [ -90.407890860513888, 16.213054321096696 ], [ -90.408045312297261, 16.213140340628488 ], [ -90.408124519156715, 16.213186219549815 ], [ -90.408221535848156, 16.21321296277819 ], [ -90.408312602201391, 16.213209103843681 ], [ -90.408375942609467, 16.213180389022654 ], [ -90.408498669695618, 16.213142086519301 ], [ -90.408599636127462, 16.213142049552573 ], [ -90.408752053371202, 16.213088435950397 ], [ -90.40884311977004, 16.213088402748724 ], [ -90.408912397220476, 16.213052033874419 ], [ -90.408979707578794, 16.21305392193343 ], [ -90.409155895883487, 16.213036640901112 ], [ -90.409171702778679, 16.212958210495771 ], [ -90.409197437173759, 16.212952463125948 ], [ -90.409349875463391, 16.212952406225099 ], [ -90.409389474893771, 16.212963868467025 ], [ -90.40946272753412, 16.212973404502549 ], [ -90.409512227038803, 16.212986776239358 ], [ -90.409567646579987, 16.212956150580915 ], [ -90.409597311241939, 16.212877715196459 ], [ -90.409662604237568, 16.212782050573352 ], [ -90.409739812568233, 16.21278202193783 ], [ -90.409775460312275, 16.21281261313656 ], [ -90.40993186451783, 16.212829770258747 ], [ -90.410022944108093, 16.212862253156164 ], [ -90.410100151330326, 16.212856486803801 ], [ -90.41013183417526, 16.212873690372692 ], [ -90.410143772279852, 16.213022884395951 ], [ -90.410195254504018, 16.213047731983472 ], [ -90.410207150507063, 16.213091721552711 ], [ -90.410244785998728, 16.213141439701207 ], [ -90.410298253880754, 16.213181588330475 ], [ -90.410430930150213, 16.213267615010338 ], [ -90.410442837580604, 16.21334029611247 ], [ -90.410518089288288, 16.213393827108309 ], [ -90.41051217377462, 16.213453126554548 ], [ -90.410519257441919, 16.213456544252004 ], [ -90.410535935952325, 16.213464593659186 ], [ -90.410593340101627, 16.213447357173166 ], [ -90.410628984062313, 16.213470297208772 ], [ -90.410648807044055, 16.213531498324112 ], [ -90.410739906631576, 16.213609889738596 ], [ -90.410741938839493, 16.213739958792129 ], [ -90.410928087915536, 16.213873785585644 ], [ -90.410924151022471, 16.213933084063353 ], [ -90.410965735326144, 16.21395602111037 ], [ -90.411035014950983, 16.213929216900446 ], [ -90.411078571391783, 16.21393302494883 ], [ -90.411114217600655, 16.21396170339246 ], [ -90.411143909876671, 16.213952128772043 ], [ -90.4111874582116, 16.213940635664038 ], [ -90.411246854146611, 16.213948264511817 ], [ -90.411245031006558, 16.214334649605831 ], [ -90.411278685361694, 16.214332724024612 ], [ -90.411377659425241, 16.214300170118854 ], [ -90.411441015397216, 16.214309708574167 ], [ -90.411450942788534, 16.214380478972195 ], [ -90.411510344115015, 16.214401497254581 ], [ -90.411609360222926, 16.214476059304278 ], [ -90.411680651731061, 16.214525764988657 ], [ -90.411757875270325, 16.214558253128811 ], [ -90.411793614992277, 16.214814553992507 ], [ -90.411851041364002, 16.214848963575957 ], [ -90.411880731612257, 16.214833648556738 ], [ -90.4119619046823, 16.214841269067371 ], [ -90.411961980380369, 16.21502681145072 ], [ -90.411989696959481, 16.215027996125226 ], [ -90.412332177242504, 16.215050870297112 ], [ -90.412333634131386, 16.214904094299758 ], [ -90.412098992816141, 16.214802327812816 ], [ -90.412087040306076, 16.214623007071769 ], [ -90.412032091941199, 16.214597204955219 ], [ -90.411996314337358, 16.214248611059947 ], [ -90.41187453255489, 16.214182666005456 ], [ -90.411870009042715, 16.214013385483995 ], [ -90.411574538370672, 16.214024974642427 ], [ -90.411563954150083, 16.213560167987858 ], [ -90.41150750399531, 16.213489894303621 ], [ -90.411412494835886, 16.213532967930753 ], [ -90.411301107638806, 16.213467018746819 ], [ -90.411288329044012, 16.213346083042044 ], [ -90.411283221524172, 16.213297742564873 ], [ -90.411165885003797, 16.213204538197004 ], [ -90.411161650142006, 16.213031294423686 ], [ -90.411153644382566, 16.21270369463798 ], [ -90.411141726221942, 16.212216106929681 ], [ -90.41119958589087, 16.212099882645742 ], [ -90.411333159562815, 16.211960674543956 ], [ -90.411352590177998, 16.211949712729556 ], [ -90.411493479382329, 16.211870234331517 ], [ -90.411429614694086, 16.211824351307982 ], [ -90.411414690177907, 16.211636424671269 ], [ -90.411506912242373, 16.211592141433979 ], [ -90.411308900118897, 16.21149059901088 ], [ -90.411284089338224, 16.211335193875431 ], [ -90.41116654422089, 16.211332249743013 ], [ -90.411135478762517, 16.211006487711678 ], [ -90.410956049942953, 16.210961724831755 ], [ -90.410921990269159, 16.210878051873507 ], [ -90.410782760113946, 16.2107974087271 ], [ -90.410745583917475, 16.210656950579271 ], [ -90.410743135136784, 16.210643966768849 ], [ -90.410733183234044, 16.210591203541881 ], [ -90.410696034562022, 16.210516498067843 ], [ -90.41050111944287, 16.210420932391358 ], [ -90.410454729421431, 16.210441870217107 ], [ -90.410395947670722, 16.210420972109898 ], [ -90.410089774298967, 16.210570523431905 ], [ -90.409966023133094, 16.210519760979569 ], [ -90.409910323269017, 16.210468973097434 ], [ -90.409604026499281, 16.210313673243981 ], [ -90.409591557871508, 16.210071588409217 ], [ -90.409470891009505, 16.209996914041525 ], [ -90.409458482567558, 16.209910245701003 ], [ -90.409248779422597, 16.209801970884556 ], [ -90.409026003385733, 16.209651419394362 ], [ -90.409018561780314, 16.209604797860067 ], [ -90.408948012416275, 16.20954743966459 ], [ -90.408940556430878, 16.209464953681966 ], [ -90.408873724556642, 16.209421940119093 ], [ -90.408884775623321, 16.209206745568061 ], [ -90.408933009410106, 16.209152930725558 ], [ -90.408942847022033, 16.208942037028418 ], [ -90.408947732279714, 16.208837312785192 ], [ -90.408995970601666, 16.208797843704538 ], [ -90.409010646612387, 16.208363871259976 ], [ -90.408951238525177, 16.208317268127029 ], [ -90.408940039629869, 16.208155880563059 ], [ -90.408824934750626, 16.208066260469376 ], [ -90.40879151605445, 16.20803399343254 ], [ -90.408720959663171, 16.207958702931101 ], [ -90.408698665351068, 16.207897740968988 ], [ -90.408758015551399, 16.207797297215318 ], [ -90.4088879066977, 16.207736278559498 ], [ -90.408962123999331, 16.207686040499297 ], [ -90.409025202333112, 16.207625046444072 ], [ -90.409021470293709, 16.207571249985346 ], [ -90.408988038620834, 16.207510293223724 ], [ -90.409002853561972, 16.207427796882715 ], [ -90.409021788942468, 16.20730074651442 ], [ -90.4090332927817, 16.207223564245837 ], [ -90.408998576856916, 16.207044252450999 ], [ -90.408998954262799, 16.207000507567528 ], [ -90.409000943372092, 16.206769285768633 ], [ -90.408956298607677, 16.206511075149887 ], [ -90.408915451499098, 16.206455207439575 ], [ -90.408896877075534, 16.206429802420313 ], [ -90.408753341565884, 16.206403554715056 ], [ -90.408567754682053, 16.206417968035929 ], [ -90.408394497042408, 16.206322391655419 ], [ -90.408340034692372, 16.206265027528303 ], [ -90.408330091716678, 16.206150263326723 ], [ -90.408473557853583, 16.206001968553373 ], [ -90.408535380268603, 16.205896741871072 ], [ -90.408584829868758, 16.205789129126554 ], [ -90.408621863463281, 16.205573925808931 ], [ -90.408473337235193, 16.205440084220399 ], [ -90.408401509347868, 16.205270348787913 ], [ -90.408220759570312, 16.20499784194563 ], [ -90.408139045961448, 16.204861584075154 ], [ -90.408083333965578, 16.204770746448343 ], [ -90.408083311912009, 16.20471336240804 ], [ -90.408090714731969, 16.204663148143194 ], [ -90.407633181219822, 16.204685790739202 ], [ -90.407695575209033, 16.204777581324556 ], [ -90.407706025303497, 16.20492534235138 ], [ -90.407729828192103, 16.205045839355851 ], [ -90.407801107220479, 16.205078809013415 ], [ -90.407844173290087, 16.205098878528545 ], [ -90.407873887414539, 16.205150513449315 ], [ -90.407889100666722, 16.205173767766411 ], [ -90.407909542047847, 16.205205015215977 ], [ -90.407955588746049, 16.20525664364547 ], [ -90.407986788919757, 16.205311147988329 ], [ -90.407995730692036, 16.205395785821437 ], [ -90.407952697151273, 16.205454619953258 ], [ -90.407921539231367, 16.205510581389699 ], [ -90.407915667419999, 16.20568416893542 ], [ -90.407929045438863, 16.205721463638945 ], [ -90.407918672424017, 16.205775983412714 ], [ -90.407918690132604, 16.205820455158403 ], [ -90.407894953159044, 16.205867806190486 ], [ -90.407872696677117, 16.205903678164493 ], [ -90.407848959951153, 16.205952464492174 ], [ -90.407795754546243, 16.205980764201925 ], [ -90.407759893473425, 16.205999838682882 ], [ -90.407697553120528, 16.206047202755965 ], [ -90.407713916635558, 16.2061275352041 ], [ -90.407711046726419, 16.20638289371449 ], [ -90.407810571676521, 16.206506234521189 ], [ -90.407905637117892, 16.206612359677845 ], [ -90.407935356445691, 16.206675471570879 ], [ -90.407935975908273, 16.206689135217726 ], [ -90.407939848287668, 16.206774457765512 ], [ -90.407963616765585, 16.206804575037548 ], [ -90.408058645207575, 16.206817451641356 ], [ -90.40814476552805, 16.206830331582257 ], [ -90.408223461865916, 16.206846084306424 ], [ -90.408389785752306, 16.206924925912247 ], [ -90.408426925651383, 16.206980861718876 ], [ -90.40845664317176, 16.20703823414096 ], [ -90.408516050543426, 16.207081251874342 ], [ -90.408582888473887, 16.207145783321931 ], [ -90.408672025179101, 16.207277733767441 ], [ -90.408655698960857, 16.207292086084738 ], [ -90.40850717932716, 16.20738852808617 ], [ -90.408509677431994, 16.207448302936797 ], [ -90.408388433648938, 16.207474647391432 ], [ -90.408326585137715, 16.207517707758178 ], [ -90.408301861374269, 16.20757271032706 ], [ -90.408286399575104, 16.207623203105051 ], [ -90.408282090056929, 16.207637274966125 ], [ -90.408249936938205, 16.207680324627617 ], [ -90.408222740429267, 16.207740109249361 ], [ -90.408217831381037, 16.207842924560826 ], [ -90.408222814090166, 16.207926608005504 ], [ -90.408222844759806, 16.208007901360077 ], [ -90.408230288967175, 16.208060500035138 ], [ -90.408267420888905, 16.208091569365077 ], [ -90.408299600944147, 16.208117859747102 ], [ -90.408311990590462, 16.208160893387955 ], [ -90.408331168833882, 16.208195605574264 ], [ -90.408331801597257, 16.208196751014881 ], [ -90.40834170578529, 16.208213483592424 ], [ -90.408371412397599, 16.208242164461648 ], [ -90.408371425761629, 16.20827803071781 ], [ -90.408383816200313, 16.208323454111984 ], [ -90.408401148226588, 16.208347358259061 ], [ -90.408443227176747, 16.208373643848471 ], [ -90.408453148167254, 16.208431024000902 ], [ -90.408453174326439, 16.208497972477169 ], [ -90.408458153145062, 16.208572092360185 ], [ -90.408463122255654, 16.208624691765827 ], [ -90.408473040961695, 16.208674899026786 ], [ -90.408487899384269, 16.208703585231071 ], [ -90.408520080336359, 16.208732265336813 ], [ -90.408590384910852, 16.208798231760461 ], [ -90.408580931802675, 16.209931570181826 ], [ -90.408415234864378, 16.210059369805347 ], [ -90.408277629331423, 16.210085877953823 ], [ -90.408299078665479, 16.21011327180862 ], [ -90.408300989433741, 16.21011606008112 ], [ -90.408302743654446, 16.210119556897851 ], [ -90.408347303483296, 16.210227438782262 ], [ -90.408413082574498, 16.21034255059725 ], [ -90.408414617849076, 16.210345695324445 ], [ -90.408415723326939, 16.210349015609957 ], [ -90.4084163795508, 16.210352453014128 ], [ -90.408416574970587, 16.210355947035922 ], [ -90.408414192213769, 16.210465680515888 ], [ -90.408413851398208, 16.210469359494763 ], [ -90.408412999455862, 16.210472954663054 ], [ -90.408411653129392, 16.210476395367316 ], [ -90.408368822901295, 16.210566815287205 ], [ -90.40836688463564, 16.21057021957974 ], [ -90.408364484006839, 16.210573315231976 ], [ -90.408361669358612, 16.210576039903842 ], [ -90.408358497372191, 16.210578338726048 ], [ -90.408355031924856, 16.210580165405037 ], [ -90.408247955944987, 16.210627754344682 ], [ -90.40824347581507, 16.210629314880737 ], [ -90.408238800861383, 16.210630122126066 ], [ -90.408234056833834, 16.210630154366868 ], [ -90.40813887890171, 16.210623015359275 ], [ -90.408134359625436, 16.210622315785777 ], [ -90.408130008600736, 16.210620908005527 ], [ -90.408125936066625, 16.210618827686524 ], [ -90.408045033345985, 16.210568859949795 ], [ -90.408042099801875, 16.210566777132641 ], [ -90.40803862242106, 16.210563409721086 ], [ -90.407948836510897, 16.210459448027304 ], [ -90.407863886557394, 16.210374497989442 ], [ -90.407862916970331, 16.210373476227865 ], [ -90.407774699908401, 16.210275718204976 ], [ -90.40777314701964, 16.210273797771151 ], [ -90.407772699223088, 16.210273187483629 ], [ -90.407809754407751, 16.210445906912604 ], [ -90.407902545406643, 16.210427940831824 ], [ -90.407930417107451, 16.210508627104488 ], [ -90.407918069040676, 16.210577372463177 ], [ -90.408162485440201, 16.210696834175295 ], [ -90.408190450512549, 16.211016619991423 ], [ -90.408116219145143, 16.211037567863862 ], [ -90.408128649887487, 16.211184012745662 ], [ -90.408240008704738, 16.211186960405488 ], [ -90.408252418113562, 16.211276618712898 ], [ -90.408193651552125, 16.211291584436772 ], [ -90.408202966461261, 16.21138124321627 ], [ -90.408512297173644, 16.211387107936272 ], [ -90.408506058496684, 16.211255605342647 ], [ -90.408391511684087, 16.211013557816646 ], [ -90.408499756788103, 16.210962709154227 ], [ -90.408676173818236, 16.211216688634394 ], [ -90.408731855854313, 16.21122264538338 ], [ -90.408728640641982, 16.210911816500758 ], [ -90.40880596643413, 16.210896844134968 ], [ -90.408812011118286, 16.210535203435473 ], [ -90.408743960850018, 16.210541206450156 ], [ -90.408743998222377, 16.21063684556259 ], [ -90.408645010557308, 16.210630905446589 ], [ -90.408675188533635, 16.210364127877398 ], [ -90.408779100424098, 16.210306705371952 ], [ -90.408818499223841, 16.210360637345172 ], [ -90.408820006701575, 16.210416585789226 ], [ -90.408889801789641, 16.210446687452173 ], [ -90.409231377697338, 16.210643101992584 ], [ -90.409274425897934, 16.210617262378637 ], [ -90.409332346030013, 16.210654541653291 ], [ -90.409333856363887, 16.210714794187837 ], [ -90.409561074129286, 16.210835214966473 ], [ -90.409849249398619, 16.21099405205425 ], [ -90.410021455986865, 16.211088967882866 ], [ -90.410082882253704, 16.211073105263306 ], [ -90.410169496004613, 16.211079050323576 ], [ -90.41022207184227, 16.211055120749585 ], [ -90.410379819762781, 16.211031151505622 ], [ -90.410512870112669, 16.21112674094725 ], [ -90.410571681062009, 16.211222359619128 ], [ -90.410710915398965, 16.21131495892001 ], [ -90.410735717372475, 16.211449441992052 ], [ -90.410686253728187, 16.211521190739351 ], [ -90.410537757778286, 16.2114794042078 ], [ -90.410355252164337, 16.211473496578162 ], [ -90.40987579770902, 16.21148563112175 ], [ -90.409656170939456, 16.211482724160671 ], [ -90.409560292330028, 16.211515635613431 ], [ -90.409433480969525, 16.211548559143104 ], [ -90.409322138845241, 16.211590442655641 ], [ -90.409280710673485, 16.211644853398809 ], [ -90.409280130545852, 16.211663571709188 ], [ -90.409271234035302, 16.211950494207461 ], [ -90.409251781218288, 16.212577929037764 ], [ -90.409053852209212, 16.212685118606341 ], [ -90.408996427008987, 16.212652621697465 ], [ -90.408948926144618, 16.212683244275684 ], [ -90.40886577155581, 16.212666060027683 ], [ -90.408812329442014, 16.21269285948804 ], [ -90.408733123663737, 16.212650806782541 ], [ -90.408681657893212, 16.212668041705363 ], [ -90.40860050089762, 16.212696763414975 ], [ -90.408521286055688, 16.212629844141283 ], [ -90.408473773111339, 16.212631774161522 ], [ -90.408436186400266, 16.21270447381152 ], [ -90.408306591846966, 16.212646773607634 ], [ -90.408256017417472, 16.212666284684662 ], [ -90.40816462431647, 16.21260663684486 ], [ -90.408153047711821, 16.212603199953058 ], [ -90.408138197883403, 16.212591788859697 ], [ -90.408117474521063, 16.212575863248002 ], [ -90.408049259869841, 16.212531343940022 ], [ -90.407974857281346, 16.212561182771339 ], [ -90.407808530495956, 16.212482818087889 ], [ -90.407643359246052, 16.212566888542721 ], [ -90.407507673100412, 16.212635950769656 ], [ -90.407497482633303, 16.212520709262545 ], [ -90.407363877340472, 16.212588900097117 ], [ -90.407315574763771, 16.212466977028321 ], [ -90.407096526188283, 16.212355874234539 ], [ -90.407048309678089, 16.212459900651535 ], [ -90.406844072051186, 16.212251956566718 ], [ -90.40678093217565, 16.212158729255034 ], [ -90.406766055443128, 16.212083418271856 ], [ -90.406624968992645, 16.211997392837812 ], [ -90.406617512952494, 16.211914905892918 ], [ -90.406550678531204, 16.211864718720602 ], [ -90.406543219178673, 16.211771472441992 ], [ -90.406327889080643, 16.211674714454173 ], [ -90.406326843320542, 16.21166464429518 ], [ -90.406320437446936, 16.211602986827856 ], [ -90.406283305742875, 16.211570721383993 ], [ -90.406242434338552, 16.211466727230643 ], [ -90.405978826735392, 16.211309015098923 ], [ -90.405885976450904, 16.211172760546141 ], [ -90.4058525438723, 16.211104629522954 ], [ -90.405814544014319, 16.211072832705383 ], [ -90.405793112874335, 16.211058845292492 ], [ -90.405715190818384, 16.211075984610968 ], [ -90.405488723119788, 16.210972056075974 ], [ -90.405407069478088, 16.210997190810851 ], [ -90.405225141270449, 16.210882487246206 ], [ -90.405129746459878, 16.210568047002866 ], [ -90.405043048663188, 16.210337944437132 ], [ -90.40499664484247, 16.210326005633462 ], [ -90.40490189193163, 16.210152939940947 ], [ -90.404864144212524, 16.21014809110132 ], [ -90.40472553949698, 16.210076409477814 ], [ -90.404708125654253, 16.209830142797905 ], [ -90.404673472985564, 16.20980863570481 ], [ -90.404596737981151, 16.209748886249397 ], [ -90.404571956081213, 16.209655647472669 ], [ -90.40450760144148, 16.209610240281439 ], [ -90.404430867065543, 16.209555272991846 ], [ -90.404373917654951, 16.209466825442394 ], [ -90.404200653673286, 16.209352117662934 ], [ -90.403958093473548, 16.209223087783808 ], [ -90.403901155946158, 16.209160940999293 ], [ -90.403878870685119, 16.20912269299286 ], [ -90.403836777995892, 16.209058150496148 ], [ -90.403767455394643, 16.208964924896733 ], [ -90.403708064309257, 16.208962554322866 ], [ -90.403616498133985, 16.2089458486697 ], [ -90.403566986139992, 16.208895655758035 ], [ -90.403547161312829, 16.208816758555116 ], [ -90.403549615531119, 16.208761765424128 ], [ -90.4035124611529, 16.208668528131227 ], [ -90.403259995172576, 16.208508417069499 ], [ -90.403230273076602, 16.208434306592434 ], [ -90.403123830824313, 16.208341093695054 ], [ -90.40301739872892, 16.208269400315316 ], [ -90.402943169899885, 16.208295726054608 ], [ -90.402896145322885, 16.208276614525467 ], [ -90.402893646800536, 16.208209666733815 ], [ -90.402829293941494, 16.208173824389579 ], [ -90.402814415155788, 16.20808536221266 ], [ -90.402742632184314, 16.20803039205644 ], [ -90.402740129749446, 16.207956273179835 ], [ -90.402539646783268, 16.207841572366139 ], [ -90.402524767215041, 16.207753111070407 ], [ -90.402393601873996, 16.207717290351223 ], [ -90.402143607605964, 16.207547612833789 ], [ -90.401992637749515, 16.207490279445857 ], [ -90.401928280220687, 16.207440090146342 ], [ -90.401696699159061, 16.207318913518201 ], [ -90.401646199302789, 16.207268718794722 ], [ -90.401610545804871, 16.207212781597825 ], [ -90.401555593996406, 16.207166893404374 ], [ -90.401384808328729, 16.207055050552231 ], [ -90.401338739411088, 16.206935995012312 ], [ -90.401065499735239, 16.206805536679219 ], [ -90.401049125444317, 16.20668646959297 ], [ -90.400374926653541, 16.206326607169739 ], [ -90.400115055377171, 16.206206184718546 ], [ -90.399888778903772, 16.206059024064555 ], [ -90.399751895711219, 16.20596999979805 ], [ -90.399563795239047, 16.205869638754507 ], [ -90.399380689958619, 16.205907953646829 ], [ -90.399326259618903, 16.205936664609325 ], [ -90.399261909738598, 16.20590321094301 ], [ -90.399222281730559, 16.205802801537825 ], [ -90.399044101131949, 16.205764602844603 ], [ -90.398791672536163, 16.205697735843472 ], [ -90.398583789540808, 16.205635635883162 ], [ -90.398390558736011, 16.205494107686111 ], [ -90.39826514945787, 16.205494763518548 ], [ -90.39825272378522, 16.205519246258561 ], [ -90.39800221445455, 16.205635886240312 ], [ -90.397992956055248, 16.205698653607733 ], [ -90.397949661565832, 16.205731542600901 ], [ -90.397859950082974, 16.205704672565506 ], [ -90.397655835295311, 16.20580934316369 ], [ -90.397603265063879, 16.205851201862156 ], [ -90.397556899181623, 16.205949844685644 ], [ -90.397482675245996, 16.205988722887827 ], [ -90.397402256749245, 16.20600070245386 ], [ -90.397216670423688, 16.206018692302216 ], [ -90.396953751465858, 16.206030729755941 ], [ -90.39670629292786, 16.206021840522755 ], [ -90.396570180758232, 16.205989006428787 ], [ -90.396415507854087, 16.205947210647388 ], [ -90.396276295179788, 16.205890467336335 ], [ -90.39618346309895, 16.20577991198039 ], [ -90.396059733382671, 16.205773973805282 ], [ -90.395939092486401, 16.205759065537986 ], [ -90.395889522113137, 16.205516992436621 ], [ -90.395679146928401, 16.20540049522134 ], [ -90.395654356246311, 16.205260030557962 ], [ -90.395614149390781, 16.205274987466918 ], [ -90.395558461149875, 16.205242128048976 ], [ -90.395552249678857, 16.20516442262273 ], [ -90.395035605524981, 16.204910534662108 ], [ -90.395038633740981, 16.204710287298212 ], [ -90.394546070905477, 16.204729447992882 ], [ -90.394643086486752, 16.204773413791234 ], [ -90.394649056081477, 16.204869052249645 ], [ -90.395132181712611, 16.205159653121491 ], [ -90.395144159663047, 16.205471436532388 ] ], [ [ -90.38199247892986, 16.2047165787497 ], [ -90.382259728841248, 16.204709340812794 ], [ -90.382583892644035, 16.204706872838123 ], [ -90.382774428534944, 16.204690089762916 ], [ -90.383152920178262, 16.204710773862082 ], [ -90.3830953865683, 16.204609915082141 ], [ -90.383048348594059, 16.204531025411544 ], [ -90.382979044311952, 16.204464093041835 ], [ -90.382889951594294, 16.20442825002651 ], [ -90.382803322959077, 16.204354150529632 ], [ -90.382753080541576, 16.204281368994064 ], [ -90.382738961229379, 16.204260916307767 ], [ -90.382679548868921, 16.204167681183293 ], [ -90.382647363217828, 16.204105522497979 ], [ -90.382617640322124, 16.203993153155498 ], [ -90.382617614389602, 16.203891534236934 ], [ -90.382617604512575, 16.203854474920437 ], [ -90.382615086241358, 16.203687105573454 ], [ -90.38261753013073, 16.203567555799555 ], [ -90.382590301708035, 16.203531697111703 ], [ -90.382483890632656, 16.203507812122691 ], [ -90.382426970150348, 16.203486307168593 ], [ -90.38238737541765, 16.203474361779449 ], [ -90.382337886664459, 16.203481547038518 ], [ -90.382312142917215, 16.203466008399545 ], [ -90.382278488380365, 16.20344569580314 ], [ -90.38222650723236, 16.203381150788303 ], [ -90.382184405551882, 16.20324487423559 ], [ -90.382184424971356, 16.20324367665625 ], [ -90.382188335516673, 16.20300968327339 ], [ -90.382189279232364, 16.202953171099971 ], [ -90.382176841903302, 16.202694945691441 ], [ -90.382199095817313, 16.202632774628118 ], [ -90.38223373064848, 16.202599292030413 ], [ -90.382236616688914, 16.202590920440802 ], [ -90.382248566584408, 16.202556250274057 ], [ -90.38226587851868, 16.20251799121052 ], [ -90.382335155411837, 16.202479717539997 ], [ -90.382369789739286, 16.202443845161728 ], [ -90.38238215053326, 16.202400804736598 ], [ -90.382394503555176, 16.20232668028741 ], [ -90.382406866661611, 16.202286029618971 ], [ -90.382461297051975, 16.202250151908896 ], [ -90.382464608928728, 16.202198742321993 ], [ -90.382466227093701, 16.20217363901418 ], [ -90.382473627603588, 16.202087561224563 ], [ -90.382466185420171, 16.202013442089651 ], [ -90.382466900613068, 16.201987265421874 ], [ -90.382390293031023, 16.201987796075258 ], [ -90.382239826220029, 16.201920885407269 ], [ -90.382154679891016, 16.201829090141221 ], [ -90.38208931895845, 16.201697122824218 ], [ -90.382091179951061, 16.201230398965421 ], [ -90.382103038459533, 16.201155797022423 ], [ -90.382158448315892, 16.201083098318147 ], [ -90.382225735375584, 16.201006569372563 ], [ -90.382253420925608, 16.200895620057352 ], [ -90.382362276384484, 16.200809518908038 ], [ -90.382479054175633, 16.200736804364389 ], [ -90.382488917797815, 16.200602904749879 ], [ -90.382564653050352, 16.200373190017906 ], [ -90.382575952411671, 16.200338918963034 ], [ -90.382777835396624, 16.200203060956976 ], [ -90.383088583739479, 16.200021269769678 ], [ -90.38315985450501, 16.200042294362781 ], [ -90.383225170253681, 16.200000195862014 ], [ -90.383278595228703, 16.199910280286165 ], [ -90.383587358670979, 16.19970936197393 ], [ -90.383605165484767, 16.199674927214275 ], [ -90.383646728249374, 16.199644312441404 ], [ -90.383777379362826, 16.199642367452991 ], [ -90.3839297809225, 16.199537126032958 ], [ -90.38398916882872, 16.199542849949211 ], [ -90.384117841505855, 16.199540904575048 ], [ -90.384216824874514, 16.199556182833238 ], [ -90.384268288568578, 16.199537042181671 ], [ -90.384353413042561, 16.199542759220069 ], [ -90.384737398402962, 16.199343732107607 ], [ -90.385150140587328, 16.1993455408739 ], [ -90.385164712329029, 16.199254813856353 ], [ -90.38516854243619, 16.198778526427454 ], [ -90.385287298664153, 16.198711548971925 ], [ -90.385309141292993, 16.198618892544122 ], [ -90.385316217119311, 16.198588882478539 ], [ -90.385338458946649, 16.198488455027711 ], [ -90.385475745731668, 16.198319854935235 ], [ -90.38556107326994, 16.198165614141036 ], [ -90.385791120905978, 16.197885808021674 ], [ -90.385807982131396, 16.197855140678172 ], [ -90.385946933698946, 16.197602435032032 ], [ -90.386106504048527, 16.197487625980333 ], [ -90.386154716777867, 16.197344153302094 ], [ -90.386150976892026, 16.197240146177208 ], [ -90.386225169155239, 16.197093080157316 ], [ -90.386273400464631, 16.197021338182658 ], [ -90.386254819510711, 16.196938853541532 ], [ -90.386176857282038, 16.196877903690414 ], [ -90.386165656348112, 16.196637611231711 ], [ -90.386216718640043, 16.196617037292672 ], [ -90.386126103742527, 16.196479216999133 ], [ -90.386123618861532, 16.196440961447824 ], [ -90.386111071748189, 16.195804958862745 ], [ -90.386120802040992, 16.195197642573223 ], [ -90.386115828380667, 16.195106786576758 ], [ -90.386311278255533, 16.194999141423274 ], [ -90.386383012028901, 16.194913046302176 ], [ -90.386410213318129, 16.194853265335055 ], [ -90.386412331171513, 16.194849714365919 ], [ -90.386447313175509, 16.194791089949625 ], [ -90.386504216862932, 16.194764773328622 ], [ -90.386632884249323, 16.194755176287654 ], [ -90.386731855656421, 16.194738413051986 ], [ -90.386895143210879, 16.194649903541489 ], [ -90.386947094755243, 16.194614025128669 ], [ -90.387615180052563, 16.194587548776919 ], [ -90.388053139166516, 16.194546784255294 ], [ -90.388216448484982, 16.194539568040693 ], [ -90.388270872666027, 16.194494124333588 ], [ -90.388293122572108, 16.194422389008079 ], [ -90.388293377049109, 16.194412317624813 ], [ -90.388305354433669, 16.193937012116674 ], [ -90.388302870736368, 16.193905931282188 ], [ -90.388317715386748, 16.193898753532281 ], [ -90.3883078878943, 16.192381666628044 ], [ -90.388283119225392, 16.192295597850709 ], [ -90.388290469222355, 16.192039758192621 ], [ -90.388436441654875, 16.191987116398113 ], [ -90.388480991034655, 16.192020578332482 ], [ -90.388503256059749, 16.192006227044185 ], [ -90.388515608643814, 16.191939275949075 ], [ -90.388589829643323, 16.191900999150072 ], [ -90.388602171975919, 16.191800575132078 ], [ -90.388656595843813, 16.19175752287746 ], [ -90.388658909522675, 16.191202809576563 ], [ -90.388733127690216, 16.191157360729147 ], [ -90.388738009151069, 16.190920650469909 ], [ -90.388777589935174, 16.190891947955439 ], [ -90.388804784225812, 16.190810647054736 ], [ -90.388881481429792, 16.190784325667149 ], [ -90.38887824208409, 16.190702792832198 ], [ -90.38889133372551, 16.189776038963267 ], [ -90.389162970198171, 16.189613855947577 ], [ -90.389167155078766, 16.189063969114176 ], [ -90.389312021704569, 16.188980535798589 ], [ -90.38930457823308, 16.188911677165311 ], [ -90.389362456279528, 16.188838496904477 ], [ -90.389414483227014, 16.188782931292629 ], [ -90.389322251405375, 16.188824835186139 ], [ -90.389256930031593, 16.188830591199615 ], [ -90.389150038696528, 16.188826794505001 ], [ -90.389055016263356, 16.188805780316681 ], [ -90.388999783700797, 16.188762743030686 ], [ -90.389021960551432, 16.188789962086371 ], [ -90.389021993084285, 16.188900792234822 ], [ -90.389022041258841, 16.189067317194421 ], [ -90.38895524567566, 16.189103201046805 ], [ -90.388955267963368, 16.189182103837741 ], [ -90.388861278958316, 16.189306460587737 ], [ -90.388856376917431, 16.18946665876415 ], [ -90.388720312177099, 16.189550381078924 ], [ -90.388705677989947, 16.189581514424781 ], [ -90.388658490267574, 16.189681902152802 ], [ -90.38865561299643, 16.189842268589015 ], [ -90.388653684832065, 16.189949741730143 ], [ -90.38864875100883, 16.190224661034517 ], [ -90.388646341236807, 16.190447024999642 ], [ -90.388646397777848, 16.19064308752143 ], [ -90.388584548698873, 16.190678969319652 ], [ -90.388579624382288, 16.19076504601826 ], [ -90.38852272370174, 16.190798535207104 ], [ -90.388520292195594, 16.190944387046109 ], [ -90.388520248207911, 16.190944433119025 ], [ -90.388455976770416, 16.191011351569774 ], [ -90.388413953208058, 16.191152432938306 ], [ -90.388374429115174, 16.191379586747097 ], [ -90.388344781116857, 16.191537402010294 ], [ -90.388315105377785, 16.191594793093493 ], [ -90.3883071161695, 16.191611933890012 ], [ -90.388235974597364, 16.191764574526875 ], [ -90.388159304431454, 16.191886536711504 ], [ -90.388062845765234, 16.192034803830211 ], [ -90.387946572050993, 16.192113738438586 ], [ -90.387840178070618, 16.192130503759874 ], [ -90.387726352829105, 16.192113796713475 ], [ -90.38760509109234, 16.192056445293211 ], [ -90.387468980765078, 16.191987141665003 ], [ -90.387365033729694, 16.191908267026403 ], [ -90.387273465726921, 16.191848516076689 ], [ -90.387196744449398, 16.191795933206105 ], [ -90.387120011624987, 16.191697923167709 ], [ -90.387115048059968, 16.19164293164653 ], [ -90.387109039009985, 16.191590797520561 ], [ -90.387100165048167, 16.191513821563785 ], [ -90.387075407990096, 16.191466006887829 ], [ -90.387001185845605, 16.191499500926639 ], [ -90.386966512392391, 16.191387133944204 ], [ -90.386917019772099, 16.191365627807105 ], [ -90.386907066971389, 16.191169569083357 ], [ -90.386847670506157, 16.191128936869301 ], [ -90.386830286228431, 16.19089701422206 ], [ -90.386647153200499, 16.190794250084306 ], [ -90.386543664564485, 16.190633422957312 ], [ -90.386431790601065, 16.190459565118129 ], [ -90.386265947487601, 16.19023724594415 ], [ -90.386261726026476, 16.190224541079587 ], [ -90.38622384869177, 16.190110533585688 ], [ -90.386117396667785, 16.189912108413438 ], [ -90.386043130757358, 16.189783013431001 ], [ -90.385968847386565, 16.189596535237719 ], [ -90.38595150389682, 16.189505682499917 ], [ -90.385889634178568, 16.189469832729817 ], [ -90.385874767718391, 16.18939332439647 ], [ -90.385805474554644, 16.189350303143968 ], [ -90.385802976159226, 16.189264228846096 ], [ -90.385733683550072, 16.189223600042411 ], [ -90.385718815738116, 16.189144700127876 ], [ -90.38566684255936, 16.18910167638656 ], [ -90.385654450209941, 16.18902516755826 ], [ -90.385597529574937, 16.188984534515594 ], [ -90.385590084266596, 16.188903242495922 ], [ -90.385458919436687, 16.188812418834551 ], [ -90.385436634693065, 16.188757430586548 ], [ -90.385471311430962, 16.188686662998744 ], [ -90.385434189520979, 16.18865558876961 ], [ -90.385379757120205, 16.188669949522865 ], [ -90.385389669550946, 16.188727330812814 ], [ -90.385330296435967, 16.188751731488995 ], [ -90.385290707801403, 16.188768002811557 ], [ -90.385261004550216, 16.188729754233513 ], [ -90.385216476899089, 16.188749919344279 ], [ -90.385065556412727, 16.188818270491769 ], [ -90.385035850765775, 16.188768065847587 ], [ -90.384803288387971, 16.188863764521141 ], [ -90.384778542750169, 16.188854207438702 ], [ -90.384664735926989, 16.188899665987563 ], [ -90.384647399868072, 16.188847067391311 ], [ -90.38458059785934, 16.188863821836073 ], [ -90.384397516404789, 16.188937987548023 ], [ -90.384385139783788, 16.188918862735729 ], [ -90.38413031382278, 16.189038475996124 ], [ -90.384078339593614, 16.188988278970967 ], [ -90.383741870504124, 16.189146166565543 ], [ -90.383722066298674, 16.189107916859719 ], [ -90.383661515132772, 16.189118170379068 ], [ -90.383524126730038, 16.18914143782111 ], [ -90.38282888777303, 16.189340060395494 ], [ -90.382727424452384, 16.18928030926735 ], [ -90.382734742751154, 16.188871448260489 ], [ -90.382682773064445, 16.188837985548236 ], [ -90.382667879774573, 16.188658664856717 ], [ -90.382660400242131, 16.188436303639783 ], [ -90.382581217179762, 16.188419585843857 ], [ -90.382578671017825, 16.188139840551436 ], [ -90.382447516326764, 16.188082487960379 ], [ -90.382442521109041, 16.187903163674203 ], [ -90.382363320423721, 16.187817106576237 ], [ -90.382363241003617, 16.187815385615419 ], [ -90.382350880924008, 16.187549318155952 ], [ -90.382298908895777, 16.187506293592637 ], [ -90.382291445799311, 16.187348488428754 ], [ -90.382207310209395, 16.187315034909439 ], [ -90.382199799284606, 16.186968341900176 ], [ -90.382130510928747, 16.186942057720906 ], [ -90.382128019633825, 16.186875110499066 ], [ -90.382127988632917, 16.186755560978717 ], [ -90.382076022823966, 16.186729271919457 ], [ -90.382066079097029, 16.186549949379465 ], [ -90.382009159007922, 16.186504534046442 ], [ -90.381991824343004, 16.186449545467244 ], [ -90.381922528522367, 16.186387395821669 ], [ -90.381922489932677, 16.186236763130861 ], [ -90.381850724728736, 16.186198524161451 ], [ -90.381853086739, 16.185756190111452 ], [ -90.381853187751219, 16.185661849739923 ], [ -90.381831249724925, 16.185015328528909 ], [ -90.381823280684358, 16.18481257401033 ], [ -90.380386216577691, 16.184822472280214 ], [ -90.380385836341034, 16.184714564045866 ], [ -90.380381959670672, 16.183609760934552 ], [ -90.38035028868417, 16.183609768431175 ], [ -90.380217662939415, 16.183590670606758 ], [ -90.379534767559065, 16.183606128458262 ], [ -90.378841969789406, 16.183598631707159 ], [ -90.378329300610716, 16.183596832397559 ], [ -90.377832463243095, 16.18358355129115 ], [ -90.377828480105947, 16.183476435457337 ], [ -90.37776116840854, 16.183426717051315 ], [ -90.377757123476641, 16.183061373187456 ], [ -90.37732628555338, 16.183046627537841 ], [ -90.377327759122011, 16.18307923995269 ], [ -90.377328772284642, 16.183101619693577 ], [ -90.377332091771692, 16.183159125013159 ], [ -90.377341192360305, 16.183316805697707 ], [ -90.377276876761044, 16.183378985550689 ], [ -90.377271948141981, 16.18346745358447 ], [ -90.377328864302797, 16.183500915050715 ], [ -90.377326398156981, 16.18353677993143 ], [ -90.377324918960994, 16.183605666385592 ], [ -90.377319054227684, 16.183878694120793 ], [ -90.37718791782811, 16.183883504628792 ], [ -90.37716074606395, 16.184079572273195 ], [ -90.377161952338781, 16.18412693796196 ], [ -90.377168236686344, 16.184373662726216 ], [ -90.377032152622235, 16.184376083229406 ], [ -90.376962871632088, 16.184373706734487 ], [ -90.376901010128691, 16.184356983290918 ], [ -90.376878748013837, 16.184383288508528 ], [ -90.376878834409922, 16.184763002954039 ], [ -90.376878903125871, 16.185067113622374 ], [ -90.376841790388838, 16.185074294862449 ], [ -90.376841806322005, 16.185143634089314 ], [ -90.376755222777817, 16.185212990041983 ], [ -90.376755661892133, 16.185277094454559 ], [ -90.376757780502871, 16.185585984912347 ], [ -90.376693469939227, 16.18567924863482 ], [ -90.376624949146361, 16.185754818073427 ], [ -90.376649699728304, 16.185788286365796 ], [ -90.376648185776915, 16.185810308524207 ], [ -90.376647234362679, 16.185824153038133 ], [ -90.37656064171027, 16.185862425742197 ], [ -90.376555705061307, 16.185915030149392 ], [ -90.376753679147328, 16.186044101643009 ], [ -90.376752790193933, 16.186129133763092 ], [ -90.376748835288709, 16.186507955517932 ], [ -90.37679090694418, 16.186543811839176 ], [ -90.376855229479077, 16.18650554242199 ], [ -90.376902241385238, 16.186505531673955 ], [ -90.376902278344645, 16.186666231338926 ], [ -90.376902284766118, 16.186696616731339 ], [ -90.376902318379635, 16.186840076493365 ], [ -90.376902341521543, 16.186943084762031 ], [ -90.377050818354107, 16.187024347478566 ], [ -90.377043432492599, 16.187182154163768 ], [ -90.377186958563314, 16.187256244641688 ], [ -90.377194391050111, 16.187292107992636 ], [ -90.377192078049092, 16.187999843564846 ], [ -90.377325712119671, 16.18808828125794 ], [ -90.377323311464835, 16.1884086758491 ], [ -90.37750259973707, 16.1885068280497 ], [ -90.377511885606225, 16.188896956306522 ], [ -90.377553955778893, 16.18892563957656 ], [ -90.37754904462949, 16.189085837438071 ], [ -90.377628234696104, 16.189128858027118 ], [ -90.377638189254171, 16.189379910569091 ], [ -90.377781721934099, 16.189465954868218 ], [ -90.377788604006767, 16.189976988723853 ], [ -90.377940063236508, 16.190101288991613 ], [ -90.377945053680349, 16.190277265486223 ], [ -90.378111345894112, 16.190347045321815 ], [ -90.378242963025329, 16.190263810840669 ], [ -90.378380545584946, 16.190302992512681 ], [ -90.378549770495738, 16.190207315356286 ], [ -90.378607182314312, 16.190239819586559 ], [ -90.378654683241663, 16.190213985952965 ], [ -90.378720996365018, 16.190212058828916 ], [ -90.378733744190725, 16.190233695052115 ], [ -90.37874579912544, 16.190982552662419 ], [ -90.378744335222848, 16.191071498066922 ], [ -90.378789859396335, 16.191198211108137 ], [ -90.378790512277234, 16.191198210576456 ], [ -90.378807837482952, 16.191217334912938 ], [ -90.378817740915238, 16.191243633335731 ], [ -90.37882765291728, 16.191303406474006 ], [ -90.378810456200824, 16.191824648057064 ], [ -90.378822038762067, 16.192313565630563 ], [ -90.378830450774316, 16.192668665701785 ], [ -90.378884902710013, 16.192726037390774 ], [ -90.378912180964917, 16.192981867435307 ], [ -90.378969102707373, 16.19302489381846 ], [ -90.37898414433333, 16.193847393477014 ], [ -90.378989147741834, 16.193933149266073 ], [ -90.378995505100022, 16.19465343562522 ], [ -90.379014928210353, 16.194662573678066 ], [ -90.379116147040364, 16.194710195952045 ], [ -90.380195603651799, 16.194683051800371 ], [ -90.380198736101164, 16.194844443637912 ], [ -90.38029464028169, 16.194928107585955 ], [ -90.380291637644888, 16.195292734829241 ], [ -90.380455593257295, 16.195397304919723 ], [ -90.380461859675634, 16.195726063867266 ], [ -90.380567041136871, 16.195794781548013 ], [ -90.380746428580537, 16.195761863994726 ], [ -90.381324825902524, 16.195761729418816 ], [ -90.381999107052962, 16.195755592577857 ], [ -90.382892993325527, 16.195755378255029 ], [ -90.383523972861767, 16.195749247969207 ], [ -90.38365140884774, 16.195767249079331 ], [ -90.383655404845427, 16.195842165328031 ], [ -90.383656645982001, 16.195928535365148 ], [ -90.383658221433862, 16.196038189464456 ], [ -90.3836652179466, 16.196525191615038 ], [ -90.383657804112119, 16.196558667680279 ], [ -90.383655517911677, 16.196625896018929 ], [ -90.383667903305252, 16.196625956123839 ], [ -90.383703417890132, 16.196626129209236 ], [ -90.383723083169301, 16.198389198801266 ], [ -90.383717014559622, 16.198497379950076 ], [ -90.383719464949877, 16.198834809919365 ], [ -90.383345250310711, 16.199020204300961 ], [ -90.383237034898357, 16.19918461248449 ], [ -90.383125684091013, 16.199275557323368 ], [ -90.383057674174736, 16.199331104387394 ], [ -90.382875250891942, 16.199328282472116 ], [ -90.382491328961365, 16.199322342916556 ], [ -90.382484633162548, 16.199355893442277 ], [ -90.382489422573627, 16.199507243515683 ], [ -90.381828335044517, 16.199870831516041 ], [ -90.381824403901916, 16.199981775918399 ], [ -90.38175314230962, 16.199999007797501 ], [ -90.381749198665801, 16.200060218292499 ], [ -90.381689825422129, 16.200117616264738 ], [ -90.381688857238885, 16.200180444483312 ], [ -90.381686342000407, 16.200343511513864 ], [ -90.381685930468137, 16.20037010683027 ], [ -90.381618634439221, 16.200408377788431 ], [ -90.381610735880017, 16.200486804261672 ], [ -90.381551359757623, 16.20053463954407 ], [ -90.381541876599513, 16.200672597573806 ], [ -90.381539526093931, 16.200706794021475 ], [ -90.381535298766963, 16.200903041022254 ], [ -90.381531698664858, 16.201070228048927 ], [ -90.381532955893263, 16.201192361269772 ], [ -90.381536157428968, 16.201503182475232 ], [ -90.381537786059511, 16.201661281567254 ], [ -90.381480389827701, 16.201709114310553 ], [ -90.381477999755916, 16.20181420536278 ], [ -90.38147647333156, 16.201881266853011 ], [ -90.381467492867586, 16.201947923783521 ], [ -90.381464618703689, 16.20196925826701 ], [ -90.381475105979732, 16.202039059674039 ], [ -90.381471526368415, 16.202303344593695 ], [ -90.381471219126766, 16.202325980232505 ], [ -90.381489062665366, 16.202433092706958 ], [ -90.381480184909435, 16.202669144073322 ], [ -90.381477263997624, 16.202746795092533 ], [ -90.381431072143513, 16.202780000868913 ], [ -90.381400073246795, 16.20280228315065 ], [ -90.381396121744046, 16.202830976108405 ], [ -90.381473339771119, 16.202886430104606 ], [ -90.381469692035026, 16.203095603224934 ], [ -90.381469437283386, 16.203110228143423 ], [ -90.381402135603366, 16.203131285351361 ], [ -90.38139422551771, 16.203167631636937 ], [ -90.3814377777407, 16.203165708162192 ], [ -90.381493225775884, 16.203240294271126 ], [ -90.381491266525941, 16.203322544568501 ], [ -90.381530868124671, 16.203358878484909 ], [ -90.381604107368389, 16.203333994968602 ], [ -90.381720923002959, 16.203404741335483 ], [ -90.381714662214222, 16.203506797831338 ], [ -90.381711066129398, 16.203565418992426 ], [ -90.381788288508375, 16.20363617400853 ], [ -90.381786589629698, 16.203680398933837 ], [ -90.381780422222946, 16.203840845451424 ], [ -90.381915040430044, 16.203934739957038 ], [ -90.381922980713099, 16.203940277687202 ], [ -90.381926828128584, 16.204169682935039 ], [ -90.381929010613746, 16.204299882515183 ], [ -90.381859736461067, 16.204349631215422 ], [ -90.381861722843311, 16.204380235488571 ], [ -90.381913208886218, 16.20443760742635 ], [ -90.38191165011942, 16.204532490030296 ], [ -90.381909310106266, 16.20467479495289 ], [ -90.381910066740332, 16.204697000950308 ], [ -90.381942984886351, 16.204702244349836 ], [ -90.381960309287834, 16.204714194624156 ], [ -90.38199247892986, 16.2047165787497 ] ], [ [ -90.414312246743307, 16.195755617110535 ], [ -90.414378585340458, 16.195793683879064 ], [ -90.414452448624743, 16.195778615822054 ], [ -90.414451218653113, 16.195669972495519 ], [ -90.414426457265549, 16.195646066728553 ], [ -90.414423972992907, 16.195643667833082 ], [ -90.414407898618109, 16.195628147800615 ], [ -90.414401587405195, 16.195329275105895 ], [ -90.414415090345713, 16.195312373254641 ], [ -90.414449479406215, 16.19526933343721 ], [ -90.414454140107082, 16.195263501909771 ], [ -90.414459240944851, 16.195050282869627 ], [ -90.414543854830569, 16.19502299101125 ], [ -90.414545582703894, 16.194896432889053 ], [ -90.414546734910843, 16.194812104793886 ], [ -90.414479909236121, 16.194771961752139 ], [ -90.414478911126494, 16.194730855471384 ], [ -90.414478748442903, 16.194724175101751 ], [ -90.414472947337941, 16.194485131578855 ], [ -90.414472353630217, 16.194460657076572 ], [ -90.414499107160395, 16.194367442748135 ], [ -90.414502002748961, 16.194357354311979 ], [ -90.414497495760585, 16.194167065504029 ], [ -90.414495955164341, 16.194101998121457 ], [ -90.414530495235738, 16.194066152033283 ], [ -90.414556799396962, 16.194038851178011 ], [ -90.41461765684322, 16.194010135222612 ], [ -90.414617605144954, 16.193886760612305 ], [ -90.414616623214712, 16.193714463308019 ], [ -90.414492768286465, 16.193706905307511 ], [ -90.41440168280171, 16.193643819267944 ], [ -90.414378752650265, 16.193588491217575 ], [ -90.414369978647372, 16.193567319676898 ], [ -90.414358903899256, 16.193521681981998 ], [ -90.414348166228663, 16.193477426398356 ], [ -90.414342217497776, 16.193437880862568 ], [ -90.414328314753206, 16.193345451871942 ], [ -90.414274850439398, 16.193305304203708 ], [ -90.414213474725017, 16.193280461722253 ], [ -90.414173864604834, 16.193230745206982 ], [ -90.414167855020651, 16.193204402982506 ], [ -90.414152048245114, 16.193135113403908 ], [ -90.414035190233975, 16.192976397416746 ], [ -90.414028344545017, 16.192923931069149 ], [ -90.41402797163471, 16.192921074773789 ], [ -90.414020532090831, 16.192864058238779 ], [ -90.413997920750163, 16.192690766980785 ], [ -90.413990535122821, 16.192483425063337 ], [ -90.413829170246899, 16.192501181709623 ], [ -90.413819483157724, 16.192476334747813 ], [ -90.41381462653267, 16.192463879626924 ], [ -90.413738757502628, 16.192269290271462 ], [ -90.413808015850208, 16.192210683332782 ], [ -90.413792492125808, 16.192032835930803 ], [ -90.413751619186726, 16.191921669226268 ], [ -90.413614919528058, 16.191835810985463 ], [ -90.413520292305833, 16.191776377361858 ], [ -90.413242710782853, 16.191602033123036 ], [ -90.412995209181929, 16.191777529770029 ], [ -90.413008279255166, 16.191836729622739 ], [ -90.413040688343813, 16.191854497073152 ], [ -90.413075384787348, 16.19187351818049 ], [ -90.413142491280638, 16.191910304909754 ], [ -90.413143074134908, 16.191984857757529 ], [ -90.41314340892248, 16.192027785930971 ], [ -90.413143656054899, 16.192059408796702 ], [ -90.413210762621617, 16.192096200023375 ], [ -90.413211344568296, 16.192170748350179 ], [ -90.413278448379117, 16.192207539554207 ], [ -90.41327903034896, 16.192282093303227 ], [ -90.413279188070774, 16.19230217857249 ], [ -90.413279615127564, 16.192356641629818 ], [ -90.413346721821469, 16.192393429197782 ], [ -90.413347303816749, 16.192467983849298 ], [ -90.413348766172888, 16.19254641001967 ], [ -90.413349299532385, 16.192620959227227 ], [ -90.41341637918346, 16.192657791050038 ], [ -90.413416911631884, 16.192732342967933 ], [ -90.41341706683599, 16.192753943980357 ], [ -90.413417445015938, 16.192806894885667 ], [ -90.413417979336387, 16.192881444995596 ], [ -90.413418172345928, 16.192908584774315 ], [ -90.413418509913669, 16.192955999622672 ], [ -90.413419043298461, 16.193030551538858 ], [ -90.413419576683538, 16.193105103454506 ], [ -90.413353025564021, 16.193142824450884 ], [ -90.413353557989794, 16.193217374557729 ], [ -90.413354090414259, 16.193291928279436 ], [ -90.413350528535929, 16.193366913272939 ], [ -90.413351112405508, 16.193441465206888 ], [ -90.413351694404227, 16.193516018043372 ], [ -90.413285173987191, 16.193553770663407 ], [ -90.413285755025512, 16.193628324402649 ], [ -90.413286234351645, 16.193689473202244 ], [ -90.413286340743724, 16.193702871816367 ], [ -90.413286864401613, 16.193769600057291 ], [ -90.413286925524503, 16.193777424652232 ], [ -90.413287509370605, 16.193851976583375 ], [ -90.413281051679647, 16.193930929165685 ], [ -90.413281635523674, 16.194005481095743 ], [ -90.413289259975258, 16.194075632373242 ], [ -90.413289842886755, 16.194150185205753 ], [ -90.413290426734704, 16.194224736230424 ], [ -90.413291014324841, 16.194299286352265 ], [ -90.41329159910876, 16.19437383737629 ], [ -90.41334618574551, 16.194403760568797 ], [ -90.413358707420201, 16.194410624937213 ], [ -90.4133592903585, 16.194485176863459 ], [ -90.413419922788066, 16.194535582680846 ], [ -90.41348691229669, 16.194572573517405 ], [ -90.413487252085559, 16.19464712534344 ], [ -90.413523000108583, 16.194666865358286 ], [ -90.413554240708606, 16.194684117062106 ], [ -90.413554579586958, 16.194758669790854 ], [ -90.413554918464627, 16.19483322432675 ], [ -90.413621909033381, 16.194870216928415 ], [ -90.413642964927575, 16.194881843480868 ], [ -90.413688896821824, 16.194907207700137 ], [ -90.413689236686082, 16.194981760427719 ], [ -90.413689577485826, 16.195056313155181 ], [ -90.413756562543085, 16.195093304808005 ], [ -90.413756904303469, 16.195167857535058 ], [ -90.413823894087813, 16.195204849168423 ], [ -90.413824233071622, 16.195279391951313 ], [ -90.413891224776137, 16.195316385371754 ], [ -90.413958197800071, 16.195353374244284 ], [ -90.414025184878923, 16.195390364909077 ], [ -90.414025529546265, 16.195464917635249 ], [ -90.41402586860498, 16.195539462224055 ], [ -90.414092855759577, 16.195576451963401 ], [ -90.414159891579388, 16.19561344079742 ], [ -90.41416023442612, 16.195687994425153 ], [ -90.414245907235895, 16.195717551224753 ], [ -90.414312246743307, 16.195755617110535 ] ], [ [ -90.405009228083188, 16.198591871882403 ], [ -90.405039916062023, 16.198594755294764 ], [ -90.405068257013085, 16.198588120192397 ], [ -90.405094231765958, 16.198612045657939 ], [ -90.405112765719295, 16.198670643718049 ], [ -90.405180809611693, 16.198702958434872 ], [ -90.405246384544995, 16.198724509976145 ], [ -90.405292149143605, 16.198768771657321 ], [ -90.405295843467428, 16.198807036573456 ], [ -90.405304482976604, 16.198853673274485 ], [ -90.405309418256209, 16.198884764040944 ], [ -90.405346523626207, 16.198921847150167 ], [ -90.405394778170972, 16.198935021349971 ], [ -90.405433146531209, 16.198920689923913 ], [ -90.405467810843632, 16.198888420992269 ], [ -90.405461642567474, 16.198847764315389 ], [ -90.405501273689566, 16.198778431004339 ], [ -90.405523544840392, 16.198785614702992 ], [ -90.405563124149978, 16.198825091345686 ], [ -90.405615070229359, 16.198882508420347 ], [ -90.405642267265392, 16.198938718713052 ], [ -90.40564719691514, 16.198981766402053 ], [ -90.405613763889036, 16.199027188625958 ], [ -90.405549411548861, 16.199036725404905 ], [ -90.405506087728838, 16.199064207365101 ], [ -90.405475125729424, 16.199118001150708 ], [ -90.405466438893328, 16.199170608152315 ], [ -90.405510961558164, 16.199224435501989 ], [ -90.405602509324822, 16.199274695477701 ], [ -90.405668072189968, 16.199320161652309 ], [ -90.405723733863411, 16.199371602333255 ], [ -90.405749698575534, 16.199417050914754 ], [ -90.405742259553463, 16.199448136182319 ], [ -90.405728623779808, 16.199498349431288 ], [ -90.405723642975389, 16.199562915921568 ], [ -90.405742177770094, 16.199620318139658 ], [ -90.405803909111739, 16.199638770336083 ], [ -90.405867596795858, 16.199705655780143 ], [ -90.405846789158829, 16.199744387963531 ], [ -90.405808159420815, 16.199788850743047 ], [ -90.405760632243641, 16.199807483175849 ], [ -90.405736852634689, 16.199850518127956 ], [ -90.40574573438019, 16.199909350460885 ], [ -90.40574784820555, 16.199960934590877 ], [ -90.405972223031156, 16.200088846334232 ], [ -90.406005783163195, 16.200494108873478 ], [ -90.406073842821328, 16.200526362752132 ], [ -90.406072642892084, 16.200620808330122 ], [ -90.406146895309277, 16.200666211309755 ], [ -90.406160658208492, 16.201069089763493 ], [ -90.40629555271866, 16.201161095358486 ], [ -90.406295595996241, 16.201273471905296 ], [ -90.406424321783803, 16.201410908140865 ], [ -90.40642808613768, 16.201547193857269 ], [ -90.406376133842159, 16.201578295690908 ], [ -90.406376201327546, 16.201756424964845 ], [ -90.406409611697413, 16.201769564375233 ], [ -90.406412131798703, 16.201890307971006 ], [ -90.406505854236002, 16.201963846064274 ], [ -90.406533991060073, 16.202746887724874 ], [ -90.406252515546527, 16.202746988794551 ], [ -90.40564613337348, 16.202418441311231 ], [ -90.405630038165953, 16.202411623713122 ], [ -90.4056280924693, 16.202466769879322 ], [ -90.405622965549213, 16.202462674101 ], [ -90.405609620738829, 16.202433625915337 ], [ -90.4056087554264, 16.202408182371993 ], [ -90.405607392017004, 16.202395498148245 ], [ -90.405606023664973, 16.202389270971256 ], [ -90.405600094720242, 16.202366310744683 ], [ -90.405596710358751, 16.202355923836137 ], [ -90.405592078301851, 16.202346030109808 ], [ -90.405586268412534, 16.202336778787849 ], [ -90.405572913059174, 16.202318119357699 ], [ -90.405564974493004, 16.202308506107638 ], [ -90.405555812099763, 16.202300051170649 ], [ -90.405545593254956, 16.202292908998682 ], [ -90.40552184062841, 16.202278549944399 ], [ -90.405519035168865, 16.202276919973404 ], [ -90.405509939476374, 16.202272460890892 ], [ -90.405472822377632, 16.202256660586929 ], [ -90.40546714360832, 16.202254454493488 ], [ -90.405456710529663, 16.202251432826795 ], [ -90.405402968580603, 16.202239108521876 ], [ -90.405361065133221, 16.202226941321292 ], [ -90.405356873150254, 16.202225825920774 ], [ -90.405315298904213, 16.202215763906384 ], [ -90.405308856423289, 16.202214435099282 ], [ -90.405292613659739, 16.202213054924833 ], [ -90.405273308639494, 16.202213046320562 ], [ -90.405260073336066, 16.202213947938905 ], [ -90.405247087480561, 16.202216659714995 ], [ -90.405234597446977, 16.202221130199703 ], [ -90.405201921346986, 16.202235465025456 ], [ -90.405196607935451, 16.202237994317304 ], [ -90.405183405093027, 16.20224479074372 ], [ -90.405143166009196, 16.202255571893531 ], [ -90.405137999253924, 16.202256567429082 ], [ -90.405124494778548, 16.202242738941049 ], [ -90.405116620175505, 16.202235557110207 ], [ -90.405109316237969, 16.20223019767986 ], [ -90.405081111281177, 16.202211531587732 ], [ -90.405078510695603, 16.202209871875628 ], [ -90.405062180413054, 16.202199820182013 ], [ -90.405047530004865, 16.202192471366175 ], [ -90.405031837704087, 16.202187739426734 ], [ -90.40499768646805, 16.202180549462668 ], [ -90.404983379462706, 16.202178640559598 ], [ -90.404968947686157, 16.202178881678108 ], [ -90.404937762507444, 16.202181737429623 ], [ -90.404925163949969, 16.202183729248016 ], [ -90.404912943358653, 16.202187382758542 ], [ -90.404901318874451, 16.202192632745025 ], [ -90.404890497997613, 16.20219938549376 ], [ -90.404878867731028, 16.202207805905704 ], [ -90.404856280540457, 16.202219109187734 ], [ -90.404845532467021, 16.202221464307531 ], [ -90.404823076045162, 16.202221454251259 ], [ -90.404785438907609, 16.202213481772176 ], [ -90.404780866088714, 16.202212631015442 ], [ -90.404751826502249, 16.202208180136498 ], [ -90.404737238357995, 16.20220706729468 ], [ -90.404730573441924, 16.202207293882825 ], [ -90.404709783235418, 16.202208719863023 ], [ -90.40469392385792, 16.202211142167435 ], [ -90.404678687513368, 16.202216166231292 ], [ -90.404628187403063, 16.202237665864967 ], [ -90.404619171653266, 16.202242081607171 ], [ -90.404609814669342, 16.202248044573718 ], [ -90.404579568824317, 16.202269942842282 ], [ -90.404563213057187, 16.202277911001524 ], [ -90.404555768108693, 16.202268199488589 ], [ -90.404548999981046, 16.20225935687176 ], [ -90.404541574604579, 16.202251741377211 ], [ -90.404514655933056, 16.202227153813688 ], [ -90.404474516156597, 16.202190919720053 ], [ -90.40444056134352, 16.202150781993911 ], [ -90.404429963261947, 16.202092256154735 ], [ -90.404425892079857, 16.202077411280275 ], [ -90.404419324021475, 16.202063489878391 ], [ -90.404410455542205, 16.202050908348401 ], [ -90.40439069135455, 16.202027391424586 ], [ -90.404378695672776, 16.202015693924164 ], [ -90.404367902807067, 16.202008133850303 ], [ -90.404336908529714, 16.201989526057879 ], [ -90.404307156035358, 16.20195633080619 ], [ -90.404273987819494, 16.201920395369729 ], [ -90.404242031327712, 16.201874031038255 ], [ -90.404235861465651, 16.201866067215509 ], [ -90.404224791413313, 16.20185529204252 ], [ -90.404201384588532, 16.201836049536929 ], [ -90.404178205143111, 16.201808913876825 ], [ -90.404166451620583, 16.201797501183819 ], [ -90.404160696257748, 16.201793188164654 ], [ -90.404119130242805, 16.201764472423744 ], [ -90.404112018608046, 16.201760015080435 ], [ -90.404056335834866, 16.201728486527067 ], [ -90.404028431438689, 16.201707631324904 ], [ -90.404015909861428, 16.201699738206301 ], [ -90.404002315667043, 16.201693882516963 ], [ -90.403987977811354, 16.20169020595436 ], [ -90.403955066377151, 16.201684410107905 ], [ -90.403938578610862, 16.201682986335008 ], [ -90.403933389830584, 16.201683123181251 ], [ -90.403906659827484, 16.201684546398091 ], [ -90.403900245458402, 16.201685102072158 ], [ -90.403882949686576, 16.201687153203078 ], [ -90.403875110621854, 16.201674332270393 ], [ -90.403866524968308, 16.201662532442654 ], [ -90.403856179642219, 16.201652240523021 ], [ -90.403844335535751, 16.201643716056843 ], [ -90.403792377665397, 16.201612125850705 ], [ -90.403788492123795, 16.201609895216656 ], [ -90.403711685871812, 16.201569092625721 ], [ -90.403587658921992, 16.201504050136446 ], [ -90.403524715847212, 16.201472151189993 ], [ -90.403513307174109, 16.201467277916173 ], [ -90.403505927908327, 16.2014650086332 ], [ -90.403461009772627, 16.201453149707554 ], [ -90.403389748871234, 16.201427459954363 ], [ -90.403302406075085, 16.201394880101741 ], [ -90.403242322906564, 16.201350888059462 ], [ -90.403239173531219, 16.201348679442756 ], [ -90.403147135252453, 16.201286939436585 ], [ -90.403140599648182, 16.201282931532884 ], [ -90.403132029643984, 16.201278697644984 ], [ -90.403019196642774, 16.201229861298813 ], [ -90.403012400329288, 16.201227225304784 ], [ -90.402961398207296, 16.201210004616211 ], [ -90.402934145327563, 16.201190479119763 ], [ -90.402898393589737, 16.201162815156327 ], [ -90.402887768982112, 16.201155700678324 ], [ -90.402832323406926, 16.201123814894945 ], [ -90.402817031049608, 16.201116856451627 ], [ -90.40280420274992, 16.201113316561802 ], [ -90.402749626276702, 16.201102252969079 ], [ -90.402703385534352, 16.201082906752639 ], [ -90.402698252058869, 16.201080930410868 ], [ -90.40269583910991, 16.201080116751903 ], [ -90.402658933822096, 16.201068211614132 ], [ -90.402641659901022, 16.201054410164499 ], [ -90.402607694593343, 16.201021559819598 ], [ -90.402595235901245, 16.201011453611873 ], [ -90.402581244935917, 16.201003604578009 ], [ -90.402566126316316, 16.200998239712213 ], [ -90.402511570222629, 16.200983866197355 ], [ -90.402495934094574, 16.200981099433186 ], [ -90.402480055976085, 16.200980929616946 ], [ -90.402434048298474, 16.200984221082887 ], [ -90.402444372594005, 16.200974255537979 ], [ -90.402453515628892, 16.200964061493476 ], [ -90.402460978145783, 16.200952580009602 ], [ -90.402466581787934, 16.200940085497809 ], [ -90.402470192626353, 16.200926876581267 ], [ -90.402471724360751, 16.200913268957667 ], [ -90.402471140382133, 16.200899587853936 ], [ -90.402466702679618, 16.200863714124292 ], [ -90.402463724120054, 16.200849487958429 ], [ -90.40245845857487, 16.200835940647028 ], [ -90.402451047895866, 16.200823437149559 ], [ -90.402431757352574, 16.20079616660291 ], [ -90.402426216680908, 16.200789104146981 ], [ -90.402421942271204, 16.200784506146391 ], [ -90.4023839415201, 16.200746338415872 ], [ -90.402365224312391, 16.200726842977964 ], [ -90.402358570125699, 16.200720569063026 ], [ -90.402336928343658, 16.200702099947669 ], [ -90.402326858296703, 16.200691548384068 ], [ -90.402298532286807, 16.200651846744531 ], [ -90.402222727843707, 16.200678881056664 ], [ -90.402145376397769, 16.200728319072368 ], [ -90.402151757603406, 16.200764612182645 ], [ -90.402176590404963, 16.200799418831217 ], [ -90.402181918878156, 16.200806182927984 ], [ -90.402184839501103, 16.200809392008523 ], [ -90.402202649766821, 16.200828053702189 ], [ -90.402209492806819, 16.200834524746458 ], [ -90.402231237442621, 16.200853081594591 ], [ -90.402247949239126, 16.200870477399889 ], [ -90.402269143449971, 16.200891774440795 ], [ -90.402255436529529, 16.200909731098925 ], [ -90.402247949001648, 16.200921244620364 ], [ -90.402242334348884, 16.200933778571216 ], [ -90.402238727976425, 16.200947030677742 ], [ -90.402237216856989, 16.200960681346871 ], [ -90.402235749208103, 16.201008139622406 ], [ -90.402232836355509, 16.201055599040576 ], [ -90.40223303081541, 16.201068838152413 ], [ -90.402235217444328, 16.201081896887075 ], [ -90.402239346335207, 16.201094477195376 ], [ -90.402248245474468, 16.201116004484827 ], [ -90.402255066136135, 16.201129123458717 ], [ -90.402263886198142, 16.201140990868186 ], [ -90.402274481193572, 16.201151304692566 ], [ -90.402286581484162, 16.201159802449279 ], [ -90.402299879122509, 16.20116626787393 ], [ -90.402314035689201, 16.201170536424129 ], [ -90.402333337552392, 16.201174849392171 ], [ -90.402338127305086, 16.201175793396917 ], [ -90.402345501573762, 16.201176762992883 ], [ -90.402376684741199, 16.201179647018407 ], [ -90.402390312311212, 16.20117994410597 ], [ -90.402403845994812, 16.201178319811181 ], [ -90.402417016243987, 16.201174806484829 ], [ -90.402446696111767, 16.20116457957765 ], [ -90.40247785279422, 16.201162350540422 ], [ -90.40249292117845, 16.201166320802763 ], [ -90.402512451606157, 16.201185210123764 ], [ -90.402518742294902, 16.201190761697006 ], [ -90.402553158303689, 16.201218262419921 ], [ -90.402562481461743, 16.201224817211894 ], [ -90.402572525759027, 16.201230202252866 ], [ -90.402583145166247, 16.201234339252281 ], [ -90.402632759713555, 16.201250344631728 ], [ -90.402683981443928, 16.20127177469303 ], [ -90.402689114924215, 16.201273751035153 ], [ -90.402701943232159, 16.201277290931902 ], [ -90.402750541222161, 16.20128714246032 ], [ -90.402786513393252, 16.201307831598353 ], [ -90.402818566072085, 16.201332632324203 ], [ -90.402821320777221, 16.201334684401953 ], [ -90.402861401086383, 16.201363399717383 ], [ -90.402870306206324, 16.201369050090147 ], [ -90.402885671590482, 16.201375919082558 ], [ -90.402946349877951, 16.201396407078899 ], [ -90.403047601313091, 16.201440230894018 ], [ -90.403130884271675, 16.201496098304226 ], [ -90.403199924535656, 16.20154665002541 ], [ -90.403209610463804, 16.201552865641002 ], [ -90.403222732220684, 16.201558931879116 ], [ -90.403323363882976, 16.201596465442417 ], [ -90.403399909903214, 16.201624061111911 ], [ -90.403407621186076, 16.201626448952794 ], [ -90.403446822873349, 16.201636798587614 ], [ -90.403499591247922, 16.2016635365169 ], [ -90.403622006965577, 16.201727739560631 ], [ -90.403695082879551, 16.201766548424846 ], [ -90.403725465369519, 16.201785020457304 ], [ -90.40373193979984, 16.20179563811363 ], [ -90.403739466872409, 16.20180618479214 ], [ -90.403748406126056, 16.201815564503935 ], [ -90.403758578867183, 16.201823589750784 ], [ -90.40379103059108, 16.201845728695069 ], [ -90.403801167220109, 16.201851746635267 ], [ -90.403811970273537, 16.201856464779926 ], [ -90.403823273889614, 16.201859810690287 ], [ -90.403854455101452, 16.201866998595317 ], [ -90.403871011612964, 16.201869329010588 ], [ -90.403887722095661, 16.201868773424053 ], [ -90.403920166808575, 16.201864869938809 ], [ -90.403932183394147, 16.201864230027869 ], [ -90.403946628379799, 16.201875026625977 ], [ -90.403956565841497, 16.201881513473886 ], [ -90.404013772007147, 16.201913905006656 ], [ -90.404041933409673, 16.201933361178725 ], [ -90.404062574648734, 16.201957524778074 ], [ -90.40407387374448, 16.201968566696241 ], [ -90.404093583428448, 16.201984769733425 ], [ -90.404121935486856, 16.202025903733162 ], [ -90.404128106284233, 16.20203386846336 ], [ -90.404129986380269, 16.202035968937039 ], [ -90.40416663156671, 16.202075663235714 ], [ -90.4042047673653, 16.202118222475939 ], [ -90.404215323306346, 16.20212826982506 ], [ -90.404226117107683, 16.202135830810853 ], [ -90.404250589728633, 16.202150522947939 ], [ -90.40426050485739, 16.202205280369583 ], [ -90.404264612886919, 16.2022202228985 ], [ -90.404271250129824, 16.202234226543869 ], [ -90.404280215429992, 16.202246866894725 ], [ -90.404334013037001, 16.202310456535233 ], [ -90.404342211608906, 16.202318869573833 ], [ -90.404386539276672, 16.202358883636741 ], [ -90.40440494289696, 16.202375693439119 ], [ -90.404418153609271, 16.202395351622645 ], [ -90.404426492221674, 16.202405950625284 ], [ -90.404436288861106, 16.202415218697887 ], [ -90.404447333600899, 16.202422957240167 ], [ -90.404478508462489, 16.202441623847029 ], [ -90.404490517681694, 16.202447695012019 ], [ -90.404503259789905, 16.202452021565914 ], [ -90.404516482816902, 16.202454517952798 ], [ -90.40456548351122, 16.202460279361887 ], [ -90.404579899633902, 16.202460892056131 ], [ -90.404594246214955, 16.202459350758048 ], [ -90.404608203211268, 16.202455689850868 ], [ -90.404629261904631, 16.202448432411309 ], [ -90.404642330475056, 16.202442760339064 ], [ -90.404675008027539, 16.202425556805458 ], [ -90.404676986004745, 16.202424484832001 ], [ -90.404686342995447, 16.202418520958773 ], [ -90.404713423250243, 16.202398915207553 ], [ -90.404736905031783, 16.202388918394082 ], [ -90.404748059940644, 16.202390625329162 ], [ -90.4047928897009, 16.202400121300002 ], [ -90.404796634748521, 16.202400837916993 ], [ -90.404812877523753, 16.202402218129386 ], [ -90.404855942033763, 16.20240223741439 ], [ -90.40487218612607, 16.202400871750157 ], [ -90.404876673718178, 16.20239999883966 ], [ -90.404909346429491, 16.202392839666288 ], [ -90.404920610327721, 16.202389641489336 ], [ -90.404931678503615, 16.202384951884543 ], [ -90.404971781762058, 16.202364881927775 ], [ -90.404976334674231, 16.202362384839887 ], [ -90.404995316179637, 16.202373856757575 ], [ -90.405013656237244, 16.202392636855098 ], [ -90.405021531778161, 16.202399818690068 ], [ -90.405034896361499, 16.202408868508094 ], [ -90.405073508299125, 16.202430416184896 ], [ -90.405088844807239, 16.202437260337369 ], [ -90.405105136713004, 16.202441337678501 ], [ -90.405121889107406, 16.202442524348449 ], [ -90.405138593092929, 16.202440784299025 ], [ -90.405183146225482, 16.202432195085052 ], [ -90.405189837967342, 16.202430656115794 ], [ -90.405243303639367, 16.202416331467099 ], [ -90.405250262264985, 16.20241418071376 ], [ -90.405262290400628, 16.202409003444931 ], [ -90.40528195573313, 16.202398881043312 ], [ -90.405289057936145, 16.202395765953007 ], [ -90.405309306341437, 16.202400666570469 ], [ -90.405351767250764, 16.202412995817262 ], [ -90.405357087218619, 16.20241437654602 ], [ -90.405405207061889, 16.202425411288711 ], [ -90.405422406744805, 16.202432732835479 ], [ -90.405423237903975, 16.20245716767629 ], [ -90.405424404586583, 16.202468722173077 ], [ -90.405427085137404, 16.202480021827569 ], [ -90.405431232715188, 16.202490869184057 ], [ -90.405460901302447, 16.202555450161917 ], [ -90.405467714537821, 16.202567649105692 ], [ -90.405476319853307, 16.202578657418499 ], [ -90.405486513210477, 16.202588214085026 ], [ -90.405520930810496, 16.202615713423803 ], [ -90.405522912218302, 16.202617253547999 ], [ -90.405566503645687, 16.202650195376325 ], [ -90.405578844694475, 16.202658071699378 ], [ -90.405592244034011, 16.202663970483155 ], [ -90.405606387173705, 16.202667753279641 ], [ -90.405620942165569, 16.202669331304328 ], [ -90.405611021217155, 16.202950394708495 ], [ -90.405635514216513, 16.202950203125635 ], [ -90.405736678794909, 16.202949416489901 ], [ -90.405908942664595, 16.202948074705198 ], [ -90.405960930902083, 16.203007830841067 ], [ -90.40621334443739, 16.203041214630865 ], [ -90.406574645485989, 16.20309368816832 ], [ -90.406804824558904, 16.203220328956522 ], [ -90.40687886677793, 16.203263594899656 ], [ -90.407181035975285, 16.203440165231211 ], [ -90.407297358815697, 16.203490334962154 ], [ -90.407413727884105, 16.203660054046736 ], [ -90.407522632723257, 16.203726962290503 ], [ -90.407686015737568, 16.203891882392771 ], [ -90.407728206038897, 16.204207479914292 ], [ -90.407738194178478, 16.204439402005519 ], [ -90.407703577485577, 16.204508753238628 ], [ -90.407681347027975, 16.204611574601074 ], [ -90.408206748982721, 16.204599150242416 ], [ -90.408210247135912, 16.204054000274958 ], [ -90.408202766886888, 16.203905760602087 ], [ -90.408067826324157, 16.203707357714926 ], [ -90.408070229048505, 16.203524445498843 ], [ -90.407978652085475, 16.203473073047583 ], [ -90.407976112039549, 16.203304507183582 ], [ -90.407575155633751, 16.203088267880194 ], [ -90.407499690653722, 16.203111009156817 ], [ -90.407244760703009, 16.20297122729658 ], [ -90.407248445915684, 16.202901887033036 ], [ -90.406887084765998, 16.202692804966595 ], [ -90.406878220906037, 16.202164396817459 ], [ -90.406884342398982, 16.201994633513014 ], [ -90.406883131295672, 16.201956223299803 ], [ -90.406880300773068, 16.20186647051824 ], [ -90.406868296774761, 16.201539385508383 ], [ -90.40679504059537, 16.201508806233495 ], [ -90.406797953943226, 16.201364388869312 ], [ -90.406717767817014, 16.201330944059659 ], [ -90.406723634399498, 16.201142531655581 ], [ -90.406682049762864, 16.20110715960579 ], [ -90.406596893971354, 16.201023983160578 ], [ -90.406607748715047, 16.200937903270834 ], [ -90.406606699601738, 16.200782010785474 ], [ -90.406519570482871, 16.200710311335097 ], [ -90.406505595199718, 16.20040331149567 ], [ -90.406504502024177, 16.200132650876743 ], [ -90.406438167155187, 16.200084855419547 ], [ -90.406438109283769, 16.199931831250037 ], [ -90.406065864001064, 16.199715816822494 ], [ -90.406054571573165, 16.199647255379279 ], [ -90.405904132749754, 16.199642162562839 ], [ -90.405837371955243, 16.199548378319378 ], [ -90.40582729918836, 16.198871123755893 ], [ -90.405767921750154, 16.198826616636751 ], [ -90.405759137480487, 16.198562600331066 ], [ -90.40546647433986, 16.198564041249416 ], [ -90.405228302184838, 16.198550675818947 ], [ -90.405191778728948, 16.198544904765573 ], [ -90.405145425977295, 16.198482744909349 ], [ -90.405136075225087, 16.198470205343806 ], [ -90.40495778627492, 16.198540644398626 ], [ -90.404978544704846, 16.198581335632802 ], [ -90.405009228083188, 16.198591871882403 ] ], [ [ -90.439506869417542, 16.200211584820632 ], [ -90.439504557173379, 16.200275784133435 ], [ -90.43949871989625, 16.200457980956859 ], [ -90.439476598577826, 16.200727696777186 ], [ -90.439461695425379, 16.200854309185576 ], [ -90.439457054344558, 16.200948027342189 ], [ -90.439449950116668, 16.201091501351435 ], [ -90.439467259932798, 16.201130999700695 ], [ -90.439387453424587, 16.201710982908821 ], [ -90.439385516206229, 16.201753800106427 ], [ -90.439383278564378, 16.201803251425076 ], [ -90.439362463542764, 16.202217344720193 ], [ -90.439375261015243, 16.202220087015291 ], [ -90.439653684346752, 16.202291671981314 ], [ -90.440123887341983, 16.202375112180544 ], [ -90.440172983779235, 16.201669742608548 ], [ -90.440231989083571, 16.201177105151231 ], [ -90.440238251233453, 16.201144277527884 ], [ -90.44010205381872, 16.201135827119185 ], [ -90.440062460620098, 16.201133457830263 ], [ -90.440066658744399, 16.199330908558011 ], [ -90.43975705011718, 16.199155577597544 ], [ -90.43968499076108, 16.199121886293156 ], [ -90.439661912053836, 16.199120704746765 ], [ -90.43957356004853, 16.19910212555526 ], [ -90.439526046046737, 16.199094499875105 ], [ -90.439522333262957, 16.199540183859327 ], [ -90.439515239792485, 16.199848176313992 ], [ -90.439506869417542, 16.200211584820632 ] ], [ [ -90.414333405226571, 16.201948315817571 ], [ -90.413794175418005, 16.201946732059938 ], [ -90.413785908969416, 16.202013987238487 ], [ -90.413785926013119, 16.202095316796015 ], [ -90.413785944926715, 16.202176648161377 ], [ -90.413785962904726, 16.202257979525719 ], [ -90.413785964418352, 16.202263107024415 ], [ -90.413785979947178, 16.202339310889069 ], [ -90.413785998859908, 16.202420643156387 ], [ -90.413786016837847, 16.202501973615043 ], [ -90.413713130461929, 16.202542655806123 ], [ -90.413713147474326, 16.202623986263312 ], [ -90.413713166356615, 16.202705318528331 ], [ -90.413713184303745, 16.202786649888498 ], [ -90.413713201314877, 16.202867982151517 ], [ -90.413678726647319, 16.202887223608254 ], [ -90.413640316661329, 16.202908661604738 ], [ -90.413640333642746, 16.202989992962831 ], [ -90.41364035249444, 16.203071325224919 ], [ -90.413640370411358, 16.203152655678309 ], [ -90.413640387392292, 16.203233987034551 ], [ -90.413640405308101, 16.203315319294376 ], [ -90.413640425095366, 16.203396649746676 ], [ -90.413640441140018, 16.203477982004515 ], [ -90.413640444736856, 16.203493357267636 ], [ -90.413640459055742, 16.203559313358635 ], [ -90.413713363765368, 16.203599965263734 ], [ -90.413713382646151, 16.203681296617457 ], [ -90.413786287416329, 16.203721946689665 ], [ -90.413786305391341, 16.203803278042212 ], [ -90.413786314172086, 16.203841190614543 ], [ -90.41378632336621, 16.203884609394127 ], [ -90.413859228225562, 16.203925260344821 ], [ -90.413859246229677, 16.204006592599793 ], [ -90.413859264234034, 16.204087923950294 ], [ -90.413942405899519, 16.204119011851272 ], [ -90.413932187217341, 16.204209905321495 ], [ -90.413932205251186, 16.204291236670574 ], [ -90.413932223284874, 16.204372568019053 ], [ -90.413932241318406, 16.204453899366889 ], [ -90.413932259351384, 16.204535231617967 ], [ -90.413931601095015, 16.204577704705514 ], [ -90.414324420145178, 16.204583389547849 ], [ -90.414511203013376, 16.204580250715118 ], [ -90.414515428127089, 16.204535109110243 ], [ -90.41451540985463, 16.204453777761906 ], [ -90.414515391582029, 16.204372446412968 ], [ -90.414515372373828, 16.204291115063015 ], [ -90.414515355036329, 16.204209783713207 ], [ -90.414515336763628, 16.204128451458548 ], [ -90.414515317554589, 16.204047121010568 ], [ -90.414442412514987, 16.204006470284597 ], [ -90.414442395207203, 16.203925138028897 ], [ -90.414442376963081, 16.203843807579897 ], [ -90.414442357784154, 16.203762475322197 ], [ -90.414369453798557, 16.203721826378722 ], [ -90.414369435584703, 16.20364049412062 ], [ -90.41436941643488, 16.203559162765345 ], [ -90.414296511604249, 16.203518511988442 ], [ -90.414296508258872, 16.203500271545064 ], [ -90.414296494355298, 16.203437179729306 ], [ -90.414296475234963, 16.203355848372613 ], [ -90.414369361790719, 16.20331516869696 ], [ -90.414369344511499, 16.203233836436116 ], [ -90.414296439800069, 16.203193185658517 ], [ -90.414223552338612, 16.203233866213246 ], [ -90.414150648592724, 16.203193215386147 ], [ -90.414150630467489, 16.2031118831244 ], [ -90.414150611406299, 16.203030551765519 ], [ -90.414223497871873, 16.202989872138211 ], [ -90.414223480651785, 16.202908539875171 ], [ -90.41422347390295, 16.202878713977753 ], [ -90.414223461559928, 16.202827209418423 ], [ -90.414296347936556, 16.202786527957233 ], [ -90.414296330685801, 16.202705196596341 ], [ -90.414296311564058, 16.202623865234056 ], [ -90.414369198785607, 16.202583185554747 ], [ -90.414369179634136, 16.202501853287558 ], [ -90.414369161417554, 16.202420521923958 ], [ -90.414369143200787, 16.202339190559755 ], [ -90.414369125919293, 16.202257859195296 ], [ -90.414369121289909, 16.202242577025501 ], [ -90.414369106767197, 16.202176526925633 ], [ -90.414369088549577, 16.202095196463389 ], [ -90.414355455488732, 16.202000720452478 ], [ -90.414333405226571, 16.201948315817571 ] ], [ [ -90.413895300163162, 16.200245221713981 ], [ -90.413560604346031, 16.200226780330745 ], [ -90.413558499883663, 16.20029505122486 ], [ -90.413554044718808, 16.200329042932452 ], [ -90.413565203557454, 16.200426867641777 ], [ -90.413565220513149, 16.200508199018707 ], [ -90.413565239339505, 16.200589530395771 ], [ -90.413565258165292, 16.200670862676045 ], [ -90.413638160866483, 16.200711512804695 ], [ -90.413638178786513, 16.200792845083793 ], [ -90.413638189353733, 16.200841639027839 ], [ -90.413638196707169, 16.200874175554603 ], [ -90.413638212072783, 16.200942033346951 ], [ -90.413638214627284, 16.200955506928619 ], [ -90.413638233482231, 16.20103683920625 ], [ -90.413638250467017, 16.201118169674814 ], [ -90.41371115521838, 16.201158818874493 ], [ -90.413711172232397, 16.201240150246104 ], [ -90.413784094085983, 16.201362133502933 ], [ -90.413857017900199, 16.201484115830709 ], [ -90.413857034973347, 16.2015654472001 ], [ -90.413857052981754, 16.201646778569259 ], [ -90.413857071925406, 16.201728109938166 ], [ -90.413857088997688, 16.201809442209548 ], [ -90.413853347611848, 16.20186271949456 ], [ -90.413860660656724, 16.201862699862811 ], [ -90.414122238115311, 16.201861992268835 ], [ -90.414436234587612, 16.201860122334587 ], [ -90.414435294340549, 16.201799757932541 ], [ -90.414435277031231, 16.20171842565999 ], [ -90.414435259720975, 16.201637095194521 ], [ -90.414435239605112, 16.201555762919593 ], [ -90.414362320084564, 16.201433782598798 ], [ -90.414362300933604, 16.201352450322844 ], [ -90.414362282717121, 16.201271119854322 ], [ -90.414347645742708, 16.201246635188756 ], [ -90.414289360540224, 16.201149136793287 ], [ -90.414289341417813, 16.201067806322968 ], [ -90.414216419359548, 16.200945824138994 ], [ -90.414216402138223, 16.200864491860333 ], [ -90.414216383045556, 16.20078316048415 ], [ -90.414216363952306, 16.20070183001117 ], [ -90.414216347665914, 16.200620497731041 ], [ -90.414216328572763, 16.200539166352975 ], [ -90.414191671048158, 16.200453284123018 ], [ -90.414042295115365, 16.2004434450884 ], [ -90.414037354008087, 16.200267092554242 ], [ -90.413895300163162, 16.200245221713981 ] ], [ [ -90.405572040023955, 16.204596548663353 ], [ -90.405585419956338, 16.203079887651764 ], [ -90.404068788232792, 16.203120955966327 ], [ -90.404069285571893, 16.20345819324719 ], [ -90.404071055377088, 16.204659527591936 ], [ -90.404436554357233, 16.204661101377177 ], [ -90.405551586210535, 16.204665016454051 ], [ -90.405572124352247, 16.204665035524464 ], [ -90.405572040023955, 16.204596548663353 ] ], [ [ -90.414167193315492, 16.204650418303437 ], [ -90.414090513820511, 16.204693718415101 ], [ -90.414090532853692, 16.204775049761182 ], [ -90.414090550017463, 16.204856377490501 ], [ -90.414090569049947, 16.204937709739159 ], [ -90.414090587147641, 16.205019040179153 ], [ -90.414090605244397, 16.205100372426191 ], [ -90.41409062427681, 16.205181703769163 ], [ -90.414090641438207, 16.205263035110754 ], [ -90.414090658599449, 16.205344366451712 ], [ -90.414090677631009, 16.205425698696654 ], [ -90.414090695727367, 16.205507030036745 ], [ -90.414017808306923, 16.205547710508135 ], [ -90.414017825437341, 16.205629042750637 ], [ -90.414017844439243, 16.205710373185575 ], [ -90.414017862504764, 16.205791705427206 ], [ -90.413944975899653, 16.205832386776166 ], [ -90.413944993000413, 16.205913717208652 ], [ -90.413870122805122, 16.205946748511987 ], [ -90.413799218705805, 16.205995078925547 ], [ -90.413799225058142, 16.206021359945041 ], [ -90.413799236681101, 16.20607641116457 ], [ -90.413799253721223, 16.206157742498775 ], [ -90.413799273567463, 16.206239073833476 ], [ -90.413799290607258, 16.206320405166434 ], [ -90.413799308582327, 16.206401736499135 ], [ -90.413799326556855, 16.206483068735068 ], [ -90.413799344532009, 16.206564399162687 ], [ -90.413726454791018, 16.206605081334843 ], [ -90.413726473670692, 16.206686413569464 ], [ -90.413726491615549, 16.206767743995393 ], [ -90.413726510494911, 16.206849076228771 ], [ -90.413726527503627, 16.206930407556928 ], [ -90.413726546382662, 16.207011739789046 ], [ -90.413726564326893, 16.207093070212501 ], [ -90.413726582270172, 16.207174402442998 ], [ -90.413726600213707, 16.207255733769049 ], [ -90.413708711974223, 16.207287768606861 ], [ -90.414004195785125, 16.207289346314042 ], [ -90.414321152908542, 16.207287881804405 ], [ -90.414383654033102, 16.20721206290607 ], [ -90.414310746926191, 16.207171410333487 ], [ -90.414310729678391, 16.207090079006058 ], [ -90.414383616671842, 16.207049399345976 ], [ -90.414383599394327, 16.20696806711366 ], [ -90.414383580244987, 16.206886736687633 ], [ -90.414383562967146, 16.206805404454077 ], [ -90.414456449841666, 16.206764722959662 ], [ -90.414529338557202, 16.206724041440697 ], [ -90.414529320283449, 16.206642710109065 ], [ -90.414456414289745, 16.206602059393223 ], [ -90.414456395110591, 16.20652072715658 ], [ -90.4144563778014, 16.206439396727767 ], [ -90.414529265461638, 16.206398715206632 ], [ -90.414529247187261, 16.206317383872516 ], [ -90.414529228912713, 16.206236052537793 ], [ -90.41452921063842, 16.206154720298589 ], [ -90.414529191427761, 16.206073389866088 ], [ -90.414602079873362, 16.206032709222079 ], [ -90.414602061568388, 16.205951377885029 ], [ -90.414602043263272, 16.205870046547371 ], [ -90.41460202495837, 16.205788714305239 ], [ -90.414602006652927, 16.205707382966338 ], [ -90.414674894014212, 16.205666700487175 ], [ -90.414674875678259, 16.205585370051029 ], [ -90.414674857342931, 16.205504037806598 ], [ -90.414747744613294, 16.205463358012764 ], [ -90.414747726247469, 16.205382026671085 ], [ -90.414747706946429, 16.20530069442459 ], [ -90.414747689515323, 16.205219363985883 ], [ -90.414747670213984, 16.205138031738144 ], [ -90.41474765278295, 16.205056700394358 ], [ -90.414747634416727, 16.20497536814575 ], [ -90.414747615114138, 16.204894037703809 ], [ -90.414747597682634, 16.204812706358176 ], [ -90.414747579314763, 16.204731376819208 ], [ -90.414742636482288, 16.204644439674208 ], [ -90.414167193315492, 16.204650418303437 ] ], [ [ -90.401036144827643, 16.204141299945963 ], [ -90.400983565181221, 16.204114371690675 ], [ -90.400020541650193, 16.204128763650299 ], [ -90.40001782372623, 16.204365529194842 ], [ -90.400018240265723, 16.20465452109914 ], [ -90.400018303949352, 16.204698916940345 ], [ -90.400018354622077, 16.204733864011867 ], [ -90.400010988684258, 16.204901713930209 ], [ -90.400017175718432, 16.20561040388667 ], [ -90.40008813393348, 16.205646698496267 ], [ -90.400310405652803, 16.205665159927733 ], [ -90.400304865332444, 16.205225467185862 ], [ -90.400474820474258, 16.205125739217234 ], [ -90.400466072723489, 16.204701845013883 ], [ -90.400542417811522, 16.20465788896815 ], [ -90.400619991094615, 16.204699789414477 ], [ -90.401001716960096, 16.204480008630703 ], [ -90.401000488566879, 16.204394152110364 ], [ -90.40104780249996, 16.204339165422951 ], [ -90.401047871966867, 16.204199895156439 ], [ -90.401036144827643, 16.204141299945963 ] ], [ [ -90.407818100193595, 16.210241297062442 ], [ -90.407904749320977, 16.210337313588923 ], [ -90.407925642249069, 16.210358207714382 ], [ -90.407935013433487, 16.2103101816327 ], [ -90.407936224013312, 16.210305919640305 ], [ -90.407937451672183, 16.210303153513184 ], [ -90.407982661653222, 16.210215113620738 ], [ -90.407985024365559, 16.210211334241226 ], [ -90.407987964527422, 16.210207984380453 ], [ -90.407991405485177, 16.210205151373437 ], [ -90.407995257528796, 16.210202909080181 ], [ -90.408131378075467, 16.210137195438456 ], [ -90.40817883899922, 16.21010490904375 ], [ -90.407775031288097, 16.210182695872923 ], [ -90.407818100193595, 16.210241297062442 ] ], [ [ -90.407989451181521, 16.210323905651087 ], [ -90.407973432794506, 16.210405998261237 ], [ -90.407989910589436, 16.210422476105048 ], [ -90.407991255096647, 16.210423921026329 ], [ -90.408078917743836, 16.210525424238423 ], [ -90.408150237629215, 16.21056947398333 ], [ -90.408231127952021, 16.210575541184362 ], [ -90.408322119267197, 16.210535100121522 ], [ -90.408358199261471, 16.210458930881011 ], [ -90.408360299065009, 16.210362378002074 ], [ -90.408297321273565, 16.210252168009742 ], [ -90.408295825031843, 16.210249112379085 ], [ -90.408252010878101, 16.210143038489566 ], [ -90.408241000615988, 16.210128944650261 ], [ -90.408161964888478, 16.210182711667958 ], [ -90.408159829583028, 16.210184029449707 ], [ -90.408158352153151, 16.210184797076327 ], [ -90.408028758740301, 16.210247359153826 ], [ -90.407989451181521, 16.210323905651087 ] ], [ [ -90.413656600142872, 16.207869277550397 ], [ -90.41358371082859, 16.207909956954989 ], [ -90.413510821482888, 16.207950639949633 ], [ -90.413510842142671, 16.208031971270469 ], [ -90.41343793397985, 16.207991319304355 ], [ -90.413365047381234, 16.208032001345686 ], [ -90.413365027717077, 16.207950669121672 ], [ -90.413292121484673, 16.207910018010104 ], [ -90.413219216217684, 16.207869366873879 ], [ -90.413146326813248, 16.207910048839494 ], [ -90.413073438315223, 16.207950728972499 ], [ -90.413000531207231, 16.207910078664611 ], [ -90.412927642680359, 16.207950756939752 ], [ -90.412927662165558, 16.208032088259113 ], [ -90.413000568366556, 16.208072741302828 ], [ -90.413039667657685, 16.20809454261272 ], [ -90.41307347366326, 16.208113391609604 ], [ -90.413146380860439, 16.208154042795943 ], [ -90.41321926848353, 16.208113361734775 ], [ -90.41329217477579, 16.208154011967007 ], [ -90.413365063303885, 16.208113332663732 ], [ -90.413437970561716, 16.208153982846454 ], [ -90.413510875977863, 16.208194634811083 ], [ -90.413510893830846, 16.208275966128923 ], [ -90.413510911683687, 16.208357297446128 ], [ -90.413510928646687, 16.208432088562418 ], [ -90.413510930471787, 16.208438628763112 ], [ -90.413510947388474, 16.208519960982546 ], [ -90.413510948484458, 16.208521737936138 ], [ -90.413510967111719, 16.208601292298649 ], [ -90.413510984028463, 16.208682623613001 ], [ -90.41358388965466, 16.208723272840025 ], [ -90.413636966074037, 16.208761138283272 ], [ -90.413636983977568, 16.208842469597009 ], [ -90.413639011252826, 16.208915117614474 ], [ -90.413639029156499, 16.208996449830874 ], [ -90.413640267686674, 16.209002888399873 ], [ -90.413656868825854, 16.209089250909472 ], [ -90.413656875323923, 16.209119446460328 ], [ -90.413656885801842, 16.209170581316535 ], [ -90.41365690558321, 16.20925191353178 ], [ -90.413656923493932, 16.209333244841819 ], [ -90.413656940468655, 16.209414577054691 ], [ -90.413656957444005, 16.209495907459253 ], [ -90.413656977224747, 16.209577239672029 ], [ -90.41365698522084, 16.209612588024179 ], [ -90.413656995134858, 16.209658570979563 ], [ -90.413657012108942, 16.209739903189952 ], [ -90.413657030954155, 16.209821234496623 ], [ -90.413657048863769, 16.209902565802309 ], [ -90.413663989827938, 16.209971462154723 ], [ -90.413672207797745, 16.210048693350323 ], [ -90.414082635271711, 16.210121457225831 ], [ -90.414258426442558, 16.210154582652368 ], [ -90.414264654425352, 16.210127005338538 ], [ -90.414245838047606, 16.210063852645717 ], [ -90.414245818936777, 16.209982578281796 ], [ -90.414245800785466, 16.209901247879465 ], [ -90.414245782634779, 16.209819915668813 ], [ -90.414245765418997, 16.209738584361773 ], [ -90.41424574633254, 16.209657252149505 ], [ -90.414245728180603, 16.20957592174468 ], [ -90.414245710029306, 16.209494589531545 ], [ -90.414245690941996, 16.209413258221261 ], [ -90.414245673725816, 16.209331926007263 ], [ -90.414245655573254, 16.209250595599933 ], [ -90.414245653777385, 16.20924176867981 ], [ -90.414245637421303, 16.209169263384329 ], [ -90.414245620204255, 16.2090879320723 ], [ -90.414172712437889, 16.209047280360171 ], [ -90.414099804700726, 16.209006630430704 ], [ -90.414099786607707, 16.208925299117332 ], [ -90.414099787096092, 16.20892201184466 ], [ -90.41409976944999, 16.20884396780373 ], [ -90.414172657133506, 16.208803286418352 ], [ -90.414172639010587, 16.208721954199451 ], [ -90.414122271529095, 16.208675471852228 ], [ -90.414101455034412, 16.208656260411399 ], [ -90.414099714234496, 16.208599972953809 ], [ -90.414099696140681, 16.208518641637326 ], [ -90.414099678047137, 16.208437309416396 ], [ -90.41409966096289, 16.208360125829625 ], [ -90.41409965995301, 16.20835597809867 ], [ -90.414099640923297, 16.208274646779966 ], [ -90.414099624699759, 16.208193315461749 ], [ -90.414172512143509, 16.208152634072786 ], [ -90.414172494954769, 16.208071301849301 ], [ -90.414172475894617, 16.207989970528264 ], [ -90.414172458705593, 16.207908638303515 ], [ -90.41424534696425, 16.207867958695974 ], [ -90.414245335344248, 16.207819110552574 ], [ -90.414245327873815, 16.207786627373242 ], [ -90.414245309718666, 16.207705296050285 ], [ -90.414245291563347, 16.20762396472669 ], [ -90.414245274343713, 16.207542632499027 ], [ -90.414245256187698, 16.207461302078023 ], [ -90.41424524715903, 16.207421604430166 ], [ -90.414245190489623, 16.207351462652856 ], [ -90.414243353292036, 16.207351465526639 ], [ -90.413653523199102, 16.20734349786952 ], [ -90.413656492657893, 16.20738129232527 ], [ -90.413656512443524, 16.207462622746512 ], [ -90.413656527552604, 16.207543951357565 ], [ -90.413656546402095, 16.207625282681025 ], [ -90.413656549911792, 16.207643006119561 ], [ -90.413656565251415, 16.207706614003875 ], [ -90.413656581293864, 16.207787946228791 ], [ -90.41365658820618, 16.207819341181771 ], [ -90.413656600142872, 16.207869277550397 ] ], [ [ -90.376321635287511, 16.180427859607434 ], [ -90.376373291079759, 16.180363773691447 ], [ -90.376086080973067, 16.180368973638647 ], [ -90.376088575831133, 16.180459831232945 ], [ -90.376157867378026, 16.180519592121108 ], [ -90.376157884127508, 16.180596260642247 ], [ -90.376157902387547, 16.180675007099541 ], [ -90.376277213507478, 16.180749702337341 ], [ -90.376291529390414, 16.180758663229774 ], [ -90.3762890889072, 16.18090929724255 ], [ -90.376353427562293, 16.180947539195881 ], [ -90.37635483736139, 16.180992168182545 ], [ -90.37635591969881, 16.18102644254979 ], [ -90.376430161959021, 16.181090983036757 ], [ -90.376442549343764, 16.181167491527916 ], [ -90.376471708010484, 16.181183516428188 ], [ -90.3765860744343, 16.181246365562249 ], [ -90.376586090124306, 16.181320485240494 ], [ -90.37666279919145, 16.181351552336611 ], [ -90.376657865558201, 16.18141611009851 ], [ -90.376685085485093, 16.181430450889348 ], [ -90.376705098345042, 16.181442557718846 ], [ -90.376930068124395, 16.181578640464604 ], [ -90.376941590899662, 16.181595717113915 ], [ -90.37707362403529, 16.181791408625891 ], [ -90.377167652980418, 16.181824861750826 ], [ -90.377172538997044, 16.181946001260496 ], [ -90.377173497057044, 16.181969726795124 ], [ -90.377180094666116, 16.182133297308162 ], [ -90.377331046576941, 16.182231295930109 ], [ -90.377330809751641, 16.182255840560348 ], [ -90.377329407509635, 16.182401585375612 ], [ -90.377327234691023, 16.182627402117696 ], [ -90.377326188339637, 16.182736022677922 ], [ -90.377323796706122, 16.182984461577352 ], [ -90.377657281429109, 16.182985940694831 ], [ -90.377639777388666, 16.182918347561589 ], [ -90.377626324881646, 16.182866397763522 ], [ -90.377638668976743, 16.182746845390152 ], [ -90.377620074171446, 16.182585456201576 ], [ -90.377632405556895, 16.182412107069336 ], [ -90.377638558515102, 16.182268646283596 ], [ -90.3776570868758, 16.18214909203591 ], [ -90.377647285831301, 16.182101791897519 ], [ -90.377613739440847, 16.181939888851346 ], [ -90.377595166179574, 16.181868163625801 ], [ -90.377502359579566, 16.181772544148934 ], [ -90.377415559854072, 16.181714500857627 ], [ -90.377341507922083, 16.181664983603721 ], [ -90.377172394286717, 16.181488683596658 ], [ -90.377036296405421, 16.181425948756438 ], [ -90.376958963413969, 16.181369178842075 ], [ -90.376928027712395, 16.181333321754703 ], [ -90.376890901059497, 16.181276542531229 ], [ -90.376816660308506, 16.181219773450369 ], [ -90.376742420536473, 16.181163002536479 ], [ -90.376692919733344, 16.181094271819649 ], [ -90.376627949705934, 16.180995656484637 ], [ -90.376569161168106, 16.18088807407047 ], [ -90.376535495043697, 16.180794155157347 ], [ -90.376513457136554, 16.1807326710788 ], [ -90.376454670632427, 16.180631066652303 ], [ -90.376386607829801, 16.180538429272708 ], [ -90.376348050344802, 16.180472813148288 ], [ -90.376321635287511, 16.180427859607434 ] ], [ [ -90.376636872984463, 16.175058779634995 ], [ -90.376607176854321, 16.175030093397901 ], [ -90.376493378994368, 16.175087501915201 ], [ -90.376409274713367, 16.175164031258902 ], [ -90.376359815843074, 16.175274026533977 ], [ -90.376330179435783, 16.175513132937859 ], [ -90.376330218223174, 16.175685285371046 ], [ -90.376335125572126, 16.175720012995946 ], [ -90.376336844544568, 16.175732172500968 ], [ -90.376345086481749, 16.175790486058109 ], [ -90.376389638968448, 16.175866987966891 ], [ -90.376468850841391, 16.176039123096654 ], [ -90.376473827092084, 16.176158671971923 ], [ -90.376463960584928, 16.176297351120919 ], [ -90.376463990694234, 16.176426465211733 ], [ -90.376483812643812, 16.176550791379078 ], [ -90.376503637695095, 16.176694247396568 ], [ -90.376533338238843, 16.176737279454525 ], [ -90.376543258052763, 16.176842480862888 ], [ -90.376488840638274, 16.176904658134561 ], [ -90.376439382138898, 16.177019436548495 ], [ -90.376439425019399, 16.177210716099296 ], [ -90.376434660611011, 16.177254380730222 ], [ -90.376400064315717, 16.177387896303422 ], [ -90.376388194168527, 16.177418504399597 ], [ -90.376368410581634, 16.177462501956146 ], [ -90.376334777314241, 16.177533283194681 ], [ -90.376311038850133, 16.177594497571292 ], [ -90.376188913503654, 16.177777898664747 ], [ -90.376143833142152, 16.177842497246615 ], [ -90.376073333284978, 16.177907068362451 ], [ -90.375876632765397, 16.177899936277306 ], [ -90.375783514834481, 16.18026218075396 ], [ -90.375859509453662, 16.180269733333525 ], [ -90.376135193719179, 16.180273388262073 ], [ -90.376177509484691, 16.180273949775241 ], [ -90.376235818591638, 16.180272176917825 ], [ -90.376395004385358, 16.180267336276977 ], [ -90.376394727137949, 16.179982306393086 ], [ -90.37639386832204, 16.179100049856785 ], [ -90.376392378856664, 16.177568582830627 ], [ -90.376468006899984, 16.177506714363464 ], [ -90.376465543591181, 16.177480722910499 ], [ -90.376502827158362, 16.177459765436815 ], [ -90.376511164477677, 16.177455078422913 ], [ -90.37651838000582, 16.177350139135061 ], [ -90.376520419600013, 16.177320486113071 ], [ -90.376522261945524, 16.177293684603178 ], [ -90.376652142273741, 16.177229099855854 ], [ -90.376743145155274, 16.17722641664972 ], [ -90.376746223014692, 16.177201086406665 ], [ -90.376726339670441, 16.176808967625909 ], [ -90.376597634104428, 16.176593806255109 ], [ -90.376518434883778, 16.176479055320122 ], [ -90.376508508444886, 16.176349943621943 ], [ -90.376518382020407, 16.176249519660864 ], [ -90.376523299878926, 16.176110840348858 ], [ -90.376419335959838, 16.175900454662759 ], [ -90.376387094578476, 16.175729296739696 ], [ -90.376379703102231, 16.175690055684996 ], [ -90.376374708439585, 16.175484431037898 ], [ -90.376409321583481, 16.175374438891222 ], [ -90.376458795123824, 16.175326608182768 ], [ -90.37649341715624, 16.175254872118213 ], [ -90.376513180424595, 16.175125753229274 ], [ -90.376636872984463, 16.175058779634995 ] ], [ [ -90.361533054788936, 16.222965057038046 ], [ -90.361928773238759, 16.223174023949298 ], [ -90.362265431022848, 16.22273153312813 ], [ -90.362686047940144, 16.222112203854749 ], [ -90.362751345528963, 16.222017188388239 ], [ -90.362045125720599, 16.221570431886207 ], [ -90.362012951024099, 16.221548917673385 ], [ -90.362017873348748, 16.221371983457235 ], [ -90.361609507524676, 16.22117119543493 ], [ -90.3616068101352, 16.221077919252838 ], [ -90.361089673956357, 16.221092064625296 ], [ -90.360504209794712, 16.221092883737995 ], [ -90.360498058485447, 16.222121990303272 ], [ -90.361316467348772, 16.222654256135332 ], [ -90.361322667373017, 16.222749895423025 ], [ -90.361508293961904, 16.222872410010741 ], [ -90.361533054788936, 16.222965057038046 ] ], [ [ -90.362077699603816, 16.223147376162661 ], [ -90.362216887976203, 16.223231388937794 ], [ -90.362289790162947, 16.223272058399413 ], [ -90.362362691444858, 16.223312726931631 ], [ -90.362435593692354, 16.223353395439485 ], [ -90.362449189111885, 16.223345812903734 ], [ -90.362508499082622, 16.223312733753492 ], [ -90.362581399489443, 16.223353402210293 ], [ -90.362654301796695, 16.22339407154718 ], [ -90.362727206223482, 16.223353407977712 ], [ -90.362727209246898, 16.223272076903978 ], [ -90.362727213206156, 16.223190744926409 ], [ -90.362727216229032, 16.223109413851429 ], [ -90.362727220187736, 16.223028081872613 ], [ -90.362727225081684, 16.222946749893765 ], [ -90.362727228103722, 16.222865418816919 ], [ -90.362727231126087, 16.222784086835638 ], [ -90.362727235083682, 16.222702754854318 ], [ -90.3628001362475, 16.222743424141388 ], [ -90.362873038376904, 16.222784093404105 ], [ -90.362945939600849, 16.222824762641253 ], [ -90.363018841790989, 16.222865430950204 ], [ -90.363091741204045, 16.222906100136203 ], [ -90.363154440054984, 16.222941076668118 ], [ -90.363164644389812, 16.222946768395833 ], [ -90.363237545733398, 16.222987438436967 ], [ -90.36327200221227, 16.223006660893205 ], [ -90.36331044617215, 16.223028107548696 ], [ -90.363383348512613, 16.22306877573283 ], [ -90.363456249947006, 16.223109444795234 ], [ -90.363529150476566, 16.223150112928238 ], [ -90.363602051036196, 16.223190781036259 ], [ -90.363674953496286, 16.223231450024372 ], [ -90.363747855985821, 16.223272119891355 ], [ -90.363820757570537, 16.223312788828942 ], [ -90.363893660120809, 16.223353457742157 ], [ -90.363966559895232, 16.223394125724774 ], [ -90.364039461570144, 16.223434794587458 ], [ -90.364112363274486, 16.223475464329017 ], [ -90.364185265945011, 16.223516133142372 ], [ -90.364258168643147, 16.223556805546107 ], [ -90.364331065759501, 16.223597476113614 ], [ -90.364403969458834, 16.223638140333467 ], [ -90.364476871314722, 16.22367880814252 ], [ -90.364549773200068, 16.223719476830439 ], [ -90.364578982408673, 16.223728099114211 ], [ -90.365196050671571, 16.22374338988568 ], [ -90.365200071463207, 16.223673320486181 ], [ -90.365200074408747, 16.223591988503888 ], [ -90.365200074979469, 16.22355952349838 ], [ -90.365200076417892, 16.223510657424239 ], [ -90.365138930715005, 16.223462216178774 ], [ -90.365066027865197, 16.223421548595258 ], [ -90.36499312504607, 16.223380880082935 ], [ -90.364920224127388, 16.223340212450676 ], [ -90.364847321367762, 16.223299544792273 ], [ -90.364774419574346, 16.223258876205644 ], [ -90.364599835778051, 16.223162903710882 ], [ -90.364503815649385, 16.223110121489814 ], [ -90.363954946366221, 16.22280839964694 ], [ -90.36351239620069, 16.222565120145951 ], [ -90.363250351745648, 16.222421068400042 ], [ -90.36301302648431, 16.222290605240776 ], [ -90.363013031257793, 16.222209274159237 ], [ -90.363013036031646, 16.222127942173216 ], [ -90.363013037998087, 16.222046611088615 ], [ -90.363013042771385, 16.221965279101354 ], [ -90.363013047544385, 16.221883947113465 ], [ -90.362981466567234, 16.221869440897233 ], [ -90.362892515438318, 16.221988057581274 ], [ -90.362796019567327, 16.222117184617339 ], [ -90.362788692919921, 16.222127671649559 ], [ -90.362617453853744, 16.222372774330417 ], [ -90.362600554950149, 16.222396960980809 ], [ -90.362550215755078, 16.22246926536835 ], [ -90.362503353524133, 16.222536574667544 ], [ -90.362483375518835, 16.222565269471964 ], [ -90.362468374686941, 16.222586815418339 ], [ -90.362356181582172, 16.222747961427029 ], [ -90.362152089448884, 16.223041104060123 ], [ -90.362108181429846, 16.223104170755658 ], [ -90.362077699603816, 16.223147376162661 ] ], [ [ -90.360760011228194, 16.225056823369243 ], [ -90.360987773382249, 16.225179514266383 ], [ -90.361225944734414, 16.224985213662439 ], [ -90.361216619969724, 16.224677372613719 ], [ -90.361094362533251, 16.224581900552153 ], [ -90.360760011228194, 16.225056823369243 ] ] ] ] } },
{ "type": "Feature", "properties": { "OBJECTID": 40, "Id": 0, "Shape_Leng": 2764.7394647400001, "Shape_Area": 339986.25270800001 }, "geometry": { "type": "MultiPolygon", "coordinates": [ [ [ [ -90.434643951748129, 16.253885374164362 ], [ -90.434643507164111, 16.253837693839809 ], [ -90.435577140719047, 16.253842053328107 ], [ -90.436081452938851, 16.253832835949879 ], [ -90.436097225383293, 16.253829657387751 ], [ -90.436100737665996, 16.25345665787745 ], [ -90.436234088077484, 16.253450735422369 ], [ -90.436427453131245, 16.253442147399166 ], [ -90.437493052950657, 16.253509752451375 ], [ -90.438406445331765, 16.25360612233332 ], [ -90.43885942400054, 16.253645340907955 ], [ -90.439178729900277, 16.253655937203135 ], [ -90.439524022729501, 16.253666517839061 ], [ -90.43978763646291, 16.253680727131599 ], [ -90.440363139549987, 16.253723465184109 ], [ -90.440868078963788, 16.253730373722071 ], [ -90.440975803914682, 16.253827153339213 ], [ -90.441321098085098, 16.253837731048389 ], [ -90.443058693187197, 16.253869088327367 ], [ -90.443021636836036, 16.253994635998804 ], [ -90.442891922876015, 16.254399981685328 ], [ -90.442854860071492, 16.254514769122018 ], [ -90.442832626676747, 16.254590098061101 ], [ -90.442825258323893, 16.254690525179441 ], [ -90.442799314901947, 16.254769441351261 ], [ -90.442754814082974, 16.254862714499509 ], [ -90.442762291194015, 16.254952374580416 ], [ -90.442727694819069, 16.25505030426039 ], [ -90.442622741029965, 16.255474764476229 ], [ -90.442351187745956, 16.256627639597994 ], [ -90.442357981366968, 16.256930249210157 ], [ -90.442311603241166, 16.256987059090918 ], [ -90.442302344727736, 16.257028906088433 ], [ -90.442262160959729, 16.257097669097565 ], [ -90.442237460164904, 16.257187346617709 ], [ -90.442160351706335, 16.257611792410234 ], [ -90.442018358837487, 16.258197664883639 ], [ -90.441903808268364, 16.258619111296618 ], [ -90.441769008984863, 16.259234628692084 ], [ -90.441734903968936, 16.259327896305187 ], [ -90.441723150472981, 16.259554570227966 ], [ -90.441674174937532, 16.259614849072399 ], [ -90.441631393360481, 16.260122722839604 ], [ -90.441613253727169, 16.260152680069542 ], [ -90.441584673005323, 16.260131172596402 ], [ -90.441520017394438, 16.260142866689964 ], [ -90.441196144743785, 16.259950800041036 ], [ -90.441197583825726, 16.259869026602534 ], [ -90.441122429769052, 16.259824602879231 ], [ -90.441073755621417, 16.25979583193217 ], [ -90.440775660105416, 16.259619626931947 ], [ -90.440692466850166, 16.259575197192657 ], [ -90.44071471316596, 16.259520670353151 ], [ -90.440332899726855, 16.259289898273277 ], [ -90.440166496650676, 16.259170912582732 ], [ -90.440163478499798, 16.259086272721014 ], [ -90.439922800179417, 16.258934329987422 ], [ -90.439731125398652, 16.258770884221068 ], [ -90.439722186256077, 16.258720677088704 ], [ -90.439505273201036, 16.258574460125686 ], [ -90.439487414893861, 16.258507042262472 ], [ -90.439312116120107, 16.258413884143344 ], [ -90.439214031497826, 16.258296296514914 ], [ -90.439040160921536, 16.258099845249419 ], [ -90.438979176689983, 16.257932028339493 ], [ -90.43890043299858, 16.257874683327522 ], [ -90.438686481143094, 16.257706945987188 ], [ -90.438548322539248, 16.257633851434246 ], [ -90.438441330740673, 16.257520572166381 ], [ -90.438233247816527, 16.257222280262347 ], [ -90.43794047569402, 16.256853736938321 ], [ -90.437895888403489, 16.256793505653626 ], [ -90.437876554070954, 16.256744738818181 ], [ -90.437877534440148, 16.256727549006715 ], [ -90.437854018710368, 16.256687398136471 ], [ -90.437845924098326, 16.256692003697761 ], [ -90.437837170912147, 16.256695184211953 ], [ -90.437828007866969, 16.256696849307144 ], [ -90.437818695323784, 16.256696951670925 ], [ -90.43780949789145, 16.256695488394698 ], [ -90.437800676908026, 16.256692501056357 ], [ -90.437792483015087, 16.256688074538847 ], [ -90.437785149035861, 16.256682334618315 ], [ -90.43777888335984, 16.25667544439025 ], [ -90.437773864021437, 16.256667599635257 ], [ -90.437770233641359, 16.256659023256105 ], [ -90.437768095374096, 16.256649958944109 ], [ -90.437767509976894, 16.256640664254817 ], [ -90.437768494083372, 16.256631403289788 ], [ -90.437771019730903, 16.256622439192316 ], [ -90.437775015155097, 16.256614026670437 ], [ -90.437782699903835, 16.256601822592003 ], [ -90.437773069239086, 16.256592340308558 ], [ -90.437638171659444, 16.25653989249221 ], [ -90.437543207323799, 16.25650297165194 ], [ -90.437485635224363, 16.256480588292707 ], [ -90.437457938274036, 16.256457639801049 ], [ -90.437117900238718, 16.256175920336744 ], [ -90.436720435982394, 16.25581746900323 ], [ -90.43653840784377, 16.255631062091343 ], [ -90.436356397728233, 16.255476933803376 ], [ -90.436348959577842, 16.255455418410037 ], [ -90.435873509259622, 16.255061139188886 ], [ -90.435516960308419, 16.254831780529589 ], [ -90.435104681391891, 16.254534304507427 ], [ -90.43477425970292, 16.254563160231566 ], [ -90.434774270381936, 16.254584679722083 ], [ -90.434659173949612, 16.254584737358442 ], [ -90.43465747346221, 16.254506649720003 ], [ -90.434656325077583, 16.254453854359976 ], [ -90.434643951748129, 16.253885374164362 ] ] ] ] } },
{ "type": "Feature", "properties": { "OBJECTID": 42, "Id": 0, "Shape_Leng": 1121.05100595, "Shape_Area": 24521.974610199999 }, "geometry": { "type": "MultiPolygon", "coordinates": [ [ [ [ -90.371248259983261, 16.240767710918121 ], [ -90.372273980550673, 16.242187815180021 ], [ -90.372349140690915, 16.242144773578158 ], [ -90.371847015038867, 16.241449588293854 ], [ -90.371955158255105, 16.241263736845227 ], [ -90.372234932566542, 16.241103522239204 ], [ -90.372233467361085, 16.240980438493214 ], [ -90.37241794022313, 16.241080615280936 ], [ -90.372770147083102, 16.24087892030003 ], [ -90.372963429865649, 16.240876772964256 ], [ -90.372968585756013, 16.241309937753591 ], [ -90.373042956129964, 16.241431138171535 ], [ -90.373045726761362, 16.241663973036204 ], [ -90.373532111118195, 16.241385437757632 ], [ -90.373916511941559, 16.241900711564842 ], [ -90.373939066793838, 16.241930945704119 ], [ -90.373940056737624, 16.24193228758832 ], [ -90.372954416182509, 16.242605511488197 ], [ -90.372751496610206, 16.242768138490352 ], [ -90.372696309513515, 16.242835973652554 ], [ -90.372318112386438, 16.242297174520473 ], [ -90.371711718632582, 16.241458063120728 ], [ -90.3712715037816, 16.240802334796861 ], [ -90.371248259983261, 16.240767710918121 ] ] ] ] } },
{ "type": "Feature", "properties": { "OBJECTID": 44, "Id": 0, "Shape_Leng": 2017.9019768000001, "Shape_Area": 180424.606111 }, "geometry": { "type": "MultiPolygon", "coordinates": [ [ [ [ -90.616121492449849, 16.071909414969532 ], [ -90.616120548254997, 16.070282215591504 ], [ -90.616225120458452, 16.070343098409083 ], [ -90.616476110958956, 16.070485580931248 ], [ -90.616718346521708, 16.070621621650488 ], [ -90.616995517453503, 16.07078629875032 ], [ -90.617248931061908, 16.070930297502052 ], [ -90.617505606216639, 16.071072161066667 ], [ -90.617767408532458, 16.07122101731899 ], [ -90.618041014490487, 16.071380242967173 ], [ -90.618173330139626, 16.07143532305339 ], [ -90.61833029785906, 16.071445323333947 ], [ -90.618584054263408, 16.071454908359485 ], [ -90.618785849427468, 16.071455691284733 ], [ -90.619044714277621, 16.071456993638268 ], [ -90.619226207939917, 16.071461628812003 ], [ -90.619420664903657, 16.071462333879211 ], [ -90.61960466054876, 16.071461471911771 ], [ -90.619761990164818, 16.071466861290943 ], [ -90.619968441537068, 16.071469158968512 ], [ -90.620137623048095, 16.071472299873978 ], [ -90.620330125820743, 16.071472218859874 ], [ -90.620571324209664, 16.071492562626744 ], [ -90.621711618655382, 16.073442130081435 ], [ -90.621758100780582, 16.073618472371795 ], [ -90.621910884515955, 16.073837471997443 ], [ -90.614938343088753, 16.073820411312582 ], [ -90.614918931822658, 16.073643059640016 ], [ -90.614922351376222, 16.072705609834866 ], [ -90.614949977658725, 16.072575500767179 ], [ -90.615027100504292, 16.072497019379838 ], [ -90.616121492449849, 16.071909414969532 ] ] ] ] } },
{ "type": "Feature", "properties": { "OBJECTID": 45, "Id": 0, "Shape_Leng": 5492.0744875500004, "Shape_Area": 1828851.447 }, "geometry": { "type": "MultiPolygon", "coordinates": [ [ [ [ -90.235207322251895, 15.938748505965929 ], [ -90.237097499923493, 15.928549545997283 ], [ -90.239236275583622, 15.928850889210908 ], [ -90.239358252325459, 15.928867401853937 ], [ -90.241430856653466, 15.929135160916593 ], [ -90.250123000446521, 15.930317911094912 ], [ -90.250216488269984, 15.930331117172566 ], [ -90.25201421594231, 15.930587023581198 ], [ -90.250042851627612, 15.940632753723886 ], [ -90.249281160095876, 15.940533247632711 ], [ -90.249240397014688, 15.940528001239239 ], [ -90.240723299410462, 15.939448084187015 ], [ -90.238285739207825, 15.939138952368493 ], [ -90.238248765016181, 15.939134263470976 ], [ -90.235207322251895, 15.938748505965929 ] ] ] ] } },
{ "type": "Feature", "properties": { "OBJECTID": 46, "Id": 0, "Shape_Leng": 3851.80408842, "Shape_Area": 909511.15630399995 }, "geometry": { "type": "MultiPolygon", "coordinates": [ [ [ [ -90.25478378126563, 15.951531584227588 ], [ -90.254584536349796, 15.951487751707687 ], [ -90.254397484338895, 15.951498282748002 ], [ -90.248774495207684, 15.950789400592706 ], [ -90.249544711218149, 15.944080081460736 ], [ -90.249996034502033, 15.940956751514582 ], [ -90.250055399755155, 15.940768403008745 ], [ -90.250146969409627, 15.940674046034015 ], [ -90.250233387645594, 15.940657649843576 ], [ -90.251518549218019, 15.940846621089376 ], [ -90.25243416128184, 15.940972029832317 ], [ -90.25290944156545, 15.941028734437266 ], [ -90.252987249624056, 15.941017466612713 ], [ -90.257439797614566, 15.941599154310975 ], [ -90.25624118682326, 15.951706561476934 ], [ -90.256178933610485, 15.951694590859438 ], [ -90.255599358954271, 15.95163653934658 ], [ -90.255169328657502, 15.951579852042919 ], [ -90.25478378126563, 15.951531584227588 ] ] ] ] } },
{ "type": "Feature", "properties": { "OBJECTID": 47, "Id": 0, "Shape_Leng": 8360.83595006, "Shape_Area": 293930.98583600001 }, "geometry": { "type": "MultiPolygon", "coordinates": [ [ [ [ -90.390147367182934, 16.239830017557729 ], [ -90.389994360004167, 16.239742577717664 ], [ -90.389878319401618, 16.239805715703131 ], [ -90.389879734481084, 16.239677071269519 ], [ -90.389419523442285, 16.239414069628474 ], [ -90.389421421765206, 16.239241548596219 ], [ -90.3906248582486, 16.238468357402351 ], [ -90.390697845763469, 16.238632835847675 ], [ -90.390798366445935, 16.238882563153837 ], [ -90.390905153316865, 16.23915207866192 ], [ -90.390958784208365, 16.239290761435736 ], [ -90.390961432083571, 16.239297253263235 ], [ -90.390959494701434, 16.239473480034672 ], [ -90.390843454561633, 16.239536618552684 ], [ -90.390766950445325, 16.239492898443917 ], [ -90.390573199412032, 16.239598319925346 ], [ -90.390571784784171, 16.2397269643673 ], [ -90.390457159076945, 16.239661458230035 ], [ -90.390147367182934, 16.239830017557729 ] ] ], [ [ [ -90.388841418598361, 16.239525945540894 ], [ -90.388998151801616, 16.239432750576636 ], [ -90.389342303203065, 16.239629426765564 ], [ -90.389337108705575, 16.240101509836038 ], [ -90.388048045225261, 16.240802879031904 ], [ -90.386838909299527, 16.240790452109152 ], [ -90.386880396322297, 16.240751146421545 ], [ -90.387131190462711, 16.240593655130631 ], [ -90.387238527531863, 16.240527436462646 ], [ -90.387396011311765, 16.240425035695733 ], [ -90.387586501807277, 16.240307525666253 ], [ -90.387786631653995, 16.240186382613434 ], [ -90.38795064195115, 16.240076672827076 ], [ -90.388266437555814, 16.239913673976666 ], [ -90.388737298563328, 16.239593218788585 ], [ -90.388841418598361, 16.239525945540894 ] ] ], [ [ [ -90.387345219589335, 16.24168463241643 ], [ -90.387202425627351, 16.241603026663594 ], [ -90.387124976255265, 16.241645165785005 ], [ -90.386895464998418, 16.241514002282106 ], [ -90.386818015597214, 16.241556140387722 ], [ -90.386358994005903, 16.241293812471071 ], [ -90.386281544577784, 16.241335951285301 ], [ -90.3862422334646, 16.241313484276198 ], [ -90.386243090248172, 16.241235741974148 ], [ -90.38686002253641, 16.24086298014657 ], [ -90.388067301764167, 16.240875388798486 ], [ -90.389411492427683, 16.240144024535027 ], [ -90.389416686752583, 16.239671936040487 ], [ -90.389800134320339, 16.239891067961072 ], [ -90.389796830044361, 16.240191437138961 ], [ -90.389719381772764, 16.240233577220401 ], [ -90.389717492561346, 16.240405296540505 ], [ -90.389562595784398, 16.240489575709979 ], [ -90.389561650641454, 16.240575435366932 ], [ -90.389406753665284, 16.240659714419998 ], [ -90.389404864175603, 16.240831434632575 ], [ -90.389249966932326, 16.240915713567439 ], [ -90.389248077303236, 16.241087432869769 ], [ -90.388977139000744, 16.241234849163806 ], [ -90.3889006346472, 16.241191128387246 ], [ -90.388861778733656, 16.241212269598453 ], [ -90.388860833281171, 16.241298129244534 ], [ -90.388783384377902, 16.241340268975815 ], [ -90.388781494337465, 16.241511988264591 ], [ -90.388665452311216, 16.241575125567049 ], [ -90.38858894883181, 16.241531404679556 ], [ -90.388511499779682, 16.241573544309684 ], [ -90.388434995399692, 16.241529823366353 ], [ -90.388357546316271, 16.241571962036218 ], [ -90.388281042906371, 16.2415282419419 ], [ -90.387971246247474, 16.241696798031381 ], [ -90.38789474194067, 16.24165307689411 ], [ -90.387817292695146, 16.241695215365144 ], [ -90.387740788422818, 16.241651495076361 ], [ -90.387585889834824, 16.241735772780778 ], [ -90.387499172192264, 16.241686214521007 ], [ -90.387345219589335, 16.24168463241643 ] ] ], [ [ [ -90.386228195963525, 16.242587432459807 ], [ -90.386240338248314, 16.24148549004407 ], [ -90.386738671375028, 16.241770285138962 ], [ -90.386893570346757, 16.241686008056156 ], [ -90.387046577637321, 16.241773450118323 ], [ -90.387124027075785, 16.241731311930319 ], [ -90.387430043003391, 16.241906196517121 ], [ -90.387497151789276, 16.241869683616986 ], [ -90.387671659514893, 16.241871476249909 ], [ -90.387814452929845, 16.241953081686642 ], [ -90.387969351592332, 16.241868803817461 ], [ -90.388045855999394, 16.241912524023736 ], [ -90.388190414865008, 16.241833872350259 ], [ -90.388470240380272, 16.241836747495665 ], [ -90.388472429467569, 16.241637904180642 ], [ -90.388663559196871, 16.241747131365571 ], [ -90.388934763288702, 16.241599571913504 ], [ -90.388935707775843, 16.241513712268834 ], [ -90.389013156714654, 16.241471573386665 ], [ -90.389014102102408, 16.241385713740893 ], [ -90.389478794843427, 16.241132877129164 ], [ -90.389479739090987, 16.241047017476838 ], [ -90.389634636340645, 16.240962738375199 ], [ -90.389635581455394, 16.24087687781703 ], [ -90.389713029996784, 16.240834738674259 ], [ -90.389713974140449, 16.240748879017822 ], [ -90.389791422615573, 16.240706738941661 ], [ -90.38979425680958, 16.240449159966467 ], [ -90.389871705150085, 16.240407019858953 ], [ -90.389873594227751, 16.240235300536682 ], [ -90.390105938847654, 16.240108881844584 ], [ -90.390106882815843, 16.240023021275622 ], [ -90.390300371531779, 16.239917743802849 ], [ -90.390376875707517, 16.239961464078533 ], [ -90.390531771726828, 16.239877184305445 ], [ -90.390608275003018, 16.239920904497563 ], [ -90.390840618789056, 16.239794484087835 ], [ -90.390993626385153, 16.239881924223283 ], [ -90.391071075186005, 16.239839783673087 ], [ -90.391213738551826, 16.239921311750717 ], [ -90.391259038258056, 16.240039885179097 ], [ -90.391346399552134, 16.240263761992885 ], [ -90.39141227841408, 16.24042204884978 ], [ -90.391481844648155, 16.240610871048901 ], [ -90.391540556052803, 16.240730073114886 ], [ -90.391581347496739, 16.240841841872101 ], [ -90.391630457897023, 16.240961161924535 ], [ -90.391665137007536, 16.241044223433065 ], [ -90.391800893409723, 16.241402326717608 ], [ -90.391849273344363, 16.241526845221397 ], [ -90.391927428145067, 16.241720961806507 ], [ -90.392002034651384, 16.241895708196488 ], [ -90.392067750122195, 16.242060464424448 ], [ -90.391926455531134, 16.242107401101283 ], [ -90.391790099031809, 16.242152512641894 ], [ -90.390208747188098, 16.241248824725709 ], [ -90.38772028679405, 16.242602770554925 ], [ -90.386228195963525, 16.242587432459807 ] ] ], [ [ [ -90.390546162058854, 16.242563501225916 ], [ -90.390426521912318, 16.242604190800062 ], [ -90.390260593888357, 16.242659794093754 ], [ -90.390546162058854, 16.242563501225916 ] ] ], [ [ [ -90.390260593888357, 16.242659794093754 ], [ -90.390102488864159, 16.24271277566077 ], [ -90.389861990401045, 16.24279512794239 ], [ -90.389655382653984, 16.242878152871683 ], [ -90.389432102750703, 16.242970379922117 ], [ -90.389273037714986, 16.243031033953837 ], [ -90.38908588136924, 16.243092817432299 ], [ -90.388835884035643, 16.243191350414484 ], [ -90.388686465806956, 16.243238445157921 ], [ -90.388349015648615, 16.243351092068782 ], [ -90.388187607130803, 16.243405285217655 ], [ -90.388011775823614, 16.243465032846778 ], [ -90.387913071378804, 16.243496223670657 ], [ -90.387914687993302, 16.24334941768139 ], [ -90.387992137868608, 16.243307278281417 ], [ -90.387993083713397, 16.243221418657857 ], [ -90.388070533521429, 16.243179280132175 ], [ -90.388071949814133, 16.243050636662776 ], [ -90.388263080679252, 16.243159864201303 ], [ -90.388611736621385, 16.242970166569556 ], [ -90.388612681259673, 16.24288430603448 ], [ -90.388690130804846, 16.242842167279495 ], [ -90.388691075407635, 16.242756307646665 ], [ -90.38876852488653, 16.242714167958287 ], [ -90.388769470389917, 16.242628308324335 ], [ -90.388962962365568, 16.242523032117806 ], [ -90.389039466310393, 16.242566752869191 ], [ -90.389194364939229, 16.24248247410976 ], [ -90.389270869856205, 16.242526193874671 ], [ -90.389503217555998, 16.242399775889197 ], [ -90.389579722509595, 16.242443496447084 ], [ -90.38965717167855, 16.24240135643095 ], [ -90.389733675731534, 16.242445076933024 ], [ -90.3898111248687, 16.242402936860469 ], [ -90.390260593888357, 16.242659794093754 ] ] ], [ [ [ -90.390546162058854, 16.242563501225916 ], [ -90.389966970990898, 16.242232511372244 ], [ -90.389889521953478, 16.242274651503013 ], [ -90.389583504196693, 16.242099770455045 ], [ -90.389544647240641, 16.242120911788412 ], [ -90.389543703012535, 16.242206772336349 ], [ -90.389427660818313, 16.24226990914693 ], [ -90.389351155965031, 16.242226189437915 ], [ -90.38919625760353, 16.242310468315587 ], [ -90.389119753722397, 16.242266747620114 ], [ -90.389080897620047, 16.242287888868148 ], [ -90.389079481056356, 16.242416532357165 ], [ -90.388964855231606, 16.242351026327611 ], [ -90.388616200718914, 16.242540724559948 ], [ -90.38861431051501, 16.242712443826846 ], [ -90.388188470229352, 16.242944137402461 ], [ -90.388111965393662, 16.242900416345357 ], [ -90.387976361264123, 16.242974196475984 ], [ -90.387840759841694, 16.243047974712546 ], [ -90.387835553758521, 16.2435207191769 ], [ -90.387825277090485, 16.24352396665439 ], [ -90.387700244130031, 16.243575812422399 ], [ -90.387536076690225, 16.243629054580602 ], [ -90.387356165379103, 16.243684512593372 ], [ -90.387187127650392, 16.24373987320077 ], [ -90.386986458706247, 16.243808522218256 ], [ -90.386838371525485, 16.243859515519119 ], [ -90.386662051949301, 16.243919284357069 ], [ -90.386462341537452, 16.243983224390416 ], [ -90.386309188067102, 16.244033704841495 ], [ -90.386128170877939, 16.244094418839978 ], [ -90.385914996511374, 16.244166806529613 ], [ -90.385721797396286, 16.244232466657124 ], [ -90.385560482549195, 16.244284001463289 ], [ -90.385333427134995, 16.244361108145331 ], [ -90.385172348863534, 16.244415745658728 ], [ -90.385046775219294, 16.244457216206904 ], [ -90.384888035778545, 16.244511922558782 ], [ -90.384791983814893, 16.2445429497661 ], [ -90.384669854653637, 16.24458008173049 ], [ -90.384530791693066, 16.244625444694613 ], [ -90.384318723049716, 16.244700960458619 ], [ -90.384139490829881, 16.244758311444375 ], [ -90.383971057681336, 16.244813489938071 ], [ -90.383981503330446, 16.243866454952357 ], [ -90.386200003226207, 16.242659453247391 ], [ -90.387739543383375, 16.242675280339313 ], [ -90.390207828897474, 16.241332310914814 ], [ -90.391696990927372, 16.242183316731818 ], [ -90.391679293656054, 16.242189171796564 ], [ -90.391412263452224, 16.242277246244299 ], [ -90.391131066113317, 16.242370480325121 ], [ -90.390849089483993, 16.242463118903874 ], [ -90.390600558815009, 16.242545000609276 ], [ -90.390546162058854, 16.242563501225916 ] ] ], [ [ [ -90.382472488297026, 16.24330655567648 ], [ -90.382641318926517, 16.243199674515981 ], [ -90.382822578804394, 16.243099229993089 ], [ -90.382936182572948, 16.24303768893785 ], [ -90.383119562004509, 16.242937627651493 ], [ -90.383227434907297, 16.242873106939768 ], [ -90.383349957852857, 16.242806242445177 ], [ -90.383381188079866, 16.242789102062019 ], [ -90.383799352861828, 16.243028087741102 ], [ -90.383993111767282, 16.242922672527335 ], [ -90.383995005984289, 16.24275095333056 ], [ -90.384072324487178, 16.24270888759872 ], [ -90.384075724452728, 16.242400664329139 ], [ -90.384182601733329, 16.242340154718597 ], [ -90.384321289065255, 16.242264137178438 ], [ -90.384511443391887, 16.242159679387242 ], [ -90.38467610114941, 16.242067071340603 ], [ -90.384807874822016, 16.241996115731876 ], [ -90.384980350170267, 16.241897061901895 ], [ -90.385256366171802, 16.241733341922224 ], [ -90.38538245851727, 16.241657456054224 ], [ -90.385488569988738, 16.241598031776338 ], [ -90.385604393583407, 16.241529316706007 ], [ -90.385734452592047, 16.241453435477048 ], [ -90.38593184245201, 16.241332365031646 ], [ -90.386027384409019, 16.241277387102848 ], [ -90.386165710709435, 16.241356440614904 ], [ -90.386164764086246, 16.241442300240454 ], [ -90.386165954709028, 16.241442980566099 ], [ -90.386153183233191, 16.242601941284175 ], [ -90.383982424266677, 16.243782968826832 ], [ -90.383988371771807, 16.24324383439464 ], [ -90.383913519672291, 16.243243793427197 ], [ -90.383895929310967, 16.244838400164266 ], [ -90.383710106199686, 16.244904036274502 ], [ -90.383537109678869, 16.244961053036363 ], [ -90.383370223286548, 16.245015339811115 ], [ -90.383180923938156, 16.245081137136779 ], [ -90.382975745549984, 16.245151136509591 ], [ -90.382850305440968, 16.24519306858722 ], [ -90.382819363218275, 16.245203448336422 ], [ -90.382695102999463, 16.245245133322133 ], [ -90.38246995223804, 16.245318966981483 ], [ -90.382405266356216, 16.245341509889833 ], [ -90.38219704974162, 16.2452225124831 ], [ -90.382197997180128, 16.245136652916603 ], [ -90.382121493774221, 16.245092929710577 ], [ -90.382122441244505, 16.245007070143586 ], [ -90.382045936969774, 16.244963346909685 ], [ -90.382046885407448, 16.244877487342713 ], [ -90.381970381199494, 16.244833764081452 ], [ -90.381975593474365, 16.244361676092225 ], [ -90.382053044997221, 16.244319538876432 ], [ -90.382055889346915, 16.244061960157026 ], [ -90.382130214789782, 16.244021524003095 ], [ -90.381874294141056, 16.243582602509981 ], [ -90.381880701057511, 16.243579661374575 ], [ -90.382047865005035, 16.243502573885401 ], [ -90.382258616557181, 16.243403906931654 ], [ -90.382472488297026, 16.24330655567648 ] ] ] ] } }
]
}
